,accuracy,auc,false_negatives,false_positives,loss,precision,recall,true_negatives,true_positives,val_accuracy,val_auc,val_false_negatives,val_false_positives,val_loss,val_precision,val_recall,val_true_negatives,val_true_positives
0,0.9213636517524719,0.9731041789054871,173.0,173.0,0.20956198611042717,0.9213636517524719,0.9213636517524719,2027.0,2027.0,0.7976519465446472,0.863258421421051,696.0,1355.0,0.5236326516286162,0.6149474382400513,0.7566433548927307,5921.0,2164.0
1,0.9486363530158997,0.9886584877967834,99.0,127.0,0.14847079396247864,0.9429982304573059,0.9549999833106995,2073.0,2101.0,0.8276440501213074,0.8885419368743896,710.0,1037.0,0.4205437874408246,0.6746156215667725,0.751748263835907,6239.0,2150.0
2,0.9622727036476135,0.9932607412338257,68.0,98.0,0.12359712298620831,0.9560537934303284,0.9690909385681152,2102.0,2132.0,0.8121547102928162,0.8753892779350281,754.0,1150.0,0.4807816293640408,0.6468058824539185,0.7363636493682861,6126.0,2106.0
3,0.9693182110786438,0.9956677556037903,64.0,71.0,0.10874469491568478,0.9678296446800232,0.9709091186523438,2129.0,2136.0,0.814226508140564,0.8654646277427673,1047.0,836.0,0.45590723395912125,0.6844092011451721,0.6339160799980164,6440.0,1813.0
4,0.9797727465629578,0.9975771307945251,35.0,54.0,0.08977187278595837,0.9756647348403931,0.9840909242630005,2146.0,2165.0,0.8100828528404236,0.8535534739494324,968.0,957.0,0.49418449225440775,0.6640926599502563,0.6615384817123413,6319.0,1892.0
5,0.9802272915840149,0.9984588027000427,36.0,51.0,0.083217481571165,0.97697514295578,0.9836363792419434,2149.0,2164.0,0.8277426958084106,0.8792107105255127,866.0,880.0,0.45159811924646104,0.693806529045105,0.6972028017044067,6396.0,1994.0
6,0.9879545569419861,0.9991064667701721,16.0,37.0,0.0716811961341988,0.983340859413147,0.9927272796630859,2163.0,2184.0,0.8279399871826172,0.8842538595199585,837.0,907.0,0.44475902448795684,0.6904436945915222,0.7073426842689514,6369.0,2023.0
