,accuracy,auc,false_negatives,false_positives,loss,precision,recall,true_negatives,true_positives,val_accuracy,val_auc,val_false_negatives,val_false_positives,val_loss,val_precision,val_recall,val_true_negatives,val_true_positives
0,0.8902083039283752,0.9495328664779663,267.0,260.0,0.288647871663173,0.8913497924804688,0.8887500166893005,2140.0,2133.0,0.8675951957702637,0.8621204495429993,290.0,461.0,0.34890731265413744,0.5348133444786072,0.6463414430618286,4391.0,530.0
1,0.9168750047683716,0.9730900526046753,198.0,201.0,0.21453563883900642,0.9163545370101929,0.9175000190734863,2199.0,2202.0,0.880641758441925,0.872565746307373,312.0,365.0,0.3198838589978319,0.581901490688324,0.6195122003555298,4487.0,508.0
2,0.9399999976158142,0.9846640825271606,142.0,146.0,0.170488427678744,0.9392678737640381,0.940833330154419,2254.0,2258.0,0.8584273457527161,0.8572573065757751,296.0,507.0,0.3568076773826427,0.5082443952560425,0.6390243768692017,4345.0,524.0
3,0.9504166841506958,0.9887123703956604,120.0,118.0,0.15344059425095716,0.9507923126220703,0.949999988079071,2282.0,2280.0,0.8478490710258484,0.8778547048568726,213.0,650.0,0.37751848827548357,0.48289579153060913,0.7402439117431641,4202.0,607.0
4,0.9622916579246521,0.9929875135421753,104.0,77.0,0.12872842801113923,0.9675516486167908,0.9566666483879089,2323.0,2296.0,0.8598377704620361,0.8544336557388306,320.0,475.0,0.3669985134065235,0.5128205418586731,0.6097561120986938,4377.0,500.0
5,0.9666666388511658,0.994575560092926,81.0,79.0,0.1194955158730348,0.9670558571815491,0.9662500023841858,2321.0,2319.0,0.8534908294677734,0.8524317741394043,306.0,525.0,0.3686217224312098,0.4947064518928528,0.6268292665481567,4327.0,514.0
6,0.9706249833106995,0.9960582852363586,68.0,73.0,0.10840771123766899,0.9696465730667114,0.971666693687439,2327.0,2332.0,0.8704161047935486,0.8751724362373352,276.0,459.0,0.3400538413665863,0.5423728823661804,0.6634146571159363,4393.0,544.0
