,accuracy,auc,false_negatives,false_positives,loss,precision,recall,true_negatives,true_positives,val_accuracy,val_auc,val_false_negatives,val_false_positives,val_loss,val_precision,val_recall,val_true_negatives,val_true_positives
0,0.8620454668998718,0.9332125782966614,296.0,311.0,0.331318190314553,0.8595936894416809,0.8654545545578003,1889.0,1904.0,0.7559776306152344,0.7882006764411926,671.0,1860.0,0.5685813772232432,0.3368983864784241,0.5847772359848022,6896.0,945.0
1,0.9068182110786438,0.9673229455947876,176.0,234.0,0.24442615259777417,0.8963684439659119,0.9200000166893005,1966.0,2024.0,0.820671021938324,0.7667865753173828,872.0,988.0,0.46862057069186486,0.42956119775772095,0.46039605140686035,7768.0,744.0
2,0.928636372089386,0.9794943928718567,140.0,174.0,0.2033103270693259,0.9221128225326538,0.9363636374473572,2026.0,2060.0,0.7987852096557617,0.7814632058143616,793.0,1294.0,0.4804752730364695,0.3887576758861542,0.5092821717262268,7462.0,823.0
3,0.9343181848526001,0.9834756255149841,119.0,170.0,0.18433283220637928,0.9244779944419861,0.9459090828895569,2030.0,2081.0,0.7102776765823364,0.7625313401222229,609.0,2396.0,0.6899001522961612,0.2959153652191162,0.6231435537338257,6360.0,1007.0
4,0.9418181777000427,0.9850515127182007,115.0,141.0,0.17532944283702157,0.9366576671600342,0.9477272629737854,2059.0,2085.0,0.7688970565795898,0.7672512531280518,779.0,1618.0,0.5450812824619262,0.3409368693828583,0.5179455280303955,7138.0,837.0
5,0.9511363506317139,0.9896717667579651,88.0,127.0,0.1533620497855273,0.9432782530784607,0.9599999785423279,2073.0,2112.0,0.7565560936927795,0.7985687255859375,628.0,1897.0,0.5998498192060605,0.3424610197544098,0.6113861203193665,6859.0,988.0
6,0.9524999856948853,0.99137943983078,75.0,134.0,0.14370770411057907,0.9406816959381104,0.9659090638160706,2066.0,2125.0,0.77834552526474,0.7812946438789368,870.0,1429.0,0.5374956199022227,0.3429884910583496,0.4616336524486542,7327.0,746.0
