,accuracy,auc,false_negatives,false_positives,loss,precision,recall,true_negatives,true_positives,val_accuracy,val_auc,val_false_negatives,val_false_positives,val_loss,val_precision,val_recall,val_true_negatives,val_true_positives
0,0.8538636565208435,0.9306434392929077,279.0,364.0,0.3380349904298782,0.8407002091407776,0.8731818199157715,1836.0,1921.0,0.7727535963058472,0.712904155254364,985.0,1372.0,0.5177851084158589,0.3150274455547333,0.3904702961444855,7384.0,631.0
1,0.9175000190734863,0.974434494972229,146.0,217.0,0.22085457227446817,0.9044473767280579,0.9336363673210144,1983.0,2054.0,0.8213459253311157,0.7113259434700012,1034.0,819.0,0.4893467303320932,0.41541755199432373,0.36014851927757263,7937.0,582.0
2,0.9440909028053284,0.9877141118049622,103.0,143.0,0.16958066352389076,0.9361607432365417,0.953181803226471,2057.0,2097.0,0.7598341703414917,0.6988868713378906,993.0,1498.0,0.575907679032599,0.29372936487197876,0.385519802570343,7258.0,623.0
3,0.9590908885002136,0.9919658303260803,72.0,108.0,0.143777021874081,0.951699435710907,0.9672726988792419,2092.0,2128.0,0.7464327216148376,0.7376047968864441,920.0,1710.0,0.6222949422697648,0.2892768085002899,0.4306930601596832,7046.0,696.0
4,0.9629545211791992,0.9941404461860657,75.0,88.0,0.13171470205892216,0.9602349996566772,0.9659090638160706,2112.0,2125.0,0.757905900478363,0.7433441877365112,974.0,1537.0,0.5926123736070658,0.2946305572986603,0.39727723598480225,7219.0,642.0
5,0.9738636612892151,0.9969624876976013,49.0,66.0,0.10954553520137614,0.9702300429344177,0.9777272939682007,2134.0,2151.0,0.7796953320503235,0.6759787201881409,1053.0,1232.0,0.58655862878567,0.3136490285396576,0.3483910858631134,7524.0,563.0
6,0.9786363840103149,0.9980168342590332,39.0,55.0,0.09694446970116008,0.9751805067062378,0.982272744178772,2145.0,2161.0,0.7550135254859924,0.744571328163147,930.0,1611.0,0.5873618749890878,0.2986504137516022,0.42450493574142456,7145.0,686.0
