,accuracy,auc,false_negatives,false_positives,loss,precision,recall,true_negatives,true_positives,val_accuracy,val_auc,val_false_negatives,val_false_positives,val_loss,val_precision,val_recall,val_true_negatives,val_true_positives
0,0.9045833349227905,0.9674646854400635,241.0,217.0,0.23121995374560356,0.9086700081825256,0.8995833396911621,2183.0,2159.0,0.723690390586853,0.359113872051239,1068.0,1274.0,1.1720240005573725,0.02150537632405758,0.025547444820404053,6106.0,28.0
1,0.9616666436195374,0.9933304786682129,89.0,95.0,0.11695378001779318,0.9605153799057007,0.9629166722297668,2305.0,2311.0,0.7048135995864868,0.3302904963493347,1039.0,1463.0,1.1391569300044422,0.03750000149011612,0.05200729891657829,5917.0,57.0
2,0.9829166531562805,0.9985489249229431,32.0,50.0,0.07529553525149822,0.9793217778205872,0.9866666793823242,2350.0,2368.0,0.6885323524475098,0.3214867413043976,1055.0,1585.0,1.2163479916607225,0.025215251371264458,0.03740875795483589,5795.0,41.0
3,0.987291693687439,0.9993056654930115,32.0,29.0,0.06252486897011598,0.9879015684127808,0.9866666793823242,2371.0,2368.0,0.762033998966217,0.3736974895000458,1065.0,952.0,1.10148578637498,0.03153611347079277,0.028284670785069466,6428.0,31.0
4,0.9904166460037231,0.9994753003120422,21.0,25.0,0.054080084847907224,0.989600658416748,0.9912499785423279,2375.0,2379.0,0.6952571868896484,0.36880090832710266,1045.0,1538.0,1.1782162245459689,0.03209565579891205,0.04653284698724747,5842.0,51.0
5,0.9947916865348816,0.9998069405555725,13.0,12.0,0.04455806585649649,0.9949979186058044,0.9945833086967468,2388.0,2387.0,0.6996224522590637,0.3507438898086548,1031.0,1515.0,1.1975210178792899,0.04113924130797386,0.05930656939744949,5865.0,65.0
6,0.997083306312561,0.9999234080314636,7.0,7.0,0.0365354583101968,0.997083306312561,0.997083306312561,2393.0,2393.0,0.7026899456977844,0.3594910800457001,1045.0,1475.0,1.1931450287088463,0.033420708030462265,0.04653284698724747,5905.0,51.0
7,0.9975000023841858,0.9999826550483704,3.0,9.0,0.031522533477594455,0.996259331703186,0.9987499713897705,2391.0,2397.0,0.7170835137367249,0.38238340616226196,1049.0,1349.0,1.1683571049209585,0.03366762027144432,0.04288320988416672,6031.0,47.0
8,0.9981250166893005,0.9999740719795227,3.0,6.0,0.030113323138405878,0.9975031018257141,0.9987499713897705,2394.0,2397.0,0.699386477470398,0.3501858413219452,1018.0,1530.0,1.2075848554090938,0.048507463186979294,0.07116788625717163,5850.0,78.0
