,accuracy,auc,false_negatives,false_positives,loss,precision,recall,true_negatives,true_positives,val_accuracy,val_auc,val_false_negatives,val_false_positives,val_loss,val_precision,val_recall,val_true_negatives,val_true_positives
0,0.8436363339424133,0.9195387959480286,299.0,389.0,0.3618889273296703,0.8301309943199158,0.8640909194946289,1811.0,1901.0,0.7701504230499268,0.8187708854675293,528.0,1856.0,0.5113555328511751,0.3695652186870575,0.6732673048973083,6900.0,1088.0
1,0.9279545545578003,0.9783515930175781,133.0,184.0,0.20406168241392483,0.918258547782898,0.9395454525947571,2016.0,2067.0,0.7630158066749573,0.7686208486557007,937.0,1521.0,0.5133392340972347,0.3086363673210144,0.4201732575893402,7235.0,679.0
2,0.9495454430580139,0.9886112809181213,83.0,139.0,0.15798180024732242,0.9383864998817444,0.9622727036476135,2061.0,2117.0,0.7393945455551147,0.7302014231681824,924.0,1779.0,0.582978310246657,0.28004854917526245,0.4282178282737732,6977.0,692.0
3,0.9713636636734009,0.9958240985870361,43.0,83.0,0.11389258793809197,0.9629464149475098,0.9804545640945435,2117.0,2157.0,0.7429618239402771,0.7294179201126099,946.0,1720.0,0.6104953869907175,0.2803347408771515,0.41460394859313965,7036.0,670.0
4,0.9793182015419006,0.9981274008750916,33.0,58.0,0.08850441176782955,0.9739325642585754,0.9850000143051147,2142.0,2167.0,0.7634978890419006,0.7499624490737915,951.0,1502.0,0.5778506926953724,0.3068758547306061,0.4115099012851715,7254.0,665.0
5,0.9856818318367004,0.9986861348152161,23.0,40.0,0.07569527398456227,0.9819576144218445,0.989545464515686,2160.0,2177.0,0.7587736248970032,0.7293115258216858,986.0,1516.0,0.5997693976333507,0.2935694456100464,0.38985148072242737,7240.0,630.0
