,accuracy,auc,false_negatives,false_positives,loss,precision,recall,true_negatives,true_positives,val_accuracy,val_auc,val_false_negatives,val_false_positives,val_loss,val_precision,val_recall,val_true_negatives,val_true_positives
0,0.8883333206176758,0.9568629264831543,295.0,241.0,0.2676946859061718,0.8972719311714172,0.8770833611488342,2159.0,2105.0,0.9820485711097717,0.0,0.0,68.0,0.08229278941828573,0.0,0.0,3720.0,0.0
1,0.9258333444595337,0.9786847233772278,176.0,180.0,0.19668150534232456,0.9251247644424438,0.9266666769981384,2220.0,2224.0,0.9817845821380615,0.0,0.0,69.0,0.07144954218406234,0.0,0.0,3719.0,0.0
2,0.9318749904632568,0.9834921956062317,159.0,168.0,0.1782955210407575,0.930261492729187,0.9337499737739563,2232.0,2241.0,0.963569164276123,0.0,0.0,138.0,0.12050146294055544,0.0,0.0,3650.0,0.0
3,0.9524999856948853,0.9898275136947632,119.0,109.0,0.14823689023653666,0.9543933272361755,0.9504166841506958,2291.0,2281.0,0.9873284101486206,0.0,0.0,48.0,0.05566682729480637,0.0,0.0,3740.0,0.0
4,0.9587500095367432,0.9918539524078369,99.0,99.0,0.13535975061357022,0.9587500095367432,0.9587500095367432,2301.0,2301.0,0.9738648533821106,0.0,0.0,99.0,0.08902448704889106,0.0,0.0,3689.0,0.0
5,0.9643750190734863,0.9943143129348755,80.0,91.0,0.12202857181429863,0.9622563123703003,0.9666666388511658,2309.0,2320.0,0.974392831325531,0.0,0.0,97.0,0.09188399620456454,0.0,0.0,3691.0,0.0
6,0.9731249809265137,0.9966694712638855,64.0,65.0,0.10516277690728505,0.9729279279708862,0.9733333587646484,2335.0,2336.0,0.975712776184082,0.0,0.0,92.0,0.08226884693033214,0.0,0.0,3696.0,0.0
7,0.972083330154419,0.9964394569396973,69.0,65.0,0.10420366330693165,0.9728714227676392,0.9712499976158142,2335.0,2331.0,0.9762407541275024,0.0,0.0,90.0,0.07298207150844989,0.0,0.0,3698.0,0.0
8,0.9789583086967468,0.9976073503494263,51.0,50.0,0.09477190581460794,0.9791579842567444,0.9787499904632568,2350.0,2349.0,0.9754487872123718,0.0,0.0,93.0,0.07507120123980793,0.0,0.0,3695.0,0.0
