,accuracy,auc,false_negatives,false_positives,loss,precision,recall,true_negatives,true_positives,val_accuracy,val_auc,val_false_negatives,val_false_positives,val_loss,val_precision,val_recall,val_true_negatives,val_true_positives
0,0.8945833444595337,0.9568014144897461,252.0,254.0,0.26598780204852424,0.8942548036575317,0.8949999809265137,2146.0,2148.0,0.7548372149467468,0.29544076323509216,1080.0,998.0,1.0575161750950077,0.01577909290790558,0.014598540030419827,6382.0,16.0
1,0.9364583492279053,0.9836379885673523,146.0,159.0,0.17442300409078598,0.9341069459915161,0.9391666650772095,2241.0,2254.0,0.7557810544967651,0.29853931069374084,1080.0,990.0,1.0494519909804247,0.01590457186102867,0.014598540030419827,6390.0,16.0
2,0.9572916626930237,0.9909775853157043,95.0,110.0,0.1386514466255903,0.954451322555542,0.9604166746139526,2290.0,2305.0,0.7605002522468567,0.29619723558425903,1085.0,945.0,1.0201460973673016,0.011506276205182076,0.010036496445536613,6435.0,11.0
3,0.9620833396911621,0.9943949580192566,77.0,105.0,0.12160879423220952,0.9567545056343079,0.9679166674613953,2295.0,2323.0,0.7487022280693054,0.2776378095149994,1070.0,1060.0,1.0412057869948548,0.02394106797873974,0.023722628131508827,6320.0,26.0
4,0.9691666960716248,0.9960876107215881,70.0,78.0,0.1051159743219614,0.9676079750061035,0.9708333611488342,2322.0,2330.0,0.7599103450775146,0.2876950800418854,1075.0,960.0,1.050377154811591,0.02140672691166401,0.01916058361530304,6420.0,21.0
5,0.9766666889190674,0.9974724650382996,44.0,68.0,0.09334695537885031,0.971947193145752,0.9816666841506958,2332.0,2356.0,0.7426852583885193,0.27699488401412964,1065.0,1116.0,1.096185423704519,0.027027027681469917,0.028284670785069466,6264.0,31.0
6,0.9793750047683716,0.9982342720031738,36.0,63.0,0.08294016651809216,0.9740419983863831,0.9850000143051147,2337.0,2364.0,0.7436290979385376,0.28072410821914673,1068.0,1105.0,1.117649965378517,0.024713151156902313,0.025547444820404053,6275.0,28.0
7,0.9825000166893005,0.9987083077430725,42.0,42.0,0.0764859505246083,0.9825000166893005,0.9825000166893005,2358.0,2358.0,0.7441009879112244,0.28427815437316895,1069.0,1100.0,1.1390108723525676,0.02395740896463394,0.024635037407279015,6280.0,27.0
