,accuracy,auc,false_negatives,false_positives,loss,precision,recall,true_negatives,true_positives,val_accuracy,val_auc,val_false_negatives,val_false_positives,val_loss,val_precision,val_recall,val_true_negatives,val_true_positives
0,0.7568749785423279,0.8337354063987732,369.0,409.0,0.5353573848307133,0.7506097555160522,0.7693750262260437,1191.0,1231.0,0.6930858492851257,0.7317371368408203,1160.0,2329.0,0.6727944618375431,0.37810415029525757,0.5496894121170044,6463.0,1416.0
1,0.8712499737739563,0.945735514163971,178.0,234.0,0.30544389456510546,0.8586956262588501,0.8887500166893005,1366.0,1422.0,0.6392505168914795,0.6683040261268616,1196.0,2905.0,0.8034821052017722,0.3220536708831787,0.5357142686843872,5887.0,1380.0
2,0.9203125238418579,0.974552571773529,93.0,162.0,0.22961737722158432,0.9029358625411987,0.9418749809265137,1438.0,1507.0,0.7105911374092102,0.7173953652381897,1363.0,1927.0,0.6443075643803854,0.38630571961402893,0.47088509798049927,6865.0,1213.0
3,0.9415624737739563,0.9862115383148193,65.0,122.0,0.18527679093182087,0.9263729453086853,0.9593750238418579,1478.0,1535.0,0.7302955389022827,0.7660492062568665,1003.0,2063.0,0.5885437291160089,0.43261826038360596,0.6106366515159607,6729.0,1573.0
4,0.9528124928474426,0.9918317198753357,49.0,102.0,0.1563568788766861,0.938293993473053,0.9693750143051147,1498.0,1551.0,0.7191238403320312,0.7328332662582397,1315.0,1878.0,0.6194470503395666,0.4017202854156494,0.4895186424255371,6914.0,1261.0
5,0.9643750190734863,0.9939307570457458,38.0,76.0,0.13823728196322918,0.9536019563674927,0.9762499928474426,1524.0,1562.0,0.7185080647468567,0.7089277505874634,1573.0,1627.0,0.6566210777133724,0.38136881589889526,0.3893633484840393,7165.0,1003.0
6,0.9696875214576721,0.9958927631378174,37.0,60.0,0.11975011855363846,0.9630314111709595,0.9768750071525574,1540.0,1563.0,0.7157811522483826,0.7075065970420837,1537.0,1694.0,0.67554973121431,0.3801683187484741,0.4033385217189789,7098.0,1039.0
7,0.9815624952316284,0.9982607364654541,16.0,43.0,0.10141620799899101,0.9735710024833679,0.9900000095367432,1557.0,1584.0,0.7063687443733215,0.7004920244216919,1495.0,1843.0,0.6962398820826069,0.36969903111457825,0.4196428656578064,6949.0,1081.0
8,0.9821875095367432,0.9989182353019714,15.0,42.0,0.08948156479746103,0.9741856455802917,0.9906250238418579,1558.0,1585.0,0.7210590839385986,0.7324092984199524,1285.0,1886.0,0.6540465645392456,0.4063582122325897,0.5011646151542664,6906.0,1291.0
