,accuracy,auc,false_negatives,false_positives,loss,precision,recall,true_negatives,true_positives,val_accuracy,val_auc,val_false_negatives,val_false_positives,val_loss,val_precision,val_recall,val_true_negatives,val_true_positives
0,0.8962500095367432,0.9562925100326538,262.0,236.0,0.26686925714214643,0.9005897045135498,0.89083331823349,2164.0,2138.0,0.8845204710960388,0.8437134623527527,618.0,37.0,0.3878607234808555,0.8451882600784302,0.24634146690368652,4815.0,202.0
1,0.9193750023841858,0.9741109013557434,186.0,201.0,0.21109475135803224,0.9167701601982117,0.9225000143051147,2199.0,2214.0,0.8790550231933594,0.8630694150924683,366.0,320.0,0.3234937086028844,0.5865632891654968,0.5536585450172424,4532.0,454.0
2,0.93729168176651,0.982527494430542,148.0,153.0,0.17878050456444422,0.936382532119751,0.9383333325386047,2247.0,2252.0,0.8540197610855103,0.856050431728363,290.0,538.0,0.369960592458043,0.49625468254089355,0.6463414430618286,4314.0,530.0
3,0.9456250071525574,0.9860395193099976,129.0,132.0,0.16290453327198823,0.9450686573982239,0.9462500214576721,2268.0,2271.0,0.8499647378921509,0.8406758308410645,324.0,527.0,0.3902699991493198,0.4848484992980957,0.6048780679702759,4325.0,496.0
4,0.9489583373069763,0.9897801280021667,115.0,130.0,0.14732207981248696,0.9461697936058044,0.9520833492279053,2270.0,2285.0,0.8483780026435852,0.8597244024276733,281.0,579.0,0.3818199578646376,0.4821109175682068,0.6573171019554138,4273.0,539.0
5,0.9556249976158142,0.9906466603279114,108.0,105.0,0.14163839315374693,0.9561952352523804,0.9549999833106995,2295.0,2292.0,0.8709449768066406,0.8617256879806519,355.0,377.0,0.3308847926357401,0.5522565245628357,0.5670731663703918,4475.0,465.0
6,0.9593750238418579,0.9928890466690063,102.0,93.0,0.1293854871640603,0.961104154586792,0.9574999809265137,2307.0,2298.0,0.8802891373634338,0.8433704972267151,430.0,249.0,0.3460009696831656,0.6103286147117615,0.47560974955558777,4603.0,390.0
