,accuracy,auc,false_negatives,false_positives,loss,precision,recall,true_negatives,true_positives,val_accuracy,val_auc,val_false_negatives,val_false_positives,val_loss,val_precision,val_recall,val_true_negatives,val_true_positives
0,0.7762500047683716,0.8466252088546753,349.0,367.0,0.5026256915926933,0.7731767892837524,0.7818750143051147,1233.0,1251.0,0.7707599997520447,0.630135715007782,2531.0,75.0,1.1217013997229617,0.375,0.017468944191932678,8717.0,45.0
1,0.8662499785423279,0.9349740743637085,191.0,237.0,0.33143915608525276,0.856014609336853,0.8806250095367432,1363.0,1409.0,0.7484166026115417,0.6300035715103149,2353.0,507.0,0.8509773149362841,0.3054794669151306,0.08656832575798035,8285.0,223.0
2,0.8962500095367432,0.9616795182228088,131.0,201.0,0.2673527194559574,0.8796406984329224,0.9181249737739563,1399.0,1469.0,0.7201794385910034,0.6832890510559082,1965.0,1216.0,0.6727046056963204,0.33442801237106323,0.23718944191932678,7576.0,611.0
3,0.917187511920929,0.9739423990249634,108.0,157.0,0.2295007360726595,0.9047907590866089,0.9325000047683716,1443.0,1492.0,0.715869128704071,0.7135299444198608,1306.0,1924.0,0.6596869572126722,0.3976205289363861,0.4930124282836914,6868.0,1270.0
4,0.9303125143051147,0.9797908663749695,88.0,135.0,0.20543148405849934,0.9180327653884888,0.9449999928474426,1465.0,1512.0,0.717540442943573,0.7003514766693115,1732.0,1479.0,0.6791835662598849,0.36332330107688904,0.32763975858688354,7313.0,844.0
5,0.9375,0.9855595827102661,72.0,128.0,0.1831714352220297,0.9227052927017212,0.9549999833106995,1472.0,1528.0,0.7102392911911011,0.6658104062080383,1796.0,1498.0,0.7383373079796562,0.34240561723709106,0.30279502272605896,7294.0,780.0
6,0.9468749761581421,0.9877892732620239,56.0,114.0,0.167730608060956,0.9312424659729004,0.9649999737739563,1486.0,1544.0,0.7096235156059265,0.6248079538345337,2023.0,1278.0,0.8180320241936154,0.30202075839042664,0.21467390656471252,7514.0,553.0
7,0.9509375095367432,0.9904870986938477,56.0,101.0,0.1535468026995659,0.9386018514633179,0.9649999737739563,1499.0,1544.0,0.7198275923728943,0.6980501413345337,1862.0,1323.0,0.7167019122591495,0.3505154550075531,0.2771739065647125,7469.0,714.0
8,0.9571874737739563,0.9927863478660583,41.0,96.0,0.1401881055533886,0.9419939517974854,0.9743750095367432,1504.0,1559.0,0.7139338254928589,0.7219695448875427,1146.0,2106.0,0.7221623577340064,0.40441176295280457,0.5551242232322693,6686.0,1430.0
