,accuracy,auc,false_negatives,false_positives,loss,pr,precision,recall,true_negatives,true_positives,val_accuracy,val_auc,val_false_negatives,val_false_positives,val_loss,val_pr,val_precision,val_recall,val_true_negatives,val_true_positives
0,0.8777083158493042,0.9511422514915466,330.0,257.0,0.28708854839205744,0.950378954410553,0.8895573616027832,0.862500011920929,2143.0,2070.0,0.739145815372467,0.35765358805656433,1086.0,1125.0,0.8147117468814571,0.09283602237701416,0.008810572326183319,0.009124087169766426,6255.0,10.0
1,0.9316666722297668,0.9829963445663452,162.0,166.0,0.19462273540596167,0.9832013845443726,0.9309484362602234,0.9325000047683716,2234.0,2238.0,0.7161396741867065,0.4021570086479187,1048.0,1358.0,0.8097945322063297,0.09929034113883972,0.03413940221071243,0.043795619159936905,6022.0,48.0
2,0.9491666555404663,0.9901315569877625,120.0,124.0,0.16248978388806185,0.9903940558433533,0.9484192728996277,0.949999988079071,2276.0,2280.0,0.7035158276557922,0.35878756642341614,1067.0,1446.0,0.8888413091913154,0.09272293001413345,0.019661016762256622,0.02645985409617424,5934.0,29.0
3,0.9629166722297668,0.9940667748451233,82.0,96.0,0.1383265204479297,0.9941995739936829,0.9602319598197937,0.965833306312561,2304.0,2318.0,0.6990325450897217,0.3748481571674347,1040.0,1511.0,0.8409611442956569,0.0951370969414711,0.03573707863688469,0.051094889640808105,5869.0,56.0
4,0.9712499976158142,0.9961108565330505,67.0,71.0,0.1244750792036454,0.9962101578712463,0.970465898513794,0.972083330154419,2329.0,2333.0,0.69997638463974,0.35592663288116455,1058.0,1485.0,0.8962096616365596,0.09250225871801376,0.024950755760073662,0.03467153385281563,5895.0,38.0
5,0.9745833277702332,0.9972466230392456,57.0,65.0,0.11331572954853376,0.9973523616790771,0.9730066657066345,0.9762499928474426,2335.0,2343.0,0.6962010264396667,0.3757480978965759,1049.0,1526.0,0.9033099778590759,0.09546785801649094,0.029879212379455566,0.04288320988416672,5854.0,47.0
6,0.9806249737739563,0.9985014796257019,36.0,57.0,0.09998792511721452,0.9985147714614868,0.9764559864997864,0.9850000143051147,2343.0,2364.0,0.6954931616783142,0.35918599367141724,1073.0,1508.0,0.9087196592172962,0.09288174659013748,0.01502286083996296,0.020985402166843414,5872.0,23.0
