,accuracy,auc,false_negatives,false_positives,loss,pr,precision,recall,true_negatives,true_positives,val_accuracy,val_auc,val_false_negatives,val_false_positives,val_loss,val_pr,val_precision,val_recall,val_true_negatives,val_true_positives
0,0.9272727370262146,0.9774836897850037,162.0,158.0,0.19348114449869502,0.9756649732589722,0.9280509948730469,0.9263636469841003,2042.0,2038.0,0.7968626618385315,0.8475591540336609,1102.0,957.0,0.508249406421288,0.6822318434715271,0.6475138068199158,0.6146852970123291,6319.0,1758.0
1,0.962045431137085,0.9913470149040222,82.0,85.0,0.12704646904360165,0.9879790544509888,0.9614162445068359,0.9627272486686707,2115.0,2118.0,0.7736780047416687,0.8383587002754211,912.0,1382.0,0.571594483662329,0.6570088863372803,0.5849849581718445,0.681118905544281,5894.0,1948.0
2,0.9681817889213562,0.9940841197967529,60.0,80.0,0.10815447349439967,0.9920516014099121,0.9639639854431152,0.9727272987365723,2120.0,2140.0,0.7970600128173828,0.8718987107276917,731.0,1326.0,0.5106823590908262,0.6969411373138428,0.6162083745002747,0.7444055676460266,5950.0,2129.0
3,0.9793182015419006,0.9972984790802002,34.0,57.0,0.08222135695544157,0.9958688616752625,0.9743589758872986,0.9845454692840576,2143.0,2166.0,0.7843330502510071,0.8591246604919434,1015.0,1171.0,0.5287723686390254,0.6753026247024536,0.6117374300956726,0.6451048851013184,6105.0,1845.0
4,0.9811363816261292,0.9972991347312927,34.0,49.0,0.07896224237301133,0.9957852363586426,0.9778780937194824,0.9845454692840576,2151.0,2166.0,0.7800907492637634,0.8440777063369751,1211.0,1018.0,0.5454747063867107,0.6726105213165283,0.6182976961135864,0.5765734314918518,6258.0,1649.0
5,0.987500011920929,0.9987273812294006,16.0,39.0,0.06354509695009752,0.9978857040405273,0.9824561476707458,0.9927272796630859,2161.0,2184.0,0.7827545404434204,0.8554970622062683,1101.0,1101.0,0.5247088398816742,0.6858482360839844,0.6150349378585815,0.6150349378585815,6175.0,1759.0
