,accuracy,auc,false_negatives,false_positives,loss,pr,precision,recall,true_negatives,true_positives,val_accuracy,val_auc,val_false_negatives,val_false_positives,val_loss,val_pr,val_precision,val_recall,val_true_negatives,val_true_positives
0,0.8565909266471863,0.9333889484405518,288.0,343.0,0.32903919341889293,0.9288415908813477,0.8478935956954956,0.8690909147262573,1857.0,1912.0,0.8099691271781921,0.7490749359130859,938.0,1033.0,0.5015953980584518,0.4391922354698181,0.39625948667526245,0.4195544421672821,7723.0,678.0
1,0.9247727394104004,0.978915274143219,131.0,200.0,0.20197016003456983,0.977831244468689,0.9118554592132568,0.9404545426368713,2000.0,2069.0,0.7393945455551147,0.7325596213340759,917.0,1786.0,0.6290681791774472,0.40071848034858704,0.2812877297401428,0.43254950642585754,6970.0,699.0
2,0.9486363530158997,0.9888350367546082,87.0,139.0,0.15795695811510085,0.988165020942688,0.9382770657539368,0.960454523563385,2061.0,2113.0,0.7590628862380981,0.7018889784812927,973.0,1526.0,0.6082437566215387,0.39449769258499146,0.2964499890804291,0.39789605140686035,7230.0,643.0
3,0.9581817984580994,0.9927830696105957,71.0,113.0,0.13722285129807213,0.9929455518722534,0.9495985507965088,0.9677272439002991,2087.0,2129.0,0.7618588805198669,0.7519652247428894,955.0,1515.0,0.6174990718446548,0.3980289697647095,0.3037683963775635,0.4090346395969391,7241.0,661.0
4,0.9709091186523438,0.9962221384048462,52.0,76.0,0.11034940739924258,0.9961037039756775,0.9658273458480835,0.9763636589050293,2124.0,2148.0,0.7619552612304688,0.722411036491394,976.0,1493.0,0.6314075007270397,0.3888438642024994,0.3000468909740448,0.39603960514068604,7263.0,640.0
5,0.9775000214576721,0.9973939657211304,45.0,54.0,0.09438381612300872,0.9972171783447266,0.9755545258522034,0.9795454740524292,2146.0,2155.0,0.7489394545555115,0.7353983521461487,894.0,1710.0,0.6300407730838851,0.40958839654922485,0.296875,0.4467821717262268,7046.0,722.0
