,accuracy,auc,false_negatives,false_positives,loss,pr,precision,recall,true_negatives,true_positives,val_accuracy,val_auc,val_false_negatives,val_false_positives,val_loss,val_pr,val_precision,val_recall,val_true_negatives,val_true_positives
0,0.9443749785423279,0.984861433506012,106.0,161.0,0.16235796101391314,0.9824962615966797,0.934419572353363,0.9558333158493042,2239.0,2294.0,0.9732006192207336,0.0,0.0,70.0,0.09102349696398511,0.0,0.0,0.0,2542.0,0.0
1,0.956250011920929,0.9927479028701782,83.0,127.0,0.13097724494834742,0.9925374388694763,0.9480360150337219,0.965416669845581,2273.0,2317.0,0.946018397808075,0.0,0.0,141.0,0.1574176572046455,0.0,0.0,0.0,2471.0,0.0
2,0.9731249809265137,0.996137261390686,56.0,73.0,0.10820479509731133,0.9960951805114746,0.9697972536087036,0.9766666889190674,2327.0,2344.0,0.9368300437927246,0.0,0.0,165.0,0.16117940577257647,0.0,0.0,0.0,2447.0,0.0
3,0.9781249761581421,0.9977328181266785,39.0,66.0,0.09613977247228225,0.9977151155471802,0.972805917263031,0.9837499856948853,2334.0,2361.0,0.9464012384414673,0.0,0.0,140.0,0.14338115471519336,0.0,0.0,0.0,2472.0,0.0
4,0.9825000166893005,0.9985599517822266,28.0,56.0,0.08625679299235343,0.998544454574585,0.9769357442855835,0.9883333444595337,2344.0,2372.0,0.957120954990387,0.0,0.0,112.0,0.12008667266022009,0.0,0.0,0.0,2500.0,0.0
5,0.9858333468437195,0.9989158511161804,27.0,41.0,0.08024716310203076,0.9988934993743896,0.9830157160758972,0.9887499809265137,2359.0,2373.0,0.9314701557159424,0.0,0.0,179.0,0.19020593275885123,0.0,0.0,0.0,2433.0,0.0
