,accuracy,auc,false_negatives,false_positives,loss,pr,precision,recall,true_negatives,true_positives,val_accuracy,val_auc,val_false_negatives,val_false_positives,val_loss,val_pr,val_precision,val_recall,val_true_negatives,val_true_positives
0,0.8922916650772095,0.9534287452697754,263.0,254.0,0.27563535263141,0.951126754283905,0.893768310546875,0.89041668176651,2146.0,2137.0,0.9478552341461182,0.7617895007133484,18.0,371.0,0.15306241117597585,0.009373292326927185,0.015915120020508766,0.25,7065.0,6.0
1,0.9266666769981384,0.9778802990913391,169.0,183.0,0.20095829000075657,0.977289080619812,0.9241921901702881,0.9295833110809326,2217.0,2231.0,0.9113941192626953,0.7185118794441223,19.0,642.0,0.21689898870266155,0.006395576521754265,0.007727975491434336,0.2083333283662796,6794.0,5.0
2,0.9481250047683716,0.9887776374816895,119.0,130.0,0.15992907991011937,0.9881925582885742,0.9460804462432861,0.9504166841506958,2270.0,2281.0,0.8974530696868896,0.7222129106521606,16.0,749.0,0.242655862644115,0.007354517932981253,0.010568032041192055,0.3333333432674408,6687.0,8.0
3,0.9570833444595337,0.9922071695327759,93.0,113.0,0.14183740938703218,0.9920480847358704,0.9533057808876038,0.9612500071525574,2287.0,2307.0,0.9121983647346497,0.7307131886482239,19.0,636.0,0.2195523446910183,0.0075270566157996655,0.007800311781466007,0.2083333283662796,6800.0,5.0
4,0.9662500023841858,0.9955378770828247,69.0,93.0,0.12246087128917377,0.9954959750175476,0.9616336822509766,0.9712499976158142,2307.0,2331.0,0.9128686189651489,0.7459487915039062,19.0,631.0,0.2155697807949286,0.0077208965085446835,0.007861635647714138,0.2083333283662796,6805.0,5.0
5,0.96854168176651,0.9963615536689758,71.0,80.0,0.11457986262937386,0.9963085651397705,0.9667912125587463,0.9704166650772095,2320.0,2329.0,0.9229222536087036,0.7133455872535706,19.0,556.0,0.1938608034526375,0.007579388562589884,0.008912655524909496,0.2083333283662796,6880.0,5.0
