,accuracy,auc,false_negatives,false_positives,loss,pr,precision,recall,true_negatives,true_positives,val_accuracy,val_auc,val_false_negatives,val_false_positives,val_loss,val_pr,val_precision,val_recall,val_true_negatives,val_true_positives
0,0.909583330154419,0.9667050838470459,222.0,212.0,0.23621979773044585,0.9650042057037354,0.911297082901001,0.9075000286102295,2188.0,2178.0,0.7638286352157593,0.8709250092506409,297.0,574.0,0.5639252012308663,0.8717136979103088,0.70848149061203,0.8244680762290955,1422.0,1395.0
1,0.9383333325386047,0.9833217859268188,142.0,154.0,0.17928254209458827,0.9817571640014648,0.9361525774002075,0.940833330154419,2246.0,2258.0,0.7613883018493652,0.8731416463851929,274.0,606.0,0.5723960212151037,0.869952917098999,0.7005928754806519,0.8380614519119263,1390.0,1418.0
2,0.9512500166893005,0.9911824464797974,99.0,135.0,0.14484426798919836,0.9908382892608643,0.9445812702178955,0.9587500095367432,2265.0,2301.0,0.7578633427619934,0.8681618571281433,256.0,637.0,0.5892049923636132,0.8694941997528076,0.6927158832550049,0.8486997485160828,1359.0,1436.0
3,0.9577083587646484,0.9932289719581604,92.0,111.0,0.13264310866594314,0.992951512336731,0.954113245010376,0.9616666436195374,2289.0,2308.0,0.7554230093955994,0.8738638758659363,261.0,641.0,0.6035245095183689,0.8700910806655884,0.6906370520591736,0.8457446694374084,1355.0,1431.0
4,0.9702083468437195,0.996758222579956,55.0,88.0,0.11150268703699112,0.996728777885437,0.9638306498527527,0.9770833253860474,2312.0,2345.0,0.7581344842910767,0.8676679730415344,280.0,612.0,0.584940786637091,0.8658797740936279,0.6976284384727478,0.834515392780304,1384.0,1412.0
5,0.9727083444595337,0.9973216652870178,53.0,78.0,0.10371285781264306,0.997193455696106,0.9678350687026978,0.9779166579246521,2322.0,2347.0,0.7640997767448425,0.873913586139679,290.0,580.0,0.5890226771412599,0.8715988397598267,0.7073662877082825,0.8286051750183105,1416.0,1402.0
