,accuracy,auc,false_negatives,false_positives,loss,pr,precision,recall,true_negatives,true_positives,val_accuracy,val_auc,val_false_negatives,val_false_positives,val_loss,val_pr,val_precision,val_recall,val_true_negatives,val_true_positives
0,0.95333331823349,0.9878578186035156,87.0,137.0,0.14541004834075769,0.9860207438468933,0.9440816044807434,0.9637500047683716,2263.0,2313.0,0.9719279408454895,0.0,0.0,53.0,0.09001822027740843,0.0,0.0,0.0,1835.0,0.0
1,0.9629166722297668,0.9942737221717834,72.0,106.0,0.11707697112113237,0.9939453601837158,0.9564502835273743,0.9700000286102295,2294.0,2328.0,0.9359109997749329,0.0,0.0,121.0,0.1701739877462387,0.0,0.0,0.0,1767.0,0.0
2,0.9739583134651184,0.9962924122810364,51.0,74.0,0.09949087635924418,0.9955779314041138,0.9694593548774719,0.9787499904632568,2326.0,2349.0,0.9703390002250671,0.0,0.0,56.0,0.10240274692996074,0.0,0.0,0.0,1832.0,0.0
3,0.9820833206176758,0.9983502626419067,27.0,59.0,0.08340783278147379,0.9983654022216797,0.9757401347160339,0.9887499809265137,2341.0,2373.0,0.9512711763381958,0.0,0.0,92.0,0.1425491489343724,0.0,0.0,0.0,1796.0,0.0
4,0.984375,0.9989979267120361,26.0,49.0,0.07650337520986795,0.99898362159729,0.9797771573066711,0.9891666769981384,2351.0,2374.0,0.9634534120559692,0.0,0.0,69.0,0.10878149262171681,0.0,0.0,0.0,1819.0,0.0
5,0.9847916960716248,0.9988725185394287,20.0,53.0,0.07433714913825194,0.9988142251968384,0.9782161712646484,0.9916666746139526,2347.0,2380.0,0.945974588394165,0.0,0.0,102.0,0.14626973936870946,0.0,0.0,0.0,1786.0,0.0
