,accuracy,auc,false_negatives,false_positives,loss,pr,precision,recall,true_negatives,true_positives,val_accuracy,val_auc,val_false_negatives,val_false_positives,val_loss,val_pr,val_precision,val_recall,val_true_negatives,val_true_positives
0,0.8264583349227905,0.898006021976471,415.0,418.0,0.4073385102550189,0.8898493051528931,0.8260507583618164,0.8270833492279053,1982.0,1985.0,0.8817146420478821,0.7727181315422058,595.0,506.0,0.3061254316125246,0.32598763704299927,0.3368283212184906,0.3016431927680969,7950.0,257.0
1,0.8852083086967468,0.9529954791069031,264.0,287.0,0.28875588834285737,0.9517900943756104,0.8815518021583557,0.8899999856948853,2113.0,2136.0,0.8484099507331848,0.7227141261100769,632.0,779.0,0.37171943786065365,0.24157321453094482,0.22022022306919098,0.2582159638404846,7677.0,220.0
2,0.9160416722297668,0.972938597202301,204.0,199.0,0.2339750069876512,0.9735357761383057,0.9169102311134338,0.9150000214576721,2201.0,2196.0,0.8138160705566406,0.6691431999206543,626.0,1107.0,0.4396840119674373,0.2002715766429901,0.16954238712787628,0.26525822281837463,7349.0,226.0
3,0.9331250190734863,0.9813911318778992,163.0,158.0,0.2012233704328537,0.9817430973052979,0.934029221534729,0.9320833086967468,2242.0,2237.0,0.8297163844108582,0.6884986162185669,630.0,955.0,0.40604969619628845,0.214877650141716,0.1886151283979416,0.26056337356567383,7501.0,222.0
4,0.9443749785423279,0.9872756600379944,146.0,121.0,0.17686768487095833,0.9873274564743042,0.949052631855011,0.9391666650772095,2279.0,2254.0,0.8461538553237915,0.7196776270866394,568.0,864.0,0.38149065988279995,0.2753806412220001,0.24738675355911255,0.3333333432674408,7592.0,284.0
5,0.9549999833106995,0.9916520118713379,106.0,110.0,0.15423669884602229,0.9921063184738159,0.9542429447174072,0.9558333158493042,2290.0,2294.0,0.8184357285499573,0.6974911093711853,545.0,1145.0,0.4350746405011961,0.26218491792678833,0.21143250167369843,0.36032864451408386,7311.0,307.0
