,accuracy,auc,false_negatives,false_positives,loss,pr,precision,recall,true_negatives,true_positives,val_accuracy,val_auc,val_false_negatives,val_false_positives,val_loss,val_pr,val_precision,val_recall,val_true_negatives,val_true_positives
0,0.9210416674613953,0.9743126034736633,160.0,219.0,0.20754470705986022,0.9719432592391968,0.9109393954277039,0.9333333373069763,2181.0,2240.0,0.7921168208122253,0.8406546711921692,1322.0,756.0,0.4847705374006368,0.675581693649292,0.620862603187561,0.48359376192092896,6680.0,1238.0
1,0.9456250071525574,0.9880037903785706,110.0,151.0,0.15627933834989866,0.9868927001953125,0.9381400942802429,0.9541666507720947,2249.0,2290.0,0.7755101919174194,0.8323580622673035,1119.0,1125.0,0.4854237907836322,0.6563470363616943,0.5615744590759277,0.5628906488418579,6311.0,1441.0
2,0.9566666483879089,0.991157054901123,85.0,123.0,0.14039771117269992,0.990363597869873,0.9495487809181213,0.9645833373069763,2277.0,2315.0,0.7925170063972473,0.8453515768051147,1183.0,891.0,0.48180674110092414,0.6798015832901001,0.6071428656578064,0.537890613079071,6545.0,1377.0
3,0.96875,0.9956847429275513,66.0,84.0,0.11281472746282815,0.9952569603919983,0.9652605652809143,0.9725000262260437,2316.0,2334.0,0.7686074376106262,0.8188800811767578,1416.0,897.0,0.5304131699877292,0.6419427394866943,0.5605095624923706,0.4468750059604645,6539.0,1144.0
4,0.9783333539962769,0.9965720772743225,31.0,73.0,0.10129500471055508,0.9961274862289429,0.9701064825057983,0.9870833158493042,2327.0,2369.0,0.7798119187355042,0.8222018480300903,1456.0,745.0,0.5389138632366399,0.6523952484130859,0.5970795154571533,0.4312500059604645,6691.0,1104.0
5,0.9768750071525574,0.9978126883506775,42.0,69.0,0.09209212539096673,0.9976918697357178,0.971569836139679,0.9825000166893005,2331.0,2358.0,0.7771108150482178,0.8247479796409607,1431.0,797.0,0.5523549112148073,0.6509363651275635,0.5861889719963074,0.4410156309604645,6639.0,1129.0
6,0.98416668176651,0.9987356066703796,37.0,39.0,0.0801043021430572,0.9984544515609741,0.9837635159492493,0.98458331823349,2361.0,2363.0,0.7808123230934143,0.8279873132705688,1391.0,800.0,0.5388577345754204,0.6611716747283936,0.5937023758888245,0.4566406309604645,6636.0,1169.0
7,0.9866666793823242,0.9988970160484314,24.0,40.0,0.07756837672243516,0.9988777041435242,0.9834437370300293,0.9900000095367432,2360.0,2376.0,0.772508978843689,0.820820689201355,1403.0,871.0,0.5629983132436018,0.6426728963851929,0.5705128312110901,0.45195311307907104,6565.0,1157.0
