,accuracy,auc,false_negatives,false_positives,loss,precision,recall,true_negatives,true_positives,val_accuracy,val_auc,val_false_negatives,val_false_positives,val_loss,val_precision,val_recall,val_true_negatives,val_true_positives
0,0.8759090900421143,0.943952202796936,246.0,300.0,0.3033483376286247,0.8669033050537109,0.8881818056106567,1900.0,1954.0,0.7491322755813599,0.7036625742912292,966.0,1636.0,0.6257462581519772,0.28433945775032043,0.4022277295589447,7120.0,650.0
1,0.941136360168457,0.9862728714942932,101.0,158.0,0.16778787450356916,0.929995596408844,0.9540908932685852,2042.0,2099.0,0.7299460172653198,0.7383718490600586,824.0,1977.0,0.6710995207226419,0.2860238254070282,0.4900990128517151,6779.0,792.0
2,0.9618181586265564,0.9930455684661865,69.0,99.0,0.12925153623927724,0.9556053876876831,0.9686363339424133,2101.0,2131.0,0.7395873665809631,0.6218842267990112,1064.0,1637.0,0.711342437084329,0.2521699368953705,0.34158414602279663,7119.0,552.0
3,0.9725000262260437,0.9971320629119873,42.0,79.0,0.09713449468666857,0.9646848440170288,0.9809091091156006,2121.0,2158.0,0.7537600994110107,0.675153374671936,1006.0,1548.0,0.6523498604300396,0.2826691269874573,0.3774752616882324,7208.0,610.0
4,0.9813636541366577,0.9985688328742981,32.0,50.0,0.07839315575632182,0.9774571657180786,0.9854545593261719,2150.0,2168.0,0.7409371137619019,0.7108569741249084,968.0,1719.0,0.7339404230636379,0.2737642526626587,0.4009900987148285,7037.0,648.0
5,0.987500011920929,0.9992805123329163,25.0,30.0,0.06390763683075254,0.9863945841789246,0.9886363744735718,2170.0,2175.0,0.7476860880851746,0.7209019660949707,959.0,1658.0,0.7372286961982483,0.28380128741264343,0.40655940771102905,7098.0,657.0
