,accuracy,auc,false_negatives,false_positives,loss,pr,precision,recall,true_negatives,true_positives,val_accuracy,val_auc,val_false_negatives,val_false_positives,val_loss,val_pr,val_precision,val_recall,val_true_negatives,val_true_positives
0,0.909166693687439,0.9665454030036926,227.0,209.0,0.23440894414981206,0.9680829048156738,0.9122586250305176,0.9054166674613953,2191.0,2173.0,0.9970961213111877,0.0,0.0,11.0,0.020478438064770687,0.0,0.0,0.0,3777.0,0.0
1,0.949791669845581,0.9874145984649658,115.0,126.0,0.15416794136166573,0.9875802397727966,0.9477395415306091,0.9520833492279053,2274.0,2285.0,0.9873284101486206,0.0,0.0,48.0,0.04712021822815932,0.0,0.0,0.0,3740.0,0.0
2,0.956458330154419,0.9913752675056458,96.0,113.0,0.13474554424484572,0.9915106892585754,0.9532478451728821,0.9599999785423279,2287.0,2304.0,0.9815205931663513,0.0,0.0,70.0,0.05684474604686185,0.0,0.0,0.0,3718.0,0.0
3,0.9691666960716248,0.9950084090232849,68.0,80.0,0.11283554849525293,0.9952578544616699,0.9668325185775757,0.971666693687439,2320.0,2332.0,0.9928722381591797,0.0,0.0,27.0,0.027631167363701928,0.0,0.0,0.0,3761.0,0.0
4,0.972083330154419,0.9960243105888367,62.0,72.0,0.10408785926798979,0.9961272478103638,0.9701244831085205,0.9741666913032532,2328.0,2338.0,0.9868004322052002,0.0,0.0,50.0,0.04309971780450316,0.0,0.0,0.0,3738.0,0.0
5,0.9735416769981384,0.9968706369400024,60.0,67.0,0.09684145733714104,0.9969496726989746,0.972164511680603,0.9750000238418579,2333.0,2340.0,0.9849525094032288,0.0,0.0,57.0,0.048756535901612316,0.0,0.0,0.0,3731.0,0.0
