,accuracy,auc,false_negatives,false_positives,loss,pr,precision,recall,true_negatives,true_positives,val_accuracy,val_auc,val_false_negatives,val_false_positives,val_loss,val_pr,val_precision,val_recall,val_true_negatives,val_true_positives
0,0.9420833587646484,0.9864039421081543,119.0,159.0,0.15872750957806905,0.9851912260055542,0.9348360896110535,0.9504166841506958,2241.0,2281.0,0.8166079521179199,0.6611042618751526,128.0,497.0,0.8666968922100157,0.11190996319055557,0.13864818215370178,0.38461539149284363,2703.0,80.0
1,0.9589583277702332,0.9921550750732422,86.0,111.0,0.1284453970193863,0.9921259880065918,0.9542267918586731,0.9641666412353516,2289.0,2314.0,0.8268779516220093,0.6715279817581177,129.0,461.0,0.8373684053409827,0.11484189331531525,0.14629629254341125,0.3798076808452606,2739.0,79.0
2,0.9677083492279053,0.9956156015396118,55.0,100.0,0.1105545400083065,0.9956505298614502,0.9591001868247986,0.9770833253860474,2300.0,2345.0,0.7946009635925293,0.6677314639091492,116.0,584.0,0.9236757055694509,0.11312855780124664,0.13609467446804047,0.4423076808452606,2616.0,92.0
3,0.9727083444595337,0.996464192867279,54.0,77.0,0.09907650408645471,0.9964967370033264,0.9682211875915527,0.9775000214576721,2323.0,2346.0,0.8119131326675415,0.6691300868988037,122.0,519.0,0.8830701212088267,0.11384204775094986,0.14214876294136047,0.4134615361690521,2681.0,86.0
4,0.9804166555404663,0.9980713129043579,42.0,52.0,0.08426198014368613,0.9980555772781372,0.9784232378005981,0.9825000166893005,2348.0,2358.0,0.8195422291755676,0.6662139296531677,128.0,487.0,0.8676922276546138,0.1132170557975769,0.14109347760677338,0.38461539149284363,2713.0,80.0
5,0.9864583611488342,0.9993108510971069,30.0,35.0,0.07150784902274608,0.9993305206298828,0.9854469895362854,0.987500011920929,2365.0,2370.0,0.8116196990013123,0.6658300161361694,120.0,522.0,0.901947836640855,0.11340511590242386,0.14426229894161224,0.42307692766189575,2678.0,88.0
6,0.9850000143051147,0.9990638494491577,31.0,41.0,0.07057448860257864,0.9990730285644531,0.9829875230789185,0.9870833158493042,2359.0,2369.0,0.81455397605896,0.6635734438896179,119.0,513.0,0.898951379765927,0.11441553384065628,0.14784052968025208,0.42788460850715637,2687.0,89.0
