,accuracy,auc,false_negatives,false_positives,loss,pr,precision,recall,true_negatives,true_positives,val_accuracy,val_auc,val_false_negatives,val_false_positives,val_loss,val_pr,val_precision,val_recall,val_true_negatives,val_true_positives
0,0.8945833444595337,0.9599554538726807,241.0,265.0,0.26031263900299867,0.9642329216003418,0.8906765580177307,0.8995833396911621,2135.0,2159.0,0.8236953616142273,0.8937454223632812,91.0,909.0,0.49325742866786143,0.6128179430961609,0.44505494832992554,0.8890243768692017,3943.0,729.0
1,0.93770831823349,0.9842730760574341,140.0,159.0,0.16511199745039146,0.984815239906311,0.9342703819274902,0.9416666626930237,2241.0,2260.0,0.8723554015159607,0.8628324866294861,322.0,402.0,0.3332406226519301,0.6053158044815063,0.5533333420753479,0.6073170900344849,4450.0,498.0
2,0.9508333206176758,0.990393340587616,115.0,121.0,0.13736470753947894,0.9904112219810486,0.9497090578079224,0.9520833492279053,2279.0,2285.0,0.8464386463165283,0.8622469902038574,253.0,618.0,0.3913726567255257,0.5873656868934631,0.4784810245037079,0.6914634108543396,4234.0,567.0
3,0.965833306312561,0.9947894811630249,70.0,94.0,0.1115947757785519,0.9949005842208862,0.9612210988998413,0.9708333611488342,2306.0,2330.0,0.8638927936553955,0.8494657874107361,346.0,426.0,0.36586888678823776,0.5599520802497864,0.5266666412353516,0.5780487656593323,4426.0,474.0
4,0.971875011920929,0.9975050687789917,65.0,70.0,0.09107908394187689,0.9976503849029541,0.9708939790725708,0.9729166626930237,2330.0,2335.0,0.843265175819397,0.8498526215553284,291.0,598.0,0.4012764064734342,0.5635705590248108,0.4693877696990967,0.6451219320297241,4254.0,529.0
5,0.9787499904632568,0.9981847405433655,46.0,56.0,0.08227877435584863,0.9982126951217651,0.9767634868621826,0.9808333516120911,2344.0,2354.0,0.8556064963340759,0.8589219450950623,301.0,518.0,0.3704079572631543,0.5764549970626831,0.5004821419715881,0.6329268217086792,4334.0,519.0
6,0.981041669845581,0.9985418319702148,42.0,49.0,0.0751949259887139,0.998614490032196,0.9796426892280579,0.9825000166893005,2351.0,2358.0,0.8545486330986023,0.8679003715515137,292.0,533.0,0.37119473367719286,0.5945285558700562,0.49764373898506165,0.6439024209976196,4319.0,528.0
