,accuracy,auc,false_negatives,false_positives,loss,pr,precision,recall,true_negatives,true_positives,val_accuracy,val_auc,val_false_negatives,val_false_positives,val_loss,val_pr,val_precision,val_recall,val_true_negatives,val_true_positives
0,0.8979166746139526,0.962773859500885,250.0,240.0,0.2483787030975024,0.9635975360870361,0.8995816111564636,0.8958333134651184,2160.0,2150.0,0.9944561719894409,0.0,0.0,21.0,0.03313866383351834,0.0,0.0,0.0,3767.0,0.0
1,0.9370833039283752,0.9835191369056702,152.0,150.0,0.17299696788191796,0.9825999736785889,0.9374478459358215,0.9366666674613953,2250.0,2248.0,0.9870644211769104,0.0,0.0,49.0,0.04502825515291633,0.0,0.0,0.0,3739.0,0.0
2,0.9520833492279053,0.990673303604126,111.0,119.0,0.13802873350679876,0.9899517297744751,0.9505813717842102,0.9537500143051147,2281.0,2289.0,0.9754487872123718,0.0,0.0,93.0,0.07341111100494169,0.0,0.0,0.0,3695.0,0.0
3,0.9649999737739563,0.9943979382514954,72.0,96.0,0.11616446743408838,0.9942694306373596,0.9603960514068604,0.9700000286102295,2304.0,2328.0,0.9936642050743103,0.0,0.0,24.0,0.0236711143078371,0.0,0.0,0.0,3764.0,0.0
4,0.9727083444595337,0.9966906309127808,60.0,71.0,0.0985754922280709,0.9964151382446289,0.970551609992981,0.9750000238418579,2329.0,2340.0,0.9846884608268738,0.0,0.0,58.0,0.04464191688498071,0.0,0.0,0.0,3730.0,0.0
5,0.9747916460037231,0.9972174167633057,56.0,65.0,0.09207040032992761,0.9972138404846191,0.9730178713798523,0.9766666889190674,2335.0,2344.0,0.9923442602157593,0.0,0.0,29.0,0.026712985094656347,0.0,0.0,0.0,3759.0,0.0
6,0.9806249737739563,0.9981994032859802,45.0,48.0,0.08189184521635373,0.9981993436813354,0.9800249934196472,0.981249988079071,2352.0,2355.0,0.9736008644104004,0.0,0.0,100.0,0.06979134189084943,0.0,0.0,0.0,3688.0,0.0
7,0.9847916960716248,0.9990500807762146,25.0,48.0,0.07061558480064074,0.9990379214286804,0.980189859867096,0.9895833134651184,2352.0,2375.0,0.9823125600814819,0.0,0.0,67.0,0.04056322122034012,0.0,0.0,0.0,3721.0,0.0
8,0.9850000143051147,0.9991016387939453,31.0,41.0,0.06549868756284316,0.9991351962089539,0.9829875230789185,0.9870833158493042,2359.0,2369.0,0.9831045269966125,0.0,0.0,64.0,0.042902918633785585,0.0,0.0,0.0,3724.0,0.0
