,accuracy,auc,false_negatives,false_positives,loss,pr,precision,recall,true_negatives,true_positives,val_accuracy,val_auc,val_false_negatives,val_false_positives,val_loss,val_pr,val_precision,val_recall,val_true_negatives,val_true_positives
0,0.8588636517524719,0.9323921203613281,293.0,328.0,0.3312653457576578,0.9288468956947327,0.8532438278198242,0.8668181896209717,1872.0,1907.0,0.8010991215705872,0.7105781435966492,1144.0,919.0,0.5526013634308765,0.3538692891597748,0.3393242359161377,0.29207921028137207,7837.0,472.0
1,0.9222727417945862,0.9767571687698364,132.0,210.0,0.2074513108621944,0.9758955836296082,0.9078138470649719,0.9399999976158142,1990.0,2068.0,0.7609911561012268,0.6340007781982422,1033.0,1446.0,0.645113746079983,0.3547324240207672,0.2873336672782898,0.36076733469963074,7310.0,583.0
2,0.9402272701263428,0.9872318506240845,100.0,163.0,0.16427264181050388,0.9874092936515808,0.9279717206954956,0.9545454382896423,2037.0,2100.0,0.7849016785621643,0.7198416590690613,1039.0,1192.0,0.572039576671871,0.3691163659095764,0.32617297768592834,0.3570544421672821,7564.0,577.0
3,0.9577272534370422,0.9928308129310608,79.0,107.0,0.13316210156137293,0.9928257465362549,0.9519748687744141,0.964090883731842,2093.0,2121.0,0.7538565397262573,0.6917484402656555,1002.0,1551.0,0.6404206972875238,0.3716137707233429,0.283602774143219,0.37995049357414246,7205.0,614.0
4,0.9727272987365723,0.9962575435638428,50.0,70.0,0.10787073505195705,0.9960665106773376,0.9684684872627258,0.9772727489471436,2130.0,2150.0,0.6980331540107727,0.6731828451156616,905.0,2227.0,0.7924792236726439,0.3470102846622467,0.24200135469436646,0.4399752616882324,6529.0,711.0
5,0.9779545664787292,0.9977961182594299,41.0,56.0,0.09233696780421517,0.9977939128875732,0.9747178554534912,0.9813636541366577,2144.0,2159.0,0.7614731788635254,0.6667428612709045,1036.0,1438.0,0.7038025836709195,0.33900880813598633,0.28741326928138733,0.3589108884334564,7318.0,580.0
