,accuracy,auc,false_negatives,false_positives,loss,precision,recall,true_negatives,true_positives,val_accuracy,val_auc,val_false_negatives,val_false_positives,val_loss,val_precision,val_recall,val_true_negatives,val_true_positives
0,0.6663636565208435,0.7641212344169617,1155.0,313.0,0.603478753566742,0.7695139646530151,0.4749999940395355,1887.0,1045.0,0.9071192741394043,0.4750983417034149,788.0,0.0,0.3669446367297966,0.0,0.0,7696.0,0.0
1,0.8522727489471436,0.9367668628692627,410.0,240.0,0.39752367962490426,0.8817734122276306,0.8136363625526428,1960.0,1790.0,0.9071192741394043,0.536205530166626,788.0,0.0,0.3078185763071304,0.0,0.0,7696.0,0.0
2,0.8988636136054993,0.9643240571022034,238.0,207.0,0.3230015287616036,0.9045643210411072,0.8918181657791138,1993.0,1962.0,0.9067656993865967,0.5982715487480164,788.0,3.0,0.306858657329277,0.0,0.0,7693.0,0.0
3,0.9227272868156433,0.9772747159004211,166.0,174.0,0.2727318956635215,0.9211956262588501,0.9245454668998718,2026.0,2034.0,0.9040547013282776,0.6599753499031067,750.0,64.0,0.31834393264071553,0.37254902720451355,0.0482233501970768,7632.0,38.0
4,0.9431818127632141,0.986027181148529,101.0,149.0,0.23354578733444215,0.9337188601493835,0.9540908932685852,2051.0,2099.0,0.8836633563041687,0.6870677471160889,612.0,375.0,0.3455497680591109,0.3194192349910736,0.22335025668144226,7321.0,176.0
5,0.9524999856948853,0.9906118512153625,83.0,126.0,0.20663425277579914,0.9438252449035645,0.9622727036476135,2074.0,2117.0,0.8547855019569397,0.689458429813385,520.0,712.0,0.3823977832606467,0.27346938848495483,0.3401015102863312,6984.0,268.0
6,0.9570454359054565,0.9922041296958923,76.0,113.0,0.18954332768917084,0.9494858980178833,0.9654545187950134,2087.0,2124.0,0.865865170955658,0.6916781067848206,536.0,602.0,0.36188988624345236,0.2950819730758667,0.31979694962501526,7094.0,252.0
7,0.9638636112213135,0.9943620562553406,56.0,103.0,0.1707925164157694,0.9541611075401306,0.9745454788208008,2097.0,2144.0,0.8857849836349487,0.6892454028129578,566.0,403.0,0.3308895885635243,0.35519999265670776,0.2817258834838867,7293.0,222.0
