,accuracy,auc,false_negatives,false_positives,loss,precision,recall,true_negatives,true_positives,val_accuracy,val_auc,val_false_negatives,val_false_positives,val_loss,val_precision,val_recall,val_true_negatives,val_true_positives
0,0.7945833206176758,0.8716608285903931,502.0,484.0,0.46700608521699905,0.7968093752861023,0.7908333539962769,1916.0,1898.0,0.7690727710723877,0.5584908723831177,122.0,665.0,0.9111510294144143,0.11451397836208344,0.4134615361690521,2535.0,86.0
1,0.8924999833106995,0.9595542550086975,260.0,256.0,0.2662205565472444,0.8931552767753601,0.8916666507720947,2144.0,2140.0,0.8353873491287231,0.5807437300682068,141.0,420.0,0.7407219462411504,0.13757699728012085,0.32211539149284363,2780.0,67.0
2,0.9241666793823242,0.9774926900863647,187.0,177.0,0.20891123111049334,0.9259414076805115,0.92208331823349,2223.0,2213.0,0.8292253613471985,0.5790295004844666,133.0,449.0,0.8105129578583677,0.14312976598739624,0.36057692766189575,2751.0,75.0
3,0.9393749833106995,0.9856405854225159,141.0,150.0,0.1743783876299858,0.9377334713935852,0.9412500262260437,2250.0,2259.0,0.8529929518699646,0.587212324142456,146.0,355.0,0.7420321547649276,0.14868105947971344,0.29807692766189575,2845.0,62.0
4,0.9518749713897705,0.9909751415252686,118.0,113.0,0.1481897603223721,0.9528183937072754,0.9508333206176758,2287.0,2282.0,0.8295187950134277,0.5761433243751526,136.0,445.0,0.8604865011195062,0.13926498591899872,0.3461538553237915,2755.0,72.0
5,0.9639583230018616,0.9937756657600403,93.0,80.0,0.12788739047944545,0.9664851427078247,0.9612500071525574,2320.0,2307.0,0.81455397605896,0.6016691327095032,135.0,497.0,0.8704011150998688,0.1280701756477356,0.3509615361690521,2703.0,73.0
6,0.9695833325386047,0.9962316751480103,67.0,79.0,0.11195221515993277,0.9672470688819885,0.972083330154419,2321.0,2333.0,0.8201290965080261,0.5861697196960449,133.0,480.0,0.8960330827695103,0.13513512909412384,0.36057692766189575,2720.0,75.0
