,accuracy,auc,false_negatives,false_positives,loss,precision,recall,true_negatives,true_positives,val_accuracy,val_auc,val_false_negatives,val_false_positives,val_loss,val_precision,val_recall,val_true_negatives,val_true_positives
0,0.6893181800842285,0.7610205411911011,838.0,529.0,0.5868039260127328,0.7202538251876831,0.6190909147262573,1671.0,1362.0,0.9071192741394043,0.4812462627887726,788.0,0.0,0.41983025164494026,0.0,0.0,7696.0,0.0
1,0.8534091114997864,0.9290904998779297,334.0,311.0,0.4063039317998019,0.8571428656578064,0.8481818437576294,1889.0,1866.0,0.9071192741394043,0.5475972890853882,788.0,0.0,0.3285444207991816,0.0,0.0,7696.0,0.0
2,0.8981817960739136,0.9629777073860168,206.0,242.0,0.32571373321793295,0.8917710185050964,0.9063636660575867,1958.0,1994.0,0.9070014357566833,0.623984158039093,788.0,1.0,0.3260691716585559,0.0,0.0,7695.0,0.0
3,0.9288636445999146,0.9783390760421753,130.0,183.0,0.27251362139528446,0.9187749624252319,0.9409090876579285,2017.0,2070.0,0.9034653306007385,0.6629351377487183,737.0,82.0,0.31951602218511926,0.3834586441516876,0.06472080945968628,7614.0,51.0
4,0.9404545426368713,0.9856666326522827,99.0,163.0,0.23638839732516895,0.9280035495758057,0.9549999833106995,2037.0,2101.0,0.8863743543624878,0.6409132480621338,639.0,325.0,0.353539175466792,0.31434598565101624,0.18908628821372986,7371.0,149.0
5,0.9445454478263855,0.9886574745178223,106.0,138.0,0.2122053532708775,0.9381720423698425,0.9518181681632996,2062.0,2094.0,0.8338047862052917,0.6508385539054871,529.0,881.0,0.41332095590249257,0.2271929830312729,0.32868021726608276,6815.0,259.0
6,0.9593181610107422,0.9926949143409729,61.0,118.0,0.18766177903522144,0.9477182030677795,0.9722727537155151,2082.0,2139.0,0.8394625186920166,0.6672347187995911,516.0,846.0,0.397964169160199,0.24329158663749695,0.34517765045166016,6850.0,272.0
7,0.9668181538581848,0.9952329397201538,55.0,91.0,0.16741253045472232,0.9593023061752319,0.9750000238418579,2109.0,2145.0,0.8645685911178589,0.672269344329834,566.0,583.0,0.3629545692226225,0.27577638626098633,0.2817258834838867,7113.0,222.0
8,0.9661363363265991,0.9953768253326416,58.0,91.0,0.15625930141318928,0.9592476487159729,0.9736363887786865,2109.0,2142.0,0.8796558380126953,0.6842329502105713,559.0,462.0,0.3443998012521367,0.3314037621021271,0.2906091511249542,7234.0,229.0
