,accuracy,auc,false_negatives,false_positives,loss,precision,recall,true_negatives,true_positives,val_accuracy,val_auc,val_false_negatives,val_false_positives,val_loss,val_precision,val_recall,val_true_negatives,val_true_positives
0,0.6709091067314148,0.756258487701416,1093.0,355.0,0.6081791948188435,0.7571819424629211,0.5031818151473999,1845.0,1107.0,0.8441959023475647,0.4772588908672333,1616.0,0.0,0.5323379108494789,0.0,0.0,8756.0,0.0
1,0.8463636636734009,0.9243661761283875,403.0,273.0,0.4153378341414712,0.8681159615516663,0.8168181777000427,1927.0,1797.0,0.8441959023475647,0.600471019744873,1616.0,0.0,0.49055132559492376,0.0,0.0,8756.0,0.0
2,0.8904545307159424,0.9591425657272339,237.0,245.0,0.3365126102620905,0.8890398740768433,0.8922727108001709,1955.0,1963.0,0.8419784307479858,0.6477718949317932,1493.0,146.0,0.470871251566365,0.45724907517433167,0.07611386477947235,8610.0,123.0
3,0.9143182039260864,0.9724213480949402,160.0,217.0,0.29228091359138486,0.9038546681404114,0.9272727370262146,1983.0,2040.0,0.7530852556228638,0.5157448053359985,1330.0,1231.0,0.5426852138999618,0.18852999806404114,0.17698019742965698,7525.0,286.0
4,0.9356818199157715,0.9835949540138245,122.0,161.0,0.2505143866755746,0.928092896938324,0.9445454478263855,2039.0,2078.0,0.6983224153518677,0.5209761261940002,1305.0,1824.0,0.5888171737321868,0.1456674486398697,0.19245049357414246,6932.0,311.0
5,0.9413636326789856,0.9877541661262512,99.0,159.0,0.22615755888548764,0.9296460151672363,0.9549999833106995,2041.0,2101.0,0.6734477281570435,0.5154733061790466,1275.0,2112.0,0.65686150025641,0.13901345431804657,0.21101485192775726,6644.0,341.0
6,0.953181803226471,0.9903823733329773,77.0,129.0,0.20408070786432786,0.9427176117897034,0.9649999737739563,2071.0,2123.0,0.6538758277893066,0.4929611384868622,1242.0,2348.0,0.7018767339218734,0.13739897310733795,0.2314356416463852,6408.0,374.0
7,0.9599999785423279,0.9936680793762207,59.0,117.0,0.18334655311974613,0.9481842517852783,0.9731818437576294,2083.0,2141.0,0.7149055004119873,0.581159770488739,1326.0,1631.0,0.6247235020551496,0.15096303820610046,0.1794554442167282,7125.0,290.0
