,accuracy,auc,false_negatives,false_positives,loss,precision,recall,true_negatives,true_positives,val_accuracy,val_auc,val_false_negatives,val_false_positives,val_loss,val_precision,val_recall,val_true_negatives,val_true_positives
0,0.690625011920929,0.7739050388336182,1150.0,335.0,0.5926238715648651,0.7886435389518738,0.5208333134651184,2065.0,1250.0,0.8545304536819458,0.28897228837013245,1088.0,145.0,0.6512890764709461,0.05228758230805397,0.007299270015209913,7235.0,8.0
1,0.8610416650772095,0.9403502941131592,439.0,228.0,0.3881025790174802,0.8958428502082825,0.8170833587646484,2172.0,1961.0,0.7818546295166016,0.4284515976905823,1037.0,812.0,0.6045610258015556,0.06773823499679565,0.05383211746811867,6568.0,59.0
2,0.9037500023841858,0.9677220582962036,261.0,201.0,0.3099855614701907,0.9141025543212891,0.8912500143051147,2199.0,2139.0,0.7028079032897949,0.42727580666542053,1008.0,1511.0,0.5763593480630886,0.055034395307302475,0.08029197156429291,5869.0,88.0
3,0.9272916913032532,0.9799472689628601,191.0,158.0,0.262243991792202,0.9332488179206848,0.9204166531562805,2242.0,2209.0,0.585181713104248,0.3322432041168213,1020.0,2496.0,0.7174879143180685,0.029548989608883858,0.06934306770563126,4884.0,76.0
4,0.940416693687439,0.9848329424858093,142.0,144.0,0.23120854829748472,0.940049946308136,0.940833330154419,2256.0,2258.0,0.6563237309455872,0.33050966262817383,1077.0,1836.0,0.7077001376836127,0.010242587886750698,0.017335766926407814,5544.0,19.0
5,0.9508333206176758,0.9905779957771301,120.0,116.0,0.20359538207451502,0.9515859484672546,0.949999988079071,2284.0,2280.0,0.6362671256065369,0.28076592087745667,1073.0,2010.0,0.8015462873734748,0.011313330382108688,0.020985402166843414,5370.0,23.0
6,0.9579166769981384,0.9923499226570129,95.0,107.0,0.18370909025271734,0.9556384682655334,0.9604166746139526,2293.0,2305.0,0.6196318864822388,0.29657137393951416,1059.0,2165.0,0.8398659829403669,0.01680290699005127,0.03375912457704544,5215.0,37.0
7,0.9639583230018616,0.9948692321777344,84.0,89.0,0.1669178720812003,0.9629937410354614,0.9649999737739563,2311.0,2316.0,0.6419301629066467,0.3129824995994568,1071.0,1964.0,0.8149583039839575,0.012569130398333073,0.02281021885573864,5416.0,25.0
