,accuracy,auc,false_negatives,false_positives,loss,precision,recall,true_negatives,true_positives,val_accuracy,val_auc,val_false_negatives,val_false_positives,val_loss,val_precision,val_recall,val_true_negatives,val_true_positives
0,0.8704166412353516,0.9413738250732422,314.0,308.0,0.31683378646771115,0.871345043182373,0.8691666722297668,2092.0,2086.0,0.7201510071754456,0.34914693236351013,1074.0,1298.0,0.7449138179991031,0.01666666753590107,0.020072992891073227,6082.0,22.0
1,0.925000011920929,0.9798979759216309,188.0,172.0,0.22022590592503546,0.9278523325920105,0.92166668176651,2228.0,2212.0,0.6894761919975281,0.32106834650039673,1082.0,1550.0,0.8162486941367739,0.008951406925916672,0.012773722410202026,5830.0,14.0
2,0.950208306312561,0.9900231957435608,121.0,118.0,0.17811409036318462,0.9507718086242676,0.9495833516120911,2282.0,2279.0,0.6840490698814392,0.3390670716762543,1055.0,1623.0,0.844661156486486,0.024639423936605453,0.03740875795483589,5757.0,41.0
3,0.9602083563804626,0.9936133027076721,89.0,102.0,0.15628495916724205,0.9577289819717407,0.9629166722297668,2298.0,2311.0,0.6971448659896851,0.3379766345024109,1084.0,1483.0,0.8354488421352814,0.008026755414903164,0.010948904789984226,5897.0,12.0
4,0.9677083492279053,0.9949348568916321,70.0,85.0,0.1402070682744185,0.9648033380508423,0.9708333611488342,2315.0,2330.0,0.7044596672058105,0.35215482115745544,1078.0,1427.0,0.8290800492456354,0.012456747703254223,0.016423357650637627,5953.0,18.0
5,0.9737499952316284,0.9966651201248169,62.0,64.0,0.12656716580192248,0.9733555316925049,0.9741666913032532,2336.0,2338.0,0.6920717358589172,0.3396647572517395,1078.0,1532.0,0.8853046367926776,0.011612903326749802,0.016423357650637627,5848.0,18.0
