,accuracy,auc,false_negatives,false_positives,loss,pr,precision,recall,true_negatives,true_positives,val_accuracy,val_auc,val_false_negatives,val_false_positives,val_loss,val_pr,val_precision,val_recall,val_true_negatives,val_true_positives
0,0.9293181896209717,0.9781581163406372,168.0,143.0,0.18893807489763606,0.97910076379776,0.9342528581619263,0.9236363768577576,2057.0,2032.0,0.7494080662727356,0.798867404460907,1216.0,1324.0,0.6066083712378354,0.6348534822463989,0.5539083480834961,0.5748251676559448,5952.0,1644.0
1,0.9593181610107422,0.992301881313324,91.0,88.0,0.12771489891138943,0.9920473694801331,0.9599453806877136,0.9586363434791565,2112.0,2109.0,0.7744672298431396,0.8445343375205994,1201.0,1085.0,0.5135556602440392,0.681912362575531,0.6045918464660645,0.5800699591636658,6191.0,1659.0
2,0.9688636660575867,0.9951993227005005,64.0,73.0,0.10628746444528753,0.9949958324432373,0.9669533967971802,0.9709091186523438,2127.0,2136.0,0.7754538059234619,0.8403084874153137,1173.0,1103.0,0.5249792332713211,0.674033522605896,0.6046594977378845,0.5898601412773132,6173.0,1687.0
3,0.9763636589050293,0.9979879856109619,49.0,55.0,0.08562966992231932,0.9979733824729919,0.9750679731369019,0.9777272939682007,2145.0,2151.0,0.773776650428772,0.834933340549469,1291.0,1002.0,0.5333390795723509,0.6661925911903381,0.6102683544158936,0.5486013889312744,6274.0,1569.0
4,0.984318196773529,0.9990653991699219,31.0,38.0,0.06953798399730163,0.9990467429161072,0.9827820658683777,0.985909104347229,2162.0,2169.0,0.7751578688621521,0.839536190032959,1295.0,984.0,0.5329755826455548,0.675901472568512,0.6139662861824036,0.5472028255462646,6292.0,1565.0
5,0.9870454668998718,0.9992144107818604,26.0,31.0,0.06381970072334463,0.9992169737815857,0.9859410524368286,0.9881818294525146,2169.0,2174.0,0.7675611972808838,0.8144689798355103,1334.0,1022.0,0.5802537757953322,0.6476760506629944,0.598901093006134,0.533566415309906,6254.0,1526.0
6,0.9879545569419861,0.9993830323219299,27.0,26.0,0.06009591140530326,0.9993906617164612,0.9881764650344849,0.9877272844314575,2174.0,2173.0,0.7673638463020325,0.8226855993270874,1218.0,1140.0,0.5741357609053344,0.6614899635314941,0.5902228355407715,0.5741258859634399,6136.0,1642.0
