,accuracy,auc,false_negatives,false_positives,loss,pr,precision,recall,true_negatives,true_positives,val_accuracy,val_auc,val_false_negatives,val_false_positives,val_loss,val_pr,val_precision,val_recall,val_true_negatives,val_true_positives
0,0.8966666460037231,0.9605752825737,249.0,247.0,0.2540384714305401,0.9586716294288635,0.8969975113868713,0.8962500095367432,2153.0,2151.0,0.6859367489814758,0.32024243474006653,1062.0,1600.0,1.1554469572254484,0.0875660628080368,0.020807834342122078,0.031021898612380028,5780.0,34.0
1,0.9512500166893005,0.9874001145362854,103.0,131.0,0.1545098805675904,0.9855762720108032,0.9460461139678955,0.9570833444595337,2269.0,2297.0,0.7153138518333435,0.3323535621166229,1079.0,1334.0,1.0423500979492382,0.08904045820236206,0.012583271600306034,0.015510949306190014,6046.0,17.0
2,0.9647916555404663,0.993393063545227,77.0,92.0,0.12134993620216847,0.9933671951293945,0.961904764175415,0.9679166674613953,2308.0,2323.0,0.6895941495895386,0.2878998816013336,1051.0,1580.0,1.1773044646151958,0.0840742215514183,0.02769230678677559,0.04105839505791664,5800.0,45.0
3,0.9758333563804626,0.9967011213302612,50.0,66.0,0.09699599099655946,0.9968217015266418,0.9726821184158325,0.9791666865348816,2334.0,2350.0,0.7193251252174377,0.29688912630081177,1077.0,1302.0,1.182693318580332,0.08500286936759949,0.0143830431625247,0.017335766926407814,6078.0,19.0
4,0.9775000214576721,0.9982026815414429,46.0,62.0,0.08424081929028034,0.9982252717018127,0.9743377566337585,0.9808333516120911,2338.0,2354.0,0.6985606551170349,0.2949751317501068,1068.0,1487.0,1.208953067625171,0.08475358039140701,0.018481848761439323,0.025547444820404053,5893.0,28.0
5,0.9797916412353516,0.9982514977455139,44.0,53.0,0.08011557471007108,0.9983196258544922,0.9779991507530212,0.9816666841506958,2347.0,2356.0,0.7187352776527405,0.30953171849250793,1079.0,1305.0,1.1783835113808028,0.08639153093099594,0.012859304435551167,0.015510949306190014,6075.0,17.0
6,0.9854166507720947,0.9986574053764343,33.0,37.0,0.06929034767051538,0.9985991716384888,0.9846090078353882,0.9862499833106995,2363.0,2367.0,0.730887234210968,0.32863011956214905,1083.0,1198.0,1.1485906681850193,0.08861348778009415,0.010734929703176022,0.011861314065754414,6182.0,13.0
