,accuracy,auc,false_negatives,false_positives,loss,pr,precision,recall,true_negatives,true_positives,val_accuracy,val_auc,val_false_negatives,val_false_positives,val_loss,val_pr,val_precision,val_recall,val_true_negatives,val_true_positives
0,0.9466666579246521,0.9843452572822571,104.0,152.0,0.15617505145569643,0.9845422506332397,0.9379084706306458,0.9566666483879089,2248.0,2296.0,0.6335470080375671,0.9464547634124756,5.0,681.0,0.924738350077572,0.7162749171257019,0.2118055522441864,0.9734042286872864,1003.0,183.0
1,0.9585416913032532,0.9917221069335938,83.0,116.0,0.12184922885149717,0.9917524456977844,0.952322244644165,0.965416669845581,2284.0,2317.0,0.754807710647583,0.9735100269317627,6.0,453.0,0.5607892656937624,0.8702409267425537,0.28661417961120605,0.9680851101875305,1231.0,182.0
2,0.9693750143051147,0.9958937168121338,55.0,92.0,0.09609194299827019,0.995916485786438,0.962248682975769,0.9770833253860474,2308.0,2345.0,0.685363233089447,0.959921658039093,4.0,585.0,0.7583458044080653,0.7640938758850098,0.23927177488803864,0.978723406791687,1099.0,184.0
3,0.9745833277702332,0.9971184134483337,58.0,64.0,0.08638661343604326,0.9971268773078918,0.973399817943573,0.9758333563804626,2336.0,2342.0,0.6399572491645813,0.9647148251533508,1.0,673.0,0.8704123170966775,0.7831881046295166,0.2174418568611145,0.9946808218955994,1011.0,187.0
4,0.9795833230018616,0.997914731502533,39.0,59.0,0.07596880050996939,0.9979342222213745,0.9756198525428772,0.9837499856948853,2341.0,2361.0,0.68482905626297,0.9671801328659058,2.0,588.0,0.7706603652391678,0.8143864870071411,0.24031007289886475,0.9893617033958435,1096.0,186.0
5,0.98416668176651,0.9990965723991394,25.0,51.0,0.06476346732427676,0.9991134405136108,0.9789777398109436,0.9895833134651184,2349.0,2375.0,0.6356837749481201,0.9662389159202576,0.0,682.0,0.8988817695878509,0.7583431005477905,0.21609196066856384,1.0,1002.0,188.0
6,0.9858333468437195,0.9990425109863281,34.0,34.0,0.061310827707250916,0.9990497827529907,0.9858333468437195,0.9858333468437195,2366.0,2366.0,0.6837607026100159,0.9644353985786438,4.0,588.0,0.7627428703837924,0.7838297486305237,0.23834197223186493,0.978723406791687,1096.0,184.0
