,accuracy,auc,false_negatives,false_positives,loss,pr,precision,recall,true_negatives,true_positives,val_accuracy,val_auc,val_false_negatives,val_false_positives,val_loss,val_pr,val_precision,val_recall,val_true_negatives,val_true_positives
0,0.9506250023841858,0.9874570965766907,101.0,136.0,0.13927560354272525,0.9858843088150024,0.9441478252410889,0.9579166769981384,2264.0,2299.0,0.8538732528686523,0.6341511011123657,145.0,353.0,0.8152021340361224,0.10164900869131088,0.15144230425357819,0.30288460850715637,2847.0,63.0
1,0.9624999761581421,0.9933135509490967,70.0,110.0,0.11140620030462742,0.9923908710479736,0.9549180269241333,0.9708333611488342,2290.0,2330.0,0.8301056623458862,0.675714373588562,131.0,448.0,0.903729561209119,0.1107160672545433,0.14666666090488434,0.3701923191547394,2752.0,77.0
2,0.9747916460037231,0.99664306640625,51.0,70.0,0.08970042473326127,0.9966357946395874,0.971062421798706,0.9787499904632568,2330.0,2349.0,0.8632628917694092,0.6469404101371765,148.0,318.0,0.805037372234002,0.10407501459121704,0.1587301641702652,0.2884615361690521,2882.0,60.0
3,0.9800000190734863,0.998226523399353,44.0,52.0,0.0758353473742803,0.9983452558517456,0.9784052968025208,0.9816666841506958,2348.0,2356.0,0.8482981324195862,0.6434089541435242,137.0,380.0,0.8595971545563058,0.10415283590555191,0.15742793679237366,0.3413461446762085,2820.0,71.0
4,0.9822916388511658,0.998563826084137,30.0,55.0,0.06944609829535087,0.9985266923904419,0.977319598197937,0.987500011920929,2345.0,2370.0,0.8606220483779907,0.6569598317146301,146.0,329.0,0.8246938952817603,0.10569420456886292,0.15856777131557465,0.29807692766189575,2871.0,62.0
5,0.9839583039283752,0.9986612200737,39.0,38.0,0.06715388683602214,0.9987069368362427,0.9841600656509399,0.9837499856948853,2362.0,2361.0,0.8471243977546692,0.646714985370636,138.0,383.0,0.8723881249556519,0.10428991168737411,0.15452538430690765,0.3365384638309479,2817.0,70.0
6,0.9858333468437195,0.9991352558135986,29.0,39.0,0.06084197523693244,0.9991233944892883,0.9838173985481262,0.9879166483879089,2361.0,2371.0,0.8389084339141846,0.6597852110862732,133.0,416.0,0.8918574660176962,0.10741274803876877,0.15274949371814728,0.36057692766189575,2784.0,75.0
7,0.9916666746139526,0.9997255206108093,13.0,27.0,0.050740562845021486,0.999727725982666,0.9888152480125427,0.9945833086967468,2373.0,2387.0,0.827464759349823,0.6699693202972412,133.0,455.0,0.9324995048449073,0.10847384482622147,0.14150942862033844,0.36057692766189575,2745.0,75.0
