,accuracy,auc,false_negatives,false_positives,loss,pr,precision,recall,true_negatives,true_positives,val_accuracy,val_auc,val_false_negatives,val_false_positives,val_loss,val_pr,val_precision,val_recall,val_true_negatives,val_true_positives
0,0.8490909337997437,0.9224469661712646,295.0,369.0,0.3541362595558166,0.9160161018371582,0.837730884552002,0.8659090995788574,1831.0,1905.0,0.7594485282897949,0.6517450213432312,964.0,1531.0,0.6169305144706105,0.3906993865966797,0.29867154359817505,0.4034653604030609,7225.0,652.0
1,0.9222727417945862,0.9738314747810364,150.0,192.0,0.21842007106000727,0.972835898399353,0.9143621921539307,0.9318181872367859,2008.0,2050.0,0.7958927750587463,0.6761130094528198,973.0,1144.0,0.596742177119919,0.408826619386673,0.3598209321498871,0.39789605140686035,7612.0,643.0
2,0.9384090900421143,0.9832373857498169,113.0,158.0,0.1821659771420739,0.9813655018806458,0.9296213984489441,0.9486363530158997,2042.0,2087.0,0.7716929912567139,0.6561372876167297,963.0,1405.0,0.6591052425629468,0.3882024884223938,0.31729835271835327,0.40408414602279663,7351.0,653.0
3,0.955227255821228,0.9913008213043213,80.0,117.0,0.14444092203270306,0.9906712770462036,0.9476978182792664,0.9636363387107849,2083.0,2120.0,0.7866371273994446,0.678193986415863,946.0,1267.0,0.6152113835254416,0.4089191257953644,0.3458957076072693,0.41460394859313965,7489.0,670.0
4,0.9684090614318848,0.9950709342956543,59.0,80.0,0.11917934046550231,0.994601845741272,0.9639801979064941,0.9731818437576294,2120.0,2141.0,0.7799845933914185,0.6622487902641296,988.0,1294.0,0.6523764790414707,0.39766353368759155,0.3267429769039154,0.38861384987831116,7462.0,628.0
5,0.9740909337997437,0.9970880746841431,36.0,78.0,0.10418684490702369,0.9970336556434631,0.9652096629142761,0.9836363792419434,2122.0,2164.0,0.7840339541435242,0.7259418964385986,919.0,1321.0,0.5978148128137688,0.41851210594177246,0.34539148211479187,0.43131187558174133,7435.0,697.0
6,0.980681836605072,0.9983203411102295,30.0,55.0,0.08479021308096972,0.9983775615692139,0.9752808809280396,0.9863636493682861,2145.0,2170.0,0.7682221531867981,0.7012335062026978,941.0,1463.0,0.6665670507279685,0.4009486138820648,0.31571561098098755,0.4176980257034302,7293.0,675.0
