,accuracy,auc,false_negatives,false_positives,loss,pr,precision,recall,true_negatives,true_positives,val_accuracy,val_auc,val_false_negatives,val_false_positives,val_loss,val_pr,val_precision,val_recall,val_true_negatives,val_true_positives
0,0.7409374713897705,0.8443113565444946,628.0,201.0,2.0952574771642687,0.8195616602897644,0.8286445140838623,0.6075000166893005,1399.0,972.0,0.7621393203735352,0.8019566535949707,1155.0,1549.0,3.209907419387091,0.4440158009529114,0.4784511923789978,0.551630437374115,7243.0,1421.0
1,0.8687499761581421,0.9626482725143433,353.0,67.0,0.8969185310602188,0.9608102440834045,0.9490106701850891,0.7793750166893005,1533.0,1247.0,0.7640746235847473,0.7984141707420349,1868.0,814.0,2.315271595219002,0.442704439163208,0.46517738699913025,0.2748447060585022,7978.0,708.0
2,0.9128124713897705,0.9829720854759216,227.0,52.0,0.6348804798722267,0.9823414087295532,0.9635087847709656,0.8581249713897705,1548.0,1373.0,0.752375066280365,0.7758026719093323,1430.0,1385.0,2.8753993689049135,0.41835832595825195,0.452785462141037,0.4448757767677307,7407.0,1146.0
3,0.9440624713897705,0.9917529225349426,143.0,36.0,0.45400051176548006,0.9920112490653992,0.9758874773979187,0.9106249809265137,1564.0,1457.0,0.7428747415542603,0.7369529604911804,1940.0,983.0,2.7684713882052674,0.3688559830188751,0.3928350806236267,0.24689440429210663,7809.0,636.0
4,0.9609375,0.9949984550476074,102.0,23.0,0.358385473638773,0.9946370124816895,0.9848783612251282,0.9362499713897705,1577.0,1498.0,0.7204433679580688,0.7257329225540161,1612.0,1566.0,3.627704614321167,0.3646146059036255,0.3810276687145233,0.37422358989715576,7226.0,964.0
5,0.981249988079071,0.9988988041877747,54.0,6.0,0.2089623660594225,0.9989867210388184,0.9961340427398682,0.9662500023841858,1594.0,1546.0,0.7363652586936951,0.706741988658905,1989.0,1008.0,3.3560600076067373,0.34816986322402954,0.3680250644683838,0.22787266969680786,7784.0,587.0
6,0.9912499785423279,0.9996697306632996,24.0,4.0,0.13444621566683054,0.9996945261955261,0.9974683523178101,0.9850000143051147,1596.0,1576.0,0.7334623336791992,0.7058891654014587,1895.0,1135.0,3.6208372320783213,0.3566199243068695,0.375,0.2643633484840393,7657.0,681.0
