,accuracy,auc,false_negatives,false_positives,loss,pr,precision,recall,true_negatives,true_positives,val_accuracy,val_auc,val_false_negatives,val_false_positives,val_loss,val_pr,val_precision,val_recall,val_true_negatives,val_true_positives
0,0.9090909361839294,0.9748227596282959,317.0,83.0,0.7451033760200847,0.9753304123878479,0.9577823281288147,0.8559091091156006,2117.0,1883.0,0.7596685290336609,0.7892817854881287,1478.0,958.0,3.3906454728076847,0.5824918746948242,0.5905982851982117,0.483216792345047,6318.0,1382.0
1,0.9540908932685852,0.9931496977806091,166.0,36.0,0.39524421280080624,0.9931355714797974,0.9826086759567261,0.9245454668998718,2164.0,2034.0,0.7750592231750488,0.8307185173034668,1401.0,879.0,2.95411212602373,0.6245924234390259,0.6240376234054565,0.5101398825645447,6397.0,1459.0
2,0.9711363911628723,0.9979586005210876,108.0,19.0,0.24964441123333844,0.9979984164237976,0.9909995198249817,0.9509090781211853,2181.0,2092.0,0.7776243090629578,0.8094483613967896,1497.0,757.0,2.680876491007696,0.6218904256820679,0.6429245471954346,0.4765734374523163,6519.0,1363.0
3,0.9781818389892578,0.9990341663360596,83.0,13.0,0.185083995569836,0.9990566372871399,0.9938967227935791,0.9622727036476135,2187.0,2117.0,0.7661799788475037,0.8062569499015808,1494.0,876.0,2.980041603827533,0.6188600659370422,0.6092774271965027,0.477622389793396,6400.0,1366.0
4,0.9913636445999146,0.9996126890182495,34.0,4.0,0.12601566601205955,0.999634861946106,0.9981566667556763,0.9845454692840576,2196.0,2166.0,0.7710142135620117,0.8222143650054932,1351.0,970.0,3.2922861481992487,0.630922257900238,0.6087132096290588,0.527622401714325,6306.0,1509.0
5,0.9943181872367859,0.9999060034751892,24.0,1.0,0.09949869365854697,0.9999078512191772,0.9995406270027161,0.9890909194946289,2199.0,2176.0,0.7709155678749084,0.8077742457389832,1498.0,824.0,3.114702784930427,0.6238183379173279,0.6230558156967163,0.47622376680374146,6452.0,1362.0
6,0.9952272772789001,0.99991375207901,18.0,3.0,0.07977409348569132,0.9999147653579712,0.9986270070075989,0.9918181896209717,2197.0,2182.0,0.7772296667098999,0.8119361996650696,1522.0,736.0,3.022953921166008,0.6292389035224915,0.6451301574707031,0.46783217787742615,6540.0,1338.0
7,0.9965909123420715,0.9999215006828308,12.0,3.0,0.06837473984469067,0.9999237656593323,0.9986307621002197,0.9945454597473145,2197.0,2188.0,0.7774270176887512,0.8187985420227051,1560.0,696.0,3.125262053349682,0.6304888129234314,0.6513025760650635,0.4545454680919647,6580.0,1300.0
