,accuracy,auc,false_negatives,false_positives,loss,pr,precision,recall,true_negatives,true_positives,val_accuracy,val_auc,val_false_negatives,val_false_positives,val_loss,val_pr,val_precision,val_recall,val_true_negatives,val_true_positives
0,0.8947916626930237,0.9618625640869141,391.0,114.0,0.9700612059235573,0.9639921188354492,0.9463024139404297,0.8370833396911621,2286.0,2009.0,0.8665373921394348,0.753125011920929,555.0,202.0,1.9062038395653658,0.3953807055950165,0.5674518346786499,0.3231707215309143,4650.0,265.0
1,0.9360416531562805,0.9880843162536621,249.0,58.0,0.5040448319415252,0.9885326027870178,0.9737437963485718,0.8962500095367432,2342.0,2151.0,0.8690056204795837,0.8262209892272949,468.0,275.0,1.4435267969230334,0.5081456899642944,0.5614035129547119,0.4292683005332947,4577.0,352.0
2,0.9574999809265137,0.9948253035545349,175.0,29.0,0.3495408943295479,0.9950252175331116,0.9871339797973633,0.9270833134651184,2371.0,2225.0,0.8415021300315857,0.8429769277572632,376.0,523.0,1.8884201027106162,0.5214930772781372,0.4591520130634308,0.5414634346961975,4329.0,444.0
3,0.971666693687439,0.9979299306869507,116.0,20.0,0.2445345555494229,0.9980102777481079,0.9913194179534912,0.9516666531562805,2380.0,2284.0,0.851375162601471,0.8563628196716309,365.0,478.0,1.741634505444925,0.5303757786750793,0.48767417669296265,0.5548780560493469,4374.0,455.0
4,0.9795833230018616,0.9989590048789978,88.0,10.0,0.18999193082253138,0.998987078666687,0.9956933856010437,0.9633333086967468,2390.0,2312.0,0.8654795289039612,0.8426727056503296,499.0,264.0,1.5722431943177841,0.5196979641914368,0.5487179756164551,0.39146342873573303,4588.0,321.0
5,0.9866666793823242,0.9994773864746094,57.0,7.0,0.14562335494284828,0.9994796514511108,0.9970212578773499,0.9762499928474426,2393.0,2343.0,0.8586036562919617,0.8644062280654907,387.0,415.0,1.6789859292033025,0.5459498763084412,0.510613203048706,0.5280487537384033,4437.0,433.0
6,0.9887499809265137,0.9995167255401611,45.0,9.0,0.13251067206263542,0.999530553817749,0.9961928725242615,0.981249988079071,2391.0,2355.0,0.8416784405708313,0.8427968621253967,412.0,486.0,2.0515180023331903,0.4958997368812561,0.4563758373260498,0.497560977935791,4366.0,408.0
