,accuracy,auc,false_negatives,false_positives,loss,pr,precision,recall,true_negatives,true_positives,val_accuracy,val_auc,val_false_negatives,val_false_positives,val_loss,val_pr,val_precision,val_recall,val_true_negatives,val_true_positives
0,0.9360416531562805,0.986201822757721,232.0,75.0,0.5591463380555312,0.9854773283004761,0.9665626287460327,0.903333306312561,2325.0,2168.0,0.8169013857841492,0.6059554219245911,141.0,483.0,8.283611912402748,0.09355447441339493,0.1218181848526001,0.32211539149284363,2717.0,67.0
1,0.9583333134651184,0.9959204196929932,167.0,33.0,0.3102768200139205,0.9960464239120483,0.9854369163513184,0.9304166436195374,2367.0,2233.0,0.8394953012466431,0.6530903577804565,143.0,404.0,7.805286323240665,0.10090137273073196,0.13859274983406067,0.3125,2796.0,65.0
2,0.9816666841506958,0.9988628625869751,71.0,17.0,0.18837021383146446,0.9988737106323242,0.9927536249160767,0.9704166650772095,2383.0,2329.0,0.8142605423927307,0.6142810583114624,126.0,507.0,8.96432329959153,0.09732924401760101,0.1392190158367157,0.39423078298568726,2693.0,82.0
3,0.98458331823349,0.9994215965270996,63.0,11.0,0.1528449218099316,0.9994266033172607,0.9953151345252991,0.9737499952316284,2389.0,2337.0,0.8350939154624939,0.625115692615509,133.0,429.0,8.296891764575886,0.09906543791294098,0.1488095223903656,0.36057692766189575,2771.0,75.0
4,0.9914583563804626,0.9997615814208984,39.0,2.0,0.11040099473049243,0.9997692108154297,0.9991536140441895,0.9837499856948853,2398.0,2361.0,0.8333333134651184,0.6217857003211975,135.0,433.0,8.41175847434102,0.09900472313165665,0.14426878094673157,0.3509615361690521,2767.0,73.0
5,0.9931250214576721,0.9998495578765869,30.0,3.0,0.08894022148102522,0.9998582601547241,0.998735785484314,0.987500011920929,2397.0,2370.0,0.7793427109718323,0.6092225909233093,118.0,634.0,10.302115923921827,0.09552041441202164,0.12430939078330994,0.4326923191547394,2566.0,90.0
6,0.9962499737739563,0.9999549984931946,15.0,3.0,0.07135568164288998,0.9999547004699707,0.9987437129020691,0.9937499761581421,2397.0,2385.0,0.8057511448860168,0.6255731582641602,124.0,538.0,10.172544970198976,0.09880469739437103,0.13504822552204132,0.4038461446762085,2662.0,84.0
