,accuracy,auc,false_negatives,false_positives,loss,precision,recall,true_negatives,true_positives,val_accuracy,val_auc,val_false_negatives,val_false_positives,val_loss,val_precision,val_recall,val_true_negatives,val_true_positives
0,0.8958333134651184,0.9609035849571228,262.0,238.0,0.2544589227934678,0.8998316526412964,0.89083331823349,2162.0,2138.0,0.9881203770637512,0.0,0.0,45.0,0.05694910590050087,0.0,0.0,3743.0,0.0
1,0.9177083373069763,0.9760268926620483,189.0,206.0,0.20628767882784207,0.9147703647613525,0.9212499856948853,2194.0,2211.0,0.9765047430992126,0.0,0.0,89.0,0.08871443913865995,0.0,0.0,3699.0,0.0
2,0.9275000095367432,0.9805336594581604,158.0,190.0,0.18985620143512885,0.921875,0.934166669845581,2210.0,2242.0,0.9155226945877075,0.0,0.0,320.0,0.22265579176962438,0.0,0.0,3468.0,0.0
3,0.93729168176651,0.9848408699035645,141.0,160.0,0.17208094537258148,0.9338569641113281,0.9412500262260437,2240.0,2259.0,0.9733368754386902,0.0,0.0,101.0,0.09084685585031792,0.0,0.0,3687.0,0.0
4,0.9466666579246521,0.9880391955375671,123.0,133.0,0.15807422921061515,0.9448132514953613,0.9487500190734863,2267.0,2277.0,0.9239704608917236,0.0,0.0,288.0,0.2028323248768306,0.0,0.0,3500.0,0.0
5,0.9472916722297668,0.9893776774406433,113.0,140.0,0.14994913458824158,0.9423156380653381,0.95291668176651,2260.0,2287.0,0.9200105667114258,0.0,0.0,303.0,0.2119472077492046,0.0,0.0,3485.0,0.0
