,accuracy,auc,false_negatives,false_positives,loss,precision,recall,true_negatives,true_positives,val_accuracy,val_auc,val_false_negatives,val_false_positives,val_loss,val_precision,val_recall,val_true_negatives,val_true_positives
0,0.8581818342208862,0.931345522403717,323.0,301.0,0.3341853514584628,0.8617998361587524,0.8531818389892578,1899.0,1877.0,0.9021688103675842,0.75755375623703,474.0,356.0,0.29886496005222407,0.4686567187309265,0.398477166891098,7340.0,314.0
1,0.8977272510528564,0.9669733643531799,219.0,231.0,0.24454387979073958,0.8955696225166321,0.9004545211791992,1969.0,1981.0,0.8670438528060913,0.7484974265098572,387.0,741.0,0.3543151684688516,0.3511383533477783,0.5088832378387451,6955.0,401.0
2,0.9238636493682861,0.9796172976493835,152.0,183.0,0.20229843965985558,0.9179739952087402,0.9309090971946716,2017.0,2048.0,0.8492456674575806,0.7315576076507568,395.0,884.0,0.38887143151932085,0.3077525496482849,0.49873095750808716,6812.0,393.0
3,0.9399999976158142,0.9853181838989258,123.0,141.0,0.17868439723144877,0.9364292025566101,0.9440909028053284,2059.0,2077.0,0.884842038154602,0.7387171983718872,436.0,541.0,0.34642379529306994,0.3941769301891327,0.4467005133628845,7155.0,352.0
4,0.9484090805053711,0.9887086153030396,99.0,128.0,0.16086380311033943,0.9425751566886902,0.9549999833106995,2072.0,2101.0,0.8815417289733887,0.7407887578010559,420.0,585.0,0.3521832164055556,0.38614898920059204,0.46700507402420044,7111.0,368.0
5,0.9529545307159424,0.9918208122253418,85.0,122.0,0.14406615669077094,0.9454626441001892,0.9613636136054993,2078.0,2115.0,0.881305992603302,0.7319387197494507,428.0,579.0,0.36034009748615786,0.3833865821361542,0.4568527936935425,7117.0,360.0
