,accuracy,auc,false_negatives,false_positives,loss,precision,recall,true_negatives,true_positives,val_accuracy,val_auc,val_false_negatives,val_false_positives,val_loss,val_precision,val_recall,val_true_negatives,val_true_positives
0,0.918749988079071,0.9739162921905518,183.0,207.0,0.21719024990995725,0.9146039485931396,0.9237499833106995,2193.0,2217.0,0.7913732528686523,0.6176419258117676,128.0,583.0,0.8947366909801681,0.12066365033388138,0.38461539149284363,2617.0,80.0
1,0.9306250214576721,0.9820373058319092,155.0,178.0,0.19009307401875655,0.9265373349189758,0.9354166388511658,2222.0,2245.0,0.8262910842895508,0.625456690788269,137.0,455.0,0.8158073754097934,0.13498099148273468,0.3413461446762085,2745.0,71.0
2,0.9412500262260437,0.9856329560279846,137.0,145.0,0.17545735071102778,0.939784049987793,0.9429166913032532,2255.0,2263.0,0.7552816867828369,0.6316789388656616,124.0,710.0,0.9560485721473962,0.10579345375299454,0.4038461446762085,2490.0,84.0
3,0.9537500143051147,0.9895899295806885,118.0,104.0,0.15696145253876845,0.9564124345779419,0.9508333206176758,2296.0,2282.0,0.8257042169570923,0.64100581407547,139.0,455.0,0.8216504576340528,0.13167938590049744,0.33173078298568726,2745.0,69.0
4,0.9558333158493042,0.9913403391838074,106.0,106.0,0.14909939790765445,0.9558333158493042,0.9558333158493042,2294.0,2294.0,0.8160211443901062,0.6467781066894531,142.0,485.0,0.8432440863388805,0.1197822168469429,0.3173076808452606,2715.0,66.0
5,0.9549999833106995,0.9919713735580444,100.0,116.0,0.14369417031606038,0.9519867300987244,0.9583333134651184,2284.0,2300.0,0.8110328912734985,0.6223580837249756,133.0,511.0,0.8708751804671937,0.127986341714859,0.36057692766189575,2689.0,75.0
6,0.9581249952316284,0.9930101633071899,97.0,104.0,0.13598454934855303,0.9567927122116089,0.9595833420753479,2296.0,2303.0,0.8125,0.6160877346992493,133.0,506.0,0.8762143436172198,0.12908777594566345,0.36057692766189575,2694.0,75.0
