,accuracy,auc,false_negatives,false_positives,loss,precision,recall,true_negatives,true_positives,val_accuracy,val_auc,val_false_negatives,val_false_positives,val_loss,val_precision,val_recall,val_true_negatives,val_true_positives
0,0.8685416579246521,0.9402595162391663,333.0,298.0,0.31385708073774976,0.8739957809448242,0.8612499833106995,2102.0,2067.0,0.7261679768562317,0.40943247079849243,1071.0,1250.0,0.7329883817627274,0.019607843831181526,0.02281021885573864,6130.0,25.0
1,0.9143750071525574,0.9736089706420898,195.0,216.0,0.2236579907933871,0.910780668258667,0.918749988079071,2184.0,2205.0,0.6927796006202698,0.40336278080940247,1012.0,1592.0,0.7906909079245656,0.05011933296918869,0.07664233446121216,5788.0,84.0
2,0.9337499737739563,0.9832652807235718,149.0,169.0,0.1869942955672741,0.9301652908325195,0.9379166960716248,2231.0,2251.0,0.7015101313591003,0.43108028173446655,999.0,1531.0,0.7624360869492265,0.05958230793476105,0.0885036513209343,5849.0,97.0
3,0.9431250095367432,0.9861284494400024,132.0,141.0,0.17252008681495984,0.9414694905281067,0.9449999928474426,2259.0,2268.0,0.6834591627120972,0.44670650362968445,960.0,1723.0,0.803059441095931,0.07315760850906372,0.12408759444952011,5657.0,136.0
4,0.9506250023841858,0.9906483888626099,101.0,136.0,0.15150997747977574,0.9441478252410889,0.9579166769981384,2264.0,2299.0,0.7022180557250977,0.42710310220718384,971.0,1553.0,0.8135230528008774,0.07449344545602798,0.11405109614133835,5827.0,125.0
5,0.95333331823349,0.9923627972602844,99.0,125.0,0.14105572114388149,0.9484748840332031,0.9587500095367432,2275.0,2301.0,0.7354884147644043,0.45299819111824036,980.0,1262.0,0.741316366358825,0.08417996764183044,0.10583941638469696,6118.0,116.0
