,accuracy,auc,false_negatives,false_positives,loss,precision,recall,true_negatives,true_positives,val_accuracy,val_auc,val_false_negatives,val_false_positives,val_loss,val_precision,val_recall,val_true_negatives,val_true_positives
0,0.8974999785423279,0.9600761532783508,245.0,247.0,0.2556301859517892,0.8971690535545349,0.8979166746139526,2153.0,2155.0,0.7162576913833618,0.32944852113723755,1064.0,1341.0,0.9736225719213373,0.023306628689169884,0.029197080060839653,6039.0,32.0
1,0.9325000047683716,0.9830076694488525,152.0,172.0,0.1763799231002728,0.928925633430481,0.9366666674613953,2228.0,2248.0,0.8048607707023621,0.34265050292015076,1087.0,567.0,1.1005885098665713,0.015625,0.008211678825318813,6813.0,9.0
2,0.9472916722297668,0.9881342053413391,121.0,132.0,0.15381280136605105,0.945250928401947,0.9495833516120911,2268.0,2279.0,0.7477583885192871,0.32998740673065186,1068.0,1070.0,1.0076933587818226,0.025500910356640816,0.025547444820404053,6310.0,28.0
3,0.9549999833106995,0.9929484724998474,99.0,117.0,0.12869554318487644,0.9516128897666931,0.9587500095367432,2283.0,2301.0,0.7325389385223389,0.3496130108833313,1053.0,1214.0,0.9786013413173177,0.03420843183994293,0.039233576506376266,6166.0,43.0
4,0.9616666436195374,0.9938120245933533,85.0,99.0,0.1213313078135252,0.9589892029762268,0.9645833373069763,2301.0,2315.0,0.7449268698692322,0.3316667079925537,1053.0,1109.0,0.9773924368740872,0.0373263880610466,0.039233576506376266,6271.0,43.0
5,0.9679166674613953,0.9957557320594788,71.0,83.0,0.1072773410131534,0.9655887484550476,0.9704166650772095,2317.0,2329.0,0.7772534489631653,0.35974451899528503,1079.0,809.0,1.0020477296103278,0.020581113174557686,0.015510949306190014,6571.0,17.0
