,accuracy,auc,false_negatives,false_positives,loss,precision,recall,true_negatives,true_positives,val_accuracy,val_auc,val_false_negatives,val_false_positives,val_loss,val_precision,val_recall,val_true_negatives,val_true_positives
0,0.7571874856948853,0.8275494575500488,382.0,395.0,0.5215155039727688,0.7551146745681763,0.7612500190734863,1205.0,1218.0,0.7383884787559509,0.7318429946899414,1825.0,1149.0,0.5692391385921368,0.3952631652355194,0.29153725504875183,7643.0,751.0
1,0.8584374785423279,0.9352154731750488,177.0,276.0,0.335039214938879,0.837551474571228,0.8893749713897705,1324.0,1423.0,0.7280084490776062,0.7648190855979919,1322.0,1770.0,0.5435366813017397,0.414682537317276,0.48680123686790466,7022.0,1254.0
2,0.9037500023841858,0.9674564003944397,117.0,191.0,0.2624309639632702,0.8859020471572876,0.9268749952316284,1409.0,1483.0,0.7259852290153503,0.771041750907898,1161.0,1954.0,0.5665683177556059,0.4200059473514557,0.549301266670227,6838.0,1415.0
3,0.9237499833106995,0.9781914353370667,89.0,155.0,0.22383924826979637,0.9069628119468689,0.9443749785423279,1445.0,1511.0,0.7210590839385986,0.7342179417610168,1435.0,1736.0,0.5849360291342094,0.3965936601161957,0.4429347813129425,7056.0,1141.0
4,0.9381250143051147,0.9837156534194946,70.0,128.0,0.19792926400899888,0.9227985739707947,0.956250011920929,1472.0,1530.0,0.7171006202697754,0.7479945421218872,1168.0,2048.0,0.615411473507616,0.40740740299224854,0.5465838313102722,6744.0,1408.0
5,0.9393749833106995,0.9870686531066895,62.0,132.0,0.18103233858942985,0.9209581017494202,0.9612500071525574,1468.0,1538.0,0.6871041655540466,0.7262877821922302,1062.0,2495.0,0.7135678607758127,0.37765029072761536,0.5877329111099243,6297.0,1514.0
6,0.9528124928474426,0.9905134439468384,51.0,100.0,0.1602839235961437,0.9393571615219116,0.9681249856948853,1500.0,1549.0,0.7052251696586609,0.7113954424858093,1546.0,1805.0,0.6530721350340336,0.3633157014846802,0.3998447060585022,6987.0,1030.0
