,accuracy,auc,false_negatives,false_positives,loss,pr,precision,recall,true_negatives,true_positives,val_accuracy,val_auc,val_false_negatives,val_false_positives,val_loss,val_pr,val_precision,val_recall,val_true_negatives,val_true_positives
0,0.9085416793823242,0.9663347005844116,214.0,225.0,0.23478393589456875,0.9648284912109375,0.9066777229309082,0.9108333587646484,2175.0,2186.0,0.7043416500091553,0.32771065831184387,1054.0,1452.0,1.090992919506471,0.08845099806785583,0.02811245061457157,0.03832116723060608,5928.0,42.0
1,0.9516666531562805,0.9903119802474976,116.0,116.0,0.14248280800879,0.9908004403114319,0.9516666531562805,0.9516666531562805,2284.0,2284.0,0.7225106358528137,0.30496883392333984,1067.0,1285.0,1.1102608143580077,0.08583410829305649,0.022070014849305153,0.02645985409617424,6095.0,29.0
2,0.9672916531562805,0.9952455759048462,64.0,93.0,0.11116369932889938,0.9951984882354736,0.961712658405304,0.9733333587646484,2307.0,2336.0,0.7055214643478394,0.2937765419483185,1052.0,1444.0,1.1394470171750632,0.0847378522157669,0.029569892212748528,0.040145985782146454,5936.0,44.0
3,0.9750000238418579,0.9963454604148865,57.0,63.0,0.09762683586527904,0.9958539605140686,0.9738154411315918,0.9762499928474426,2337.0,2343.0,0.7096507549285889,0.28782323002815247,1053.0,1408.0,1.1601990161216613,0.08412715047597885,0.029634734615683556,0.039233576506376266,5972.0,43.0
4,0.9833333492279053,0.9984739422798157,31.0,49.0,0.07578393855442603,0.9984585046768188,0.9797353148460388,0.9870833158493042,2351.0,2369.0,0.7137801051139832,0.2972821593284607,1046.0,1380.0,1.1723368456758605,0.08514132350683212,0.03496503457427025,0.04562043771147728,6000.0,50.0
5,0.9852083325386047,0.9989620447158813,37.0,34.0,0.0717329687004288,0.9989804029464722,0.9858155846595764,0.98458331823349,2366.0,2363.0,0.7058753967285156,0.300418883562088,1037.0,1456.0,1.1633049703927016,0.08551088720560074,0.03894389420747757,0.05383211746811867,5924.0,59.0
