,accuracy,auc,false_negatives,false_positives,loss,pr,precision,recall,true_negatives,true_positives,val_accuracy,val_auc,val_false_negatives,val_false_positives,val_loss,val_pr,val_precision,val_recall,val_true_negatives,val_true_positives
0,0.9214583039283752,0.9780163764953613,180.0,197.0,0.2110093296567599,0.9769512414932251,0.9184939861297607,0.925000011920929,2203.0,2220.0,0.8295187950134277,0.6325225234031677,142.0,439.0,0.7053730082064168,0.0982123613357544,0.13069306313991547,0.3173076808452606,2761.0,66.0
1,0.9439583420753479,0.9885143637657166,110.0,159.0,0.17228918539981047,0.9880135655403137,0.9350755214691162,0.9541666507720947,2241.0,2290.0,0.7699530720710754,0.6137822866439819,129.0,655.0,0.8368481275900989,0.09456253796815872,0.10762942582368851,0.3798076808452606,2545.0,79.0
2,0.9483333230018616,0.9907291531562805,109.0,139.0,0.15999515429139138,0.9908342361450195,0.942798376083374,0.9545833468437195,2261.0,2291.0,0.783450722694397,0.6386922001838684,125.0,613.0,0.8089686418083352,0.09940270334482193,0.11925287544727325,0.3990384638309479,2587.0,83.0
3,0.9606249928474426,0.9939107298851013,84.0,105.0,0.14270648678143819,0.9937456846237183,0.9566295146942139,0.9649999737739563,2295.0,2316.0,0.8078051805496216,0.609535813331604,131.0,524.0,0.785054989543879,0.09480934590101242,0.1281197965145111,0.3701923191547394,2676.0,77.0
4,0.9693750143051147,0.9961796998977661,68.0,79.0,0.12581362833579382,0.996268093585968,0.9672335386276245,0.971666693687439,2321.0,2332.0,0.7529342770576477,0.6272618174552917,120.0,722.0,0.90042657639499,0.09755327552556992,0.10864197462797165,0.42307692766189575,2478.0,88.0
5,0.9743750095367432,0.9970678091049194,45.0,78.0,0.11829798651238282,0.9971319437026978,0.9679408073425293,0.981249988079071,2322.0,2355.0,0.8028169274330139,0.603901743888855,130.0,542.0,0.8242419264126272,0.0940277948975563,0.12580645084381104,0.375,2658.0,78.0
