,accuracy,auc,false_negatives,false_positives,loss,precision,recall,true_negatives,true_positives,val_accuracy,val_auc,val_false_negatives,val_false_positives,val_loss,val_precision,val_recall,val_true_negatives,val_true_positives
0,0.6575000286102295,0.7268083691596985,1000.0,644.0,0.6094802677631378,0.6849315166473389,0.5833333134651184,1756.0,1400.0,0.11004273593425751,0.7285701632499695,1.0,1665.0,0.7289206390706902,0.10097192227840424,0.9946808218955994,19.0,187.0
1,0.8237500190734863,0.9046916961669922,484.0,362.0,0.4431944990158081,0.8410886526107788,0.7983333468437195,2038.0,1916.0,0.23771367967128754,0.7925563454627991,4.0,1423.0,0.7699407532683804,0.11449906975030899,0.978723406791687,261.0,184.0
2,0.8754166960716248,0.9479676485061646,330.0,268.0,0.3634483218193054,0.8853721022605896,0.862500011920929,2132.0,2070.0,0.29006409645080566,0.8423159718513489,9.0,1320.0,0.8516914447148641,0.11941294372081757,0.9521276354789734,364.0,179.0
3,0.8991666436195374,0.9621582627296448,250.0,234.0,0.31699497789144515,0.9018456339836121,0.8958333134651184,2166.0,2150.0,0.34188035130500793,0.8847602009773254,5.0,1227.0,0.9816269207204509,0.12978723645210266,0.9734042286872864,457.0,183.0
4,0.9108333587646484,0.9721729755401611,223.0,205.0,0.28247104356686276,0.9139378666877747,0.9070833325386047,2195.0,2177.0,0.44604700803756714,0.9185213446617126,4.0,1033.0,0.9080056762083982,0.15119145810604095,0.978723406791687,651.0,184.0
5,0.9283333420753479,0.9792118668556213,184.0,160.0,0.25488674879074097,0.932659924030304,0.9233333468437195,2240.0,2216.0,0.5486111044883728,0.9224522709846497,6.0,839.0,0.7857858655799148,0.17825661599636078,0.9680851101875305,845.0,182.0
