,accuracy,auc,false_negatives,false_positives,loss,precision,recall,true_negatives,true_positives,val_accuracy,val_auc,val_false_negatives,val_false_positives,val_loss,val_precision,val_recall,val_true_negatives,val_true_positives
0,0.7047727108001709,0.7938226461410522,377.0,922.0,0.5648284361579201,0.6641165614128113,0.8286363482475281,1278.0,1823.0,0.697612464427948,0.45410019159317017,2787.0,278.0,0.6609162833621018,0.20797720551490784,0.025524474680423737,6998.0,73.0
1,0.8638636469841003,0.9413366913795471,196.0,403.0,0.37828434445641257,0.8325716853141785,0.910909116268158,1797.0,2004.0,0.716160237789154,0.5568552613258362,2848.0,29.0,0.6031560113605027,0.2926829159259796,0.004195804242044687,7247.0,12.0
2,0.9090909361839294,0.9692070484161377,154.0,246.0,0.3007482249086553,0.8926701545715332,0.9300000071525574,1954.0,2046.0,0.7264207005500793,0.6710790991783142,2728.0,45.0,0.5592003610770159,0.7457627058029175,0.04615384712815285,7231.0,132.0
3,0.9359090924263,0.9820760488510132,110.0,172.0,0.24920398452065207,0.9239611029624939,0.949999988079071,2028.0,2090.0,0.7299723625183105,0.7451906204223633,1886.0,851.0,0.5196596553877008,0.5336986184120178,0.3405594527721405,6425.0,974.0
4,0.9449999928474426,0.9872395992279053,100.0,142.0,0.2174259451302615,0.9366636872291565,0.9545454382896423,2058.0,2100.0,0.7320442199707031,0.7868156433105469,1142.0,1574.0,0.5282515528734594,0.5218712091445923,0.6006993055343628,5702.0,1718.0
5,0.9549999833106995,0.9904117584228516,73.0,125.0,0.19377339671958577,0.9444937705993652,0.9668181538581848,2075.0,2127.0,0.6991909742355347,0.7312556505203247,1368.0,1681.0,0.5740919067761798,0.4702174663543701,0.5216783285140991,5595.0,1492.0
6,0.9613636136054993,0.9929310083389282,71.0,99.0,0.17527130294929852,0.9555655121803284,0.9677272439002991,2101.0,2129.0,0.7171468138694763,0.7675082683563232,1249.0,1618.0,0.5511708538788176,0.49891605973243713,0.5632867217063904,5658.0,1611.0
7,0.965681791305542,0.9947749972343445,58.0,93.0,0.15849375131455334,0.9583892822265625,0.9736363887786865,2107.0,2142.0,0.7063930630683899,0.7552989721298218,1213.0,1763.0,0.57646683721723,0.48299118876457214,0.5758741497993469,5513.0,1647.0
8,0.9725000262260437,0.9967348575592041,50.0,71.0,0.14479149200699545,0.9680324196815491,0.9772727489471436,2129.0,2150.0,0.7195146083831787,0.7750241160392761,1192.0,1651.0,0.5567976235872945,0.5025610327720642,0.5832167863845825,5625.0,1668.0
