,accuracy,auc,false_negatives,false_positives,loss,precision,recall,true_negatives,true_positives,val_accuracy,val_auc,val_false_negatives,val_false_positives,val_loss,val_precision,val_recall,val_true_negatives,val_true_positives
0,0.6621875166893005,0.7283517122268677,637.0,444.0,0.6132137948274612,0.6844349503517151,0.6018750071525574,1156.0,963.0,0.7733989953994751,0.38907185196876526,2576.0,0.0,0.642991943018777,0.0,0.0,8792.0,0.0
1,0.8365625143051147,0.9121116995811462,263.0,260.0,0.4392814952135086,0.8371947407722473,0.8356249928474426,1340.0,1337.0,0.7733989953994751,0.44314414262771606,2576.0,0.0,0.5773729096828087,0.0,0.0,8792.0,0.0
2,0.8915625214576721,0.9590396881103516,149.0,198.0,0.34940278723835944,0.8799272179603577,0.9068750143051147,1402.0,1451.0,0.7741907238960266,0.447660356760025,2560.0,7.0,0.5729082337279793,0.695652186870575,0.006211180239915848,8785.0,16.0
3,0.9193750023841858,0.9755025506019592,99.0,159.0,0.29572259217500685,0.9042168855667114,0.9381250143051147,1441.0,1501.0,0.7544862627983093,0.5255643725395203,2354.0,437.0,0.5697553142705993,0.3368740379810333,0.08618012070655823,8355.0,222.0
4,0.9350000023841858,0.9846659302711487,72.0,136.0,0.2547181858122349,0.9182692170143127,0.9549999833106995,1464.0,1528.0,0.691414475440979,0.5842306613922119,2076.0,1432.0,0.5867160566670219,0.25879916548728943,0.19409938156604767,7360.0,500.0
5,0.9509375095367432,0.9909880757331848,49.0,108.0,0.22564224138855934,0.9349005222320557,0.9693750143051147,1492.0,1551.0,0.6488388180732727,0.6025201678276062,1788.0,2204.0,0.6258191838388624,0.26336899399757385,0.3059006333351135,6588.0,788.0
6,0.9615625143051147,0.994571328163147,36.0,87.0,0.1964130301773548,0.9473046660423279,0.9775000214576721,1513.0,1564.0,0.628078818321228,0.6119932532310486,1545.0,2683.0,0.6717390732644395,0.2775982916355133,0.4002329111099243,6109.0,1031.0
7,0.9725000262260437,0.9962618947029114,34.0,54.0,0.17550063394010068,0.9666666388511658,0.9787499904632568,1546.0,1566.0,0.6388986706733704,0.6300288438796997,1583.0,2522.0,0.6696360394788577,0.28250354528427124,0.3854813575744629,6270.0,993.0
8,0.9731249809265137,0.99748694896698,28.0,58.0,0.1581384314596653,0.9644171595573425,0.9825000166893005,1542.0,1572.0,0.6307178139686584,0.6347012519836426,1399.0,2799.0,0.7060123113659719,0.29602617025375366,0.4569099247455597,5993.0,1177.0
