,accuracy,auc,false_negatives,false_positives,loss,precision,recall,true_negatives,true_positives,val_accuracy,val_auc,val_false_negatives,val_false_positives,val_loss,val_precision,val_recall,val_true_negatives,val_true_positives
0,0.6681249737739563,0.7412418127059937,255.0,807.0,0.6185922345519066,0.625,0.840624988079071,793.0,1345.0,0.3009324371814728,0.4418475925922394,593.0,7354.0,0.7193844744137355,0.21238085627555847,0.7697981595993042,1438.0,1983.0
1,0.8387500047683716,0.9201645255088806,117.0,399.0,0.42796924769878386,0.7879915237426758,0.9268749952316284,1201.0,1483.0,0.6414496898651123,0.5367431640625,2006.0,2070.0,0.6623759317532297,0.21590909361839294,0.2212732881307602,6722.0,570.0
2,0.8918750286102295,0.9622034430503845,85.0,261.0,0.339734555631876,0.8530405163764954,0.9468749761581421,1339.0,1515.0,0.7122625112533569,0.5030980110168457,2297.0,974.0,0.6079148050347825,0.22266560792922974,0.10830745100975037,7818.0,279.0
3,0.9162499904632568,0.9798285365104675,61.0,207.0,0.28354091495275496,0.8814433217048645,0.9618750214576721,1393.0,1539.0,0.688335657119751,0.5206202864646912,2107.0,1436.0,0.6046302491808172,0.24619422852993011,0.1820652186870575,7356.0,469.0
4,0.9375,0.9877623319625854,57.0,143.0,0.24277197629213332,0.9151838421821594,0.9643750190734863,1457.0,1543.0,0.6649366617202759,0.5773783326148987,1891.0,1918.0,0.62187839275846,0.2631579041481018,0.2659161388874054,6874.0,685.0
5,0.9506250023841858,0.9916418194770813,44.0,114.0,0.2179782570898533,0.9317365288734436,0.9725000262260437,1486.0,1556.0,0.6691590547561646,0.6430041790008545,1740.0,2021.0,0.618846099532716,0.2926146388053894,0.324534147977829,6771.0,836.0
6,0.9631249904632568,0.9948934316635132,28.0,90.0,0.18960486099123955,0.9458483457565308,0.9825000166893005,1510.0,1572.0,0.6389866471290588,0.6314225196838379,1550.0,2554.0,0.7000069657024743,0.28659218549728394,0.3982919156551361,6238.0,1026.0
7,0.9759374856948853,0.9966956377029419,18.0,59.0,0.1671073553711176,0.96404629945755,0.9887499809265137,1541.0,1582.0,0.6515657901763916,0.6348637938499451,1618.0,2343.0,0.7005450064493349,0.29021507501602173,0.3718944191932678,6449.0,958.0
8,0.9762499928474426,0.9973257780075073,16.0,60.0,0.1555762553960085,0.9635036587715149,0.9900000095367432,1540.0,1584.0,0.659834623336792,0.6519070267677307,1341.0,2526.0,0.7112993283392592,0.3283701241016388,0.47942546010017395,6266.0,1235.0
