,accuracy,auc,false_negatives,false_positives,loss,precision,recall,true_negatives,true_positives,val_accuracy,val_auc,val_false_negatives,val_false_positives,val_loss,val_precision,val_recall,val_true_negatives,val_true_positives
0,0.7887499928474426,0.8634655475616455,518.0,496.0,0.49555114199717837,0.7914213538169861,0.784166693687439,1904.0,1882.0,0.7382478713989258,0.9512084722518921,11.0,479.0,0.5946567787064446,0.2698170840740204,0.9414893388748169,1205.0,177.0
1,0.8854166865348816,0.9534248113632202,279.0,271.0,0.28148111154635747,0.8867056965827942,0.8837500214576721,2129.0,2121.0,0.5678418874740601,0.93984055519104,5.0,804.0,1.0603963503470788,0.18541033565998077,0.9734042286872864,880.0,183.0
2,0.9160416722297668,0.9744003415107727,190.0,213.0,0.21849258730808893,0.9120924472808838,0.9208333492279053,2187.0,2210.0,0.5774572491645813,0.948577344417572,4.0,787.0,0.950757753645253,0.18949536979198456,0.978723406791687,897.0,184.0
3,0.9412500262260437,0.9850262999534607,114.0,168.0,0.17764388223489125,0.9315403699874878,0.9524999856948853,2232.0,2286.0,0.692307710647583,0.9403632879257202,11.0,565.0,0.7012965877850851,0.23854447901248932,0.9414893388748169,1119.0,177.0
4,0.9495833516120911,0.9895621538162231,103.0,139.0,0.15379695755740005,0.9429392218589783,0.9570833444595337,2261.0,2297.0,0.6591880321502686,0.9522650837898254,5.0,633.0,0.772883949116764,0.2242647111415863,0.9734042286872864,1051.0,183.0
5,0.9637500047683716,0.9930389523506165,81.0,93.0,0.1328847499936819,0.961442768573761,0.9662500023841858,2307.0,2319.0,0.6885683536529541,0.9493037462234497,7.0,576.0,0.7000656051513476,0.23910172283649445,0.9627659320831299,1108.0,181.0
