,accuracy,auc,false_negatives,false_positives,loss,precision,recall,true_negatives,true_positives,val_accuracy,val_auc,val_false_negatives,val_false_positives,val_loss,val_precision,val_recall,val_true_negatives,val_true_positives
0,0.7816666960716248,0.8651963472366333,540.0,508.0,0.4842921442786853,0.7854729890823364,0.7749999761581421,1892.0,1860.0,0.9736008644104004,0.0,0.0,100.0,0.08561208986096014,0.0,0.0,3688.0,0.0
1,0.8918750286102295,0.9609512686729431,265.0,254.0,0.26249787673354147,0.8936793804168701,0.8895833492279053,2146.0,2135.0,0.9540654420852661,0.0,0.0,174.0,0.13769587979837858,0.0,0.0,3614.0,0.0
2,0.9212499856948853,0.9779019951820374,177.0,201.0,0.2084109391272068,0.9170792102813721,0.9262499809265137,2199.0,2223.0,0.937961995601654,0.0,0.0,235.0,0.1758064337727764,0.0,0.0,3553.0,0.0
3,0.9435416460037231,0.9877026677131653,123.0,148.0,0.16787647445996604,0.938969075679779,0.9487500190734863,2252.0,2277.0,0.9659450650215149,0.0,0.0,129.0,0.12567853892208278,0.0,0.0,3659.0,0.0
4,0.9535416960716248,0.991999089717865,104.0,119.0,0.14432167957226436,0.9507246613502502,0.9566666483879089,2281.0,2296.0,0.9590812921524048,0.0,0.0,155.0,0.13761800282301406,0.0,0.0,3633.0,0.0
5,0.9693750143051147,0.9955548644065857,74.0,73.0,0.12001594580709934,0.9695706367492676,0.9691666960716248,2327.0,2326.0,0.9474656581878662,0.0,0.0,199.0,0.1579812493592249,0.0,0.0,3589.0,0.0
