,accuracy,auc,false_negatives,false_positives,loss,precision,recall,true_negatives,true_positives,val_accuracy,val_auc,val_false_negatives,val_false_positives,val_loss,val_precision,val_recall,val_true_negatives,val_true_positives
0,0.8675000071525574,0.9395392537117004,250.0,333.0,0.31382207984274085,0.8541392683982849,0.8863636255264282,1867.0,1950.0,0.7175086736679077,0.7410568594932556,747.0,2183.0,0.6437385623525387,0.28473132848739624,0.5377475023269653,6573.0,869.0
1,0.9365909099578857,0.9839652180671692,126.0,153.0,0.18331706117499957,0.9312977194786072,0.942727267742157,2047.0,2074.0,0.7342846393585205,0.7549707889556885,794.0,1962.0,0.6482494929284605,0.29525861144065857,0.5086633563041687,6794.0,822.0
2,0.9543181657791138,0.9914863109588623,84.0,117.0,0.14302447262135418,0.9476041197776794,0.9618181586265564,2083.0,2116.0,0.7325491905212402,0.7733667492866516,741.0,2033.0,0.6560175073133028,0.3008940815925598,0.541460394859314,6723.0,875.0
3,0.9704545736312866,0.9960461854934692,55.0,75.0,0.11377775140784004,0.9662162065505981,0.9750000238418579,2125.0,2145.0,0.7236791253089905,0.7071986794471741,868.0,1998.0,0.7393521534985114,0.2723962068557739,0.4628712832927704,6758.0,748.0
4,0.975454568862915,0.9976832866668701,43.0,65.0,0.09653555647893386,0.9707470536231995,0.9804545640945435,2135.0,2157.0,0.7374662756919861,0.7329179644584656,874.0,1849.0,0.6972536055613244,0.28637591004371643,0.45915842056274414,6907.0,742.0
5,0.9811363816261292,0.9985013008117676,35.0,48.0,0.08457744181156159,0.9783099889755249,0.9840909242630005,2152.0,2165.0,0.7344774603843689,0.6281093955039978,984.0,1770.0,0.7810373639122565,0.2631140649318695,0.3910891115665436,6986.0,632.0
