,accuracy,auc,false_negatives,false_positives,loss,precision,recall,true_negatives,true_positives,val_accuracy,val_auc,val_false_negatives,val_false_positives,val_loss,val_precision,val_recall,val_true_negatives,val_true_positives
0,0.9362499713897705,0.9825472235679626,134.0,172.0,0.17114190148810546,0.9294503927230835,0.9441666603088379,2228.0,2266.0,0.8186619877815247,0.663689136505127,119.0,499.0,0.9080196771543351,0.15136054158210754,0.42788460850715637,2701.0,89.0
1,0.9514583349227905,0.98957359790802,100.0,133.0,0.1385106264054775,0.9453349709510803,0.9583333134651184,2267.0,2300.0,0.8025234937667847,0.6829109191894531,113.0,560.0,0.9190618486751413,0.1450381726026535,0.45673078298568726,2640.0,95.0
2,0.9608333110809326,0.9941975474357605,70.0,118.0,0.11429903668661913,0.951797366142273,0.9708333611488342,2282.0,2330.0,0.7881455421447754,0.6668967008590698,102.0,620.0,0.9892420413348596,0.1460055112838745,0.5096153616905212,2580.0,106.0
3,0.9712499976158142,0.9965789318084717,54.0,84.0,0.09745372214665016,0.9654321074485779,0.9775000214576721,2316.0,2346.0,0.783450722694397,0.6799106001853943,103.0,635.0,0.9817863929439599,0.14189189672470093,0.504807710647583,2565.0,105.0
4,0.9754166603088379,0.9976961016654968,54.0,64.0,0.08797772686928511,0.9734439849853516,0.9775000214576721,2336.0,2346.0,0.7588028311729431,0.6633720993995667,101.0,721.0,1.0726238118370934,0.12922705709934235,0.5144230723381042,2479.0,107.0
5,0.9833333492279053,0.9986980557441711,29.0,51.0,0.07452386257549128,0.9789430499076843,0.9879166483879089,2349.0,2371.0,0.813673734664917,0.6682053804397583,116.0,519.0,0.9208508824378672,0.15057283639907837,0.4423076808452606,2681.0,92.0
