,accuracy,auc,false_negatives,false_positives,loss,precision,recall,true_negatives,true_positives,val_accuracy,val_auc,val_false_negatives,val_false_positives,val_loss,val_precision,val_recall,val_true_negatives,val_true_positives
0,0.909166693687439,0.9684371948242188,207.0,229.0,0.22960629011193912,0.9054500460624695,0.9137499928474426,2171.0,2193.0,0.9939281940460205,0.0,0.0,23.0,0.033644859275830774,0.0,0.0,3765.0,0.0
1,0.9445833563804626,0.9859742522239685,129.0,137.0,0.16269400390485922,0.9431062936782837,0.9462500214576721,2263.0,2271.0,0.9902322888374329,0.0,0.0,37.0,0.03631415813295869,0.0,0.0,3751.0,0.0
2,0.9587500095367432,0.9910600185394287,96.0,102.0,0.13794507538278897,0.9576059579849243,0.9599999785423279,2298.0,2304.0,0.9873284101486206,0.0,0.0,48.0,0.04660802816631864,0.0,0.0,3740.0,0.0
3,0.96854168176651,0.9949425458908081,76.0,75.0,0.11467532974978288,0.9687369465827942,0.9683333039283752,2325.0,2324.0,0.9949841499328613,0.0,0.0,19.0,0.021930936236896306,0.0,0.0,3769.0,0.0
4,0.9752083420753479,0.9962620735168457,60.0,59.0,0.1018978318820397,0.9754064083099365,0.9750000238418579,2341.0,2340.0,0.9841604828834534,0.0,0.0,60.0,0.05486460086823674,0.0,0.0,3728.0,0.0
5,0.9756249785423279,0.9973606467247009,55.0,62.0,0.09421956757704417,0.9742417931556702,0.9770833253860474,2338.0,2345.0,0.9812566041946411,0.0,0.0,71.0,0.05673833965464498,0.0,0.0,3717.0,0.0
6,0.9816666841506958,0.9986317753791809,45.0,43.0,0.07857240525384744,0.9820684194564819,0.981249988079071,2357.0,2355.0,0.9804646372795105,0.0,0.0,74.0,0.05917472415923317,0.0,0.0,3714.0,0.0
7,0.9852083325386047,0.9989269971847534,36.0,35.0,0.0730839442461729,0.9854105710983276,0.9850000143051147,2365.0,2364.0,0.9804646372795105,0.0,0.0,74.0,0.06273614538886604,0.0,0.0,3714.0,0.0
8,0.9862499833106995,0.9992997050285339,36.0,30.0,0.06759406633675098,0.9874686598777771,0.9850000143051147,2370.0,2364.0,0.9825765490531921,0.0,0.0,66.0,0.04856425829806071,0.0,0.0,3722.0,0.0
