,accuracy,auc,false_negatives,false_positives,loss,precision,recall,true_negatives,true_positives,val_accuracy,val_auc,val_false_negatives,val_false_positives,val_loss,val_precision,val_recall,val_true_negatives,val_true_positives
0,0.7696874737739563,0.8418390154838562,349.0,388.0,0.5177635572850704,0.7632702589035034,0.7818750143051147,1212.0,1251.0,0.7166607975959778,0.7254903316497803,1157.0,2064.0,0.8275358988356204,0.40740740299224854,0.5508540272712708,6728.0,1419.0
1,0.8871874809265137,0.9567568898200989,149.0,212.0,0.2785065282136202,0.8725195527076721,0.9068750143051147,1388.0,1451.0,0.7307354211807251,0.7701317071914673,919.0,2142.0,0.7397529340226578,0.4361674189567566,0.6432453393936157,6650.0,1657.0
2,0.9268749952316284,0.9803662300109863,78.0,156.0,0.20812170699238777,0.9070321917533875,0.9512500166893005,1444.0,1522.0,0.7090957164764404,0.7058699727058411,1281.0,2026.0,0.8059551480955678,0.38994279503822327,0.5027173757553101,6766.0,1295.0
3,0.9418749809265137,0.9882563948631287,68.0,118.0,0.17236970841884613,0.9284848570823669,0.9574999809265137,1482.0,1532.0,0.7338142395019531,0.7585694789886475,1173.0,1853.0,0.7196054626819871,0.4308968186378479,0.5446428656578064,6939.0,1403.0
4,0.9603124856948853,0.9932254552841187,44.0,83.0,0.14381348103284836,0.9493593573570251,0.9725000262260437,1517.0,1556.0,0.7126143574714661,0.7100389003753662,1305.0,1962.0,0.8277500865326894,0.3931333124637604,0.4934006333351135,6830.0,1271.0
5,0.9750000238418579,0.9962992668151855,27.0,53.0,0.11662100680172444,0.9674046635627747,0.9831249713897705,1547.0,1573.0,0.7038177251815796,0.6968319416046143,1468.0,1899.0,0.8721541660424272,0.3684735596179962,0.4301242232322693,6893.0,1108.0
6,0.9762499928474426,0.9980003833770752,25.0,51.0,0.10122560147196054,0.9686346650123596,0.984375,1549.0,1575.0,0.7134060263633728,0.7041898369789124,1449.0,1809.0,0.857678634486175,0.38385558128356934,0.4375,6983.0,1127.0
7,0.987500011920929,0.9991109371185303,10.0,30.0,0.08233066234737635,0.9814814925193787,0.9937499761581421,1570.0,1590.0,0.706632673740387,0.7054977416992188,1432.0,1903.0,0.8704099724781001,0.3754512667655945,0.4440993666648865,6889.0,1144.0
8,0.9903125166893005,0.9995700716972351,7.0,24.0,0.07273666448891163,0.9851577281951904,0.9956250190734863,1576.0,1593.0,0.7129662036895752,0.7029197812080383,1522.0,1741.0,0.8848101182943662,0.37710195779800415,0.4091614782810211,7051.0,1054.0
