,accuracy,auc,false_negatives,false_positives,loss,precision,recall,true_negatives,true_positives,val_accuracy,val_auc,val_false_negatives,val_false_positives,val_loss,val_precision,val_recall,val_true_negatives,val_true_positives
0,0.8509091138839722,0.9253726005554199,307.0,349.0,0.3479187585007061,0.8443354368209839,0.8604545593261719,1851.0,1893.0,0.7998457551002502,0.7502689957618713,1030.0,1046.0,0.4991422302006664,0.3590686321258545,0.36262375116348267,7710.0,586.0
1,0.9125000238418579,0.9734159708023071,168.0,217.0,0.22441850217905912,0.9035126566886902,0.9236363768577576,1983.0,2032.0,0.7793096899986267,0.764457643032074,849.0,1440.0,0.48535191433520747,0.3475305736064911,0.4746287167072296,7316.0,767.0
2,0.9449999928474426,0.9858031272888184,96.0,146.0,0.17383589712056247,0.9351111054420471,0.9563636183738708,2054.0,2104.0,0.7452757358551025,0.7533341646194458,836.0,1806.0,0.5816036237513655,0.3016241192817688,0.4826732575893402,6950.0,780.0
3,0.9543181657791138,0.990949809551239,73.0,128.0,0.14793733241883192,0.9432372450828552,0.9668181538581848,2072.0,2127.0,0.7717894315719604,0.7150564193725586,925.0,1442.0,0.560447679728419,0.3239568769931793,0.4275990128517151,7314.0,691.0
4,0.9649999737739563,0.9941360950469971,62.0,92.0,0.12840253559025852,0.9587444067001343,0.971818208694458,2108.0,2138.0,0.7493250966072083,0.7301499247550964,854.0,1746.0,0.5933666164080609,0.30382776260375977,0.4715346395969391,7010.0,762.0
5,0.9702273011207581,0.9953687787055969,50.0,81.0,0.11367366238073869,0.9636934399604797,0.9772727489471436,2119.0,2150.0,0.7261858582496643,0.7090473175048828,859.0,1981.0,0.6745353400896885,0.27647918462753296,0.46844059228897095,6775.0,757.0
6,0.9802272915840149,0.9976575374603271,34.0,53.0,0.09652595934542743,0.976115345954895,0.9845454692840576,2147.0,2166.0,0.7685113549232483,0.7252968549728394,930.0,1471.0,0.6133996383637201,0.3180343210697174,0.42450493574142456,7285.0,686.0
