,accuracy,auc,false_negatives,false_positives,loss,precision,recall,true_negatives,true_positives,val_accuracy,val_auc,val_false_negatives,val_false_positives,val_loss,val_precision,val_recall,val_true_negatives,val_true_positives
0,0.9489583373069763,0.9886876344680786,100.0,145.0,0.14308596637099982,0.9406952857971191,0.9583333134651184,2255.0,2300.0,0.8488849997520447,0.685590386390686,144.0,371.0,0.8022341253891797,0.1471264362335205,0.3076923191547394,2829.0,64.0
1,0.965833306312561,0.9939625859260559,55.0,109.0,0.11242920296887557,0.9555827379226685,0.9770833253860474,2291.0,2345.0,0.7872652411460876,0.641968846321106,125.0,600.0,1.0122870481070219,0.1215226948261261,0.3990384638309479,2600.0,83.0
2,0.9714583158493042,0.9961955547332764,64.0,73.0,0.09914508077005545,0.9696969985961914,0.9733333587646484,2327.0,2336.0,0.8456572890281677,0.6417937874794006,146.0,380.0,0.8508367504872066,0.14027149975299835,0.29807692766189575,2820.0,62.0
3,0.9783333539962769,0.9975754022598267,38.0,66.0,0.08637463429321846,0.9728171229362488,0.98416668176651,2334.0,2362.0,0.8019366264343262,0.6479746699333191,125.0,550.0,0.9732433504341913,0.1311216503381729,0.3990384638309479,2650.0,83.0
4,0.9839583039283752,0.9982770085334778,30.0,47.0,0.07666875203450521,0.9805544018745422,0.987500011920929,2353.0,2370.0,0.8095657229423523,0.6565602421760559,125.0,524.0,0.9494900392814422,0.13673806190490723,0.3990384638309479,2676.0,83.0
5,0.98458331823349,0.9988616704940796,35.0,39.0,0.07179033262034257,0.9837770462036133,0.9854166507720947,2361.0,2365.0,0.8215962648391724,0.6428410410881042,137.0,471.0,0.9347012670527042,0.13099631667137146,0.3413461446762085,2729.0,71.0
