,accuracy,auc,false_negatives,false_positives,loss,precision,recall,true_negatives,true_positives,val_accuracy,val_auc,val_false_negatives,val_false_positives,val_loss,val_precision,val_recall,val_true_negatives,val_true_positives
0,0.9466666579246521,0.9846521019935608,112.0,144.0,0.15711809995273748,0.9407894611358643,0.95333331823349,2256.0,2288.0,0.5838675498962402,0.938107967376709,4.0,775.0,1.1024020889885404,0.19186653196811676,0.978723406791687,909.0,184.0
1,0.9572916626930237,0.9904911518096924,97.0,108.0,0.129335330290099,0.9552053213119507,0.9595833420753479,2292.0,2303.0,0.5320512652397156,0.9453302621841431,0.0,876.0,1.2759540998018706,0.17669172585010529,1.0,808.0,188.0
2,0.965624988079071,0.9932737350463867,75.0,90.0,0.10969422508031129,0.9627329111099243,0.96875,2310.0,2325.0,0.6688033938407898,0.9525130391120911,3.0,617.0,0.8304243184562422,0.23067331314086914,0.9840425252914429,1067.0,185.0
3,0.9731249809265137,0.9956839680671692,63.0,66.0,0.09509093039979537,0.9725343585014343,0.9737499952316284,2334.0,2337.0,0.6266025900840759,0.9457140564918518,2.0,697.0,0.9530980439267607,0.21064552664756775,0.9893617033958435,987.0,186.0
4,0.9793750047683716,0.9969657063484192,43.0,56.0,0.08025018249948819,0.9767923951148987,0.9820833206176758,2344.0,2357.0,0.6303418874740601,0.9449132680892944,2.0,690.0,0.9872834223967332,0.21232876181602478,0.9893617033958435,994.0,186.0
5,0.9816666841506958,0.9979783892631531,37.0,51.0,0.07572419178982576,0.9788732528686523,0.98458331823349,2349.0,2363.0,0.5982906222343445,0.9378775358200073,2.0,750.0,1.101233725873833,0.19871795177459717,0.9893617033958435,934.0,186.0
6,0.9850000143051147,0.9986764788627625,32.0,40.0,0.065926412679255,0.9833887219429016,0.9866666793823242,2360.0,2368.0,0.6549145579338074,0.943480908870697,4.0,642.0,0.8873427821020795,0.22276028990745544,0.978723406791687,1042.0,184.0
7,0.9850000143051147,0.9990657567977905,26.0,46.0,0.06119309190660715,0.9809917211532593,0.9891666769981384,2354.0,2374.0,0.6474359035491943,0.9401137828826904,4.0,656.0,0.8968217357611045,0.21904762089252472,0.978723406791687,1028.0,184.0
