,accuracy,auc,false_negatives,false_positives,loss,precision,recall,true_negatives,true_positives,val_accuracy,val_auc,val_false_negatives,val_false_positives,val_loss,val_precision,val_recall,val_true_negatives,val_true_positives
0,0.9402083158493042,0.9845084547996521,127.0,160.0,0.16210285959144433,0.934237539768219,0.9470833539962769,2240.0,2273.0,0.8154342770576477,0.6856873035430908,124.0,505.0,0.8716716890883558,0.14261460304260254,0.4038461446762085,2695.0,84.0
1,0.9616666436195374,0.9922038912773132,75.0,109.0,0.12226722312470277,0.955217719078064,0.96875,2291.0,2325.0,0.8119131326675415,0.663252055644989,132.0,509.0,0.8799475359385003,0.1299145370721817,0.36538460850715637,2691.0,76.0
2,0.9677083492279053,0.9959393739700317,62.0,93.0,0.10243498259534438,0.9617441296577454,0.9741666913032532,2307.0,2338.0,0.8224765062332153,0.6453365087509155,135.0,470.0,0.8689500583169606,0.13443830609321594,0.3509615361690521,2730.0,73.0
3,0.9750000238418579,0.9968761205673218,53.0,67.0,0.09145825821906328,0.9722452163696289,0.9779166579246521,2333.0,2347.0,0.7761150002479553,0.6690647006034851,109.0,654.0,0.9960191977415846,0.131474107503891,0.4759615361690521,2546.0,99.0
4,0.981249988079071,0.9981843829154968,37.0,53.0,0.07827116078386705,0.9780629277229309,0.98458331823349,2347.0,2363.0,0.7855046987533569,0.6753252744674683,115.0,616.0,0.9572068284934675,0.13117066025733948,0.44711539149284363,2584.0,93.0
5,0.9827083349227905,0.9989443421363831,40.0,43.0,0.06919311843812466,0.9821056723594666,0.9833333492279053,2357.0,2360.0,0.8139671087265015,0.6491421461105347,125.0,509.0,0.9285307812019133,0.14020270109176636,0.3990384638309479,2691.0,83.0
6,0.98416668176651,0.9990348219871521,29.0,47.0,0.06654086068272591,0.9805624485015869,0.9879166483879089,2353.0,2371.0,0.7992957830429077,0.6522498726844788,122.0,562.0,0.9577709194360204,0.13271604478359222,0.4134615361690521,2638.0,86.0
7,0.9895833134651184,0.9995158910751343,22.0,28.0,0.057110725492239,0.9883624315261841,0.9908333420753479,2372.0,2378.0,0.7907863855361938,0.6625533103942871,114.0,599.0,0.9806492854731743,0.1356421411037445,0.45192307233810425,2601.0,94.0
