,accuracy,auc,false_negatives,false_positives,loss,pr,precision,recall,true_negatives,true_positives,val_accuracy,val_auc,val_false_negatives,val_false_positives,val_loss,val_pr,val_precision,val_recall,val_true_negatives,val_true_positives
0,0.8184090852737427,0.9077135920524597,394.0,405.0,0.412440201477571,0.9096639156341553,0.8168249726295471,0.8209090828895569,1795.0,1806.0,0.8202853798866272,0.6003090739250183,1465.0,399.0,0.45215741086807254,0.226496621966362,0.27454546093940735,0.09344059228897095,8357.0,151.0
1,0.8963636159896851,0.9620658755302429,206.0,250.0,0.3172791734608737,0.9618471264839172,0.8885918259620667,0.9063636660575867,1950.0,1994.0,0.7299460172653198,0.5959294438362122,1246.0,1555.0,0.5252582175456737,0.23371867835521698,0.19220779836177826,0.22896039485931396,7201.0,370.0
2,0.9168182015419006,0.9763665795326233,163.0,203.0,0.2713844534483823,0.9767311811447144,0.909375011920929,0.9259091019630432,1997.0,2037.0,0.7071924209594727,0.5743929743766785,1156.0,1881.0,0.5788563578642798,0.24478018283843994,0.19649721682071686,0.2846534550189972,6875.0,460.0
3,0.9368181824684143,0.9847439527511597,116.0,162.0,0.23659300674091685,0.9855414032936096,0.9278717637062073,0.9472727179527283,2038.0,2084.0,0.7074816823005676,0.6044712066650391,1178.0,1856.0,0.6162368808986136,0.2167927771806717,0.19093286991119385,0.27103960514068604,6900.0,438.0
4,0.9493181705474854,0.9901630878448486,87.0,136.0,0.20898997588591142,0.9904205799102783,0.9395287036895752,0.960454523563385,2064.0,2113.0,0.6962013244628906,0.5933068990707397,1157.0,1994.0,0.6152725721987067,0.23985333740711212,0.1871178150177002,0.2840346395969391,6762.0,459.0
5,0.9593181610107422,0.9934788346290588,74.0,105.0,0.18601449885151602,0.9936293959617615,0.9529358744621277,0.9663636088371277,2095.0,2126.0,0.7098920345306396,0.6360986828804016,1104.0,1905.0,0.5952555539292623,0.25707292556762695,0.21183285117149353,0.31683167815208435,6851.0,512.0
