,accuracy,auc,false_negatives,false_positives,loss,pr,precision,recall,true_negatives,true_positives,val_accuracy,val_auc,val_false_negatives,val_false_positives,val_loss,val_pr,val_precision,val_recall,val_true_negatives,val_true_positives
0,0.9262499809265137,0.9771286845207214,167.0,187.0,0.21137593855460485,0.9732776284217834,0.9227272868156433,0.9304166436195374,2213.0,2233.0,0.6559829115867615,0.9522207975387573,6.0,638.0,0.722001742093991,0.8345911502838135,0.2219512164592743,0.9680851101875305,1046.0,182.0
1,0.9456250071525574,0.9841369390487671,129.0,132.0,0.1863886479785045,0.9791216850280762,0.9450686573982239,0.9462500214576721,2268.0,2271.0,0.5528846383094788,0.9508610963821411,4.0,833.0,0.927053931941334,0.8249819874763489,0.18092428147792816,0.978723406791687,851.0,184.0
2,0.9514583349227905,0.9895795583724976,107.0,126.0,0.16456125929951668,0.9846110343933105,0.947912335395813,0.9554166793823242,2274.0,2293.0,0.5870726704597473,0.9496212005615234,4.0,769.0,0.8503278544825367,0.8372799158096313,0.19307449460029602,0.978723406791687,915.0,184.0
3,0.9620833396911621,0.9918524026870728,85.0,97.0,0.15144019027551014,0.9872063398361206,0.9597843885421753,0.9645833373069763,2303.0,2315.0,0.5795940160751343,0.9461641907691956,5.0,782.0,0.8816206185226767,0.81951904296875,0.18963730335235596,0.9734042286872864,902.0,183.0
4,0.9616666436195374,0.9926906824111938,93.0,91.0,0.1429755287617445,0.9873203635215759,0.9620516896247864,0.9612500071525574,2309.0,2307.0,0.567307710647583,0.9458862543106079,3.0,807.0,0.9021612874463073,0.8221718072891235,0.1864919364452362,0.9840425252914429,877.0,185.0
5,0.9695833325386047,0.9934149980545044,70.0,76.0,0.13760802348454793,0.988274335861206,0.9684122800827026,0.9708333611488342,2324.0,2330.0,0.5662392973899841,0.949845552444458,2.0,810.0,0.9299749293897905,0.8235623240470886,0.1867469847202301,0.9893617033958435,874.0,186.0
