,accuracy,auc,false_negatives,false_positives,loss,pr,precision,recall,true_negatives,true_positives,val_accuracy,val_auc,val_false_negatives,val_false_positives,val_loss,val_pr,val_precision,val_recall,val_true_negatives,val_true_positives
0,0.8662499785423279,0.9412654638290405,321.0,321.0,0.31673583164811137,0.9426485300064087,0.8662499785423279,0.8662499785423279,2079.0,2079.0,0.7455167770385742,0.3569132387638092,1087.0,1070.0,0.7052881563818078,0.09258732199668884,0.008341056294739246,0.008211678825318813,6310.0,9.0
1,0.925208330154419,0.9796754717826843,186.0,173.0,0.22122087294856707,0.9802998304367065,0.9275240898132324,0.9225000143051147,2227.0,2214.0,0.7107126116752625,0.329303115606308,1083.0,1369.0,0.7910704486715506,0.08880389481782913,0.009406656958162785,0.011861314065754414,6011.0,13.0
2,0.949999988079071,0.9899656772613525,116.0,124.0,0.17885409052173296,0.9898929595947266,0.9485049843788147,0.9516666531562805,2276.0,2284.0,0.6930155754089355,0.372051477432251,1037.0,1565.0,0.775480572712652,0.09446391463279724,0.036330047994852066,0.05383211746811867,5815.0,59.0
3,0.9558333158493042,0.9934011697769165,102.0,110.0,0.1572114290793737,0.9934920072555542,0.9543189406394958,0.9574999809265137,2290.0,2298.0,0.6904200315475464,0.3435917794704437,1069.0,1555.0,0.8320654906603231,0.09055561572313309,0.01706700399518013,0.024635037407279015,5825.0,27.0
4,0.9679166674613953,0.9947432279586792,74.0,80.0,0.14121234039465586,0.9946242570877075,0.9667497873306274,0.9691666960716248,2320.0,2326.0,0.7092968225479126,0.3645983040332794,1067.0,1397.0,0.8073144762400132,0.09329933673143387,0.020336605608463287,0.02645985409617424,5983.0,29.0
5,0.9733333587646484,0.9966535568237305,65.0,63.0,0.12680532937248548,0.9965516924858093,0.9737281203269958,0.9729166626930237,2337.0,2335.0,0.696554958820343,0.3579903841018677,1065.0,1507.0,0.8563409637679127,0.09244483709335327,0.020156046375632286,0.028284670785069466,5873.0,31.0
