,accuracy,auc,false_negatives,false_positives,loss,pr,precision,recall,true_negatives,true_positives,val_accuracy,val_auc,val_false_negatives,val_false_positives,val_loss,val_pr,val_precision,val_recall,val_true_negatives,val_true_positives
0,0.872083306312561,0.9404159188270569,333.0,281.0,0.31914925009012224,0.944951057434082,0.8803237080574036,0.8612499833106995,2119.0,2067.0,0.8478490710258484,0.8655262589454651,248.0,615.0,0.3479678167610814,0.608702540397644,0.4818871021270752,0.6975609660148621,4237.0,572.0
1,0.9058333039283752,0.9696054458618164,224.0,228.0,0.2505184887349606,0.9714580774307251,0.9051580429077148,0.9066666960716248,2172.0,2176.0,0.8563116788864136,0.8766061067581177,220.0,595.0,0.3380857204390514,0.6367222666740417,0.5020920634269714,0.7317073345184326,4257.0,600.0
2,0.9304166436195374,0.9810904264450073,161.0,173.0,0.215384335120519,0.9815303087234497,0.9282752871513367,0.9329166412353516,2227.0,2239.0,0.8503173589706421,0.8572577834129333,280.0,569.0,0.3483748768885818,0.5750774145126343,0.4869251549243927,0.6585366129875183,4283.0,540.0
3,0.9464583396911621,0.9879518747329712,128.0,129.0,0.18767368162671724,0.9886674284934998,0.9462723731994629,0.9466666579246521,2271.0,2272.0,0.8420310020446777,0.8641945123672485,231.0,665.0,0.36690715405096963,0.5944401621818542,0.469696968793869,0.7182926535606384,4187.0,589.0
4,0.9552083611488342,0.9909223318099976,110.0,105.0,0.17223095094164212,0.9912779927253723,0.9561586380004883,0.9541666507720947,2295.0,2290.0,0.8550775647163391,0.8806053996086121,187.0,635.0,0.34940109026785127,0.631074070930481,0.4992113709449768,0.7719511985778809,4217.0,633.0
5,0.9595833420753479,0.9933748245239258,90.0,104.0,0.156511802872022,0.9936738610267639,0.9569180011749268,0.9624999761581421,2296.0,2310.0,0.8429125547409058,0.8672053813934326,208.0,683.0,0.37275272784347424,0.5934171676635742,0.47258687019348145,0.7463414669036865,4169.0,612.0
6,0.9695833325386047,0.9956627488136292,72.0,74.0,0.14032310709357262,0.995998740196228,0.9691923260688782,0.9700000286102295,2326.0,2328.0,0.8557828068733215,0.8771770000457764,207.0,611.0,0.3477657398652963,0.6190099120140076,0.5008170008659363,0.747560977935791,4241.0,613.0
