,accuracy,auc,false_negatives,false_positives,loss,pr,precision,recall,true_negatives,true_positives,val_accuracy,val_auc,val_false_negatives,val_false_positives,val_loss,val_pr,val_precision,val_recall,val_true_negatives,val_true_positives
0,0.9141666889190674,0.969779372215271,206.0,206.0,0.22255928012231985,0.9703565835952759,0.9141666889190674,0.9141666889190674,2194.0,2194.0,0.983632504940033,0.0,0.0,62.0,0.051120084333759676,0.0,0.0,0.0,3726.0,0.0
1,0.9445833563804626,0.9875001907348633,128.0,138.0,0.15134562569359938,0.9877321124076843,0.9427385926246643,0.9466666579246521,2262.0,2272.0,0.9899682998657227,0.0,0.0,38.0,0.0342566034153749,0.0,0.0,0.0,3750.0,0.0
2,0.9574999809265137,0.9931718707084656,95.0,109.0,0.1225094373524189,0.9934951663017273,0.9548467397689819,0.9604166746139526,2291.0,2305.0,0.974392831325531,0.0,0.0,97.0,0.08832087917715595,0.0,0.0,0.0,3691.0,0.0
3,0.9666666388511658,0.9947882890701294,78.0,82.0,0.10889057540645201,0.9951208829879761,0.9658901691436768,0.9674999713897705,2318.0,2322.0,0.9796726703643799,0.0,0.0,77.0,0.05949791184102343,0.0,0.0,0.0,3711.0,0.0
4,0.9754166603088379,0.9972519874572754,51.0,67.0,0.09170801709095637,0.9972941279411316,0.9722682237625122,0.9787499904632568,2333.0,2349.0,0.9841604828834534,0.0,0.0,60.0,0.044064274104951305,0.0,0.0,0.0,3728.0,0.0
5,0.9756249785423279,0.9965147376060486,57.0,60.0,0.09066497770448526,0.9965910315513611,0.9750311970710754,0.9762499928474426,2340.0,2343.0,0.9796726703643799,0.0,0.0,77.0,0.05886251186320623,0.0,0.0,0.0,3711.0,0.0
6,0.9833333492279053,0.9982743263244629,37.0,43.0,0.07631265867501497,0.9983665943145752,0.9821280241012573,0.98458331823349,2357.0,2363.0,0.9754487872123718,0.0,0.0,93.0,0.0733222016610339,0.0,0.0,0.0,3695.0,0.0
