,accuracy,auc,false_negatives,false_positives,loss,pr,precision,recall,true_negatives,true_positives,val_accuracy,val_auc,val_false_negatives,val_false_positives,val_loss,val_pr,val_precision,val_recall,val_true_negatives,val_true_positives
0,0.9460416436195374,0.9863314628601074,109.0,150.0,0.15249972539643447,0.9859548807144165,0.9385497570037842,0.9545833468437195,2250.0,2291.0,0.8400821685791016,0.6672176122665405,133.0,412.0,0.8178504630573479,0.1118602305650711,0.15400411188602448,0.36057692766189575,2788.0,75.0
1,0.9570833444595337,0.9922407269477844,87.0,119.0,0.12376469850540162,0.9921383857727051,0.9510690569877625,0.9637500047683716,2281.0,2313.0,0.8213028311729431,0.6353268027305603,131.0,478.0,0.89006978868039,0.10608323663473129,0.1387387365102768,0.3701923191547394,2722.0,77.0
2,0.9672916531562805,0.9948317408561707,72.0,85.0,0.10502675113578637,0.9947435259819031,0.9647741317749023,0.9700000286102295,2315.0,2328.0,0.8362675905227661,0.6670319437980652,136.0,422.0,0.8305645476624439,0.10885459929704666,0.14574898779392242,0.3461538553237915,2778.0,72.0
3,0.96875,0.996146559715271,71.0,79.0,0.09807745855301618,0.9962081909179688,0.9671927094459534,0.9704166650772095,2321.0,2329.0,0.8227699398994446,0.6477472186088562,133.0,471.0,0.8949813985488784,0.10735596716403961,0.13736264407634735,0.36057692766189575,2729.0,75.0
4,0.9775000214576721,0.9975664615631104,43.0,65.0,0.08377750180661678,0.9976691603660583,0.9731626510620117,0.9820833206176758,2335.0,2357.0,0.8257042169570923,0.6495724320411682,131.0,463.0,0.9044143002777593,0.10691375285387039,0.14259259402751923,0.3701923191547394,2737.0,77.0
5,0.98458331823349,0.9987947940826416,31.0,43.0,0.06923107441514731,0.9988203048706055,0.9821724891662598,0.9870833158493042,2357.0,2369.0,0.8060445785522461,0.6523565053939819,117.0,544.0,0.9636299009893982,0.10947158932685852,0.14330708980560303,0.4375,2656.0,91.0
