,accuracy,auc,false_negatives,false_positives,loss,precision,recall,true_negatives,true_positives
0,0.987500011920929,1.0,5.0,0.0,0.0818787831068039,1.0,0.9750000238418579,200.0,195.0
1,1.0,0.9999999403953552,0.0,0.0,0.015089581236243248,1.0,1.0,200.0,200.0
2,1.0,1.0,0.0,0.0,0.032882954180240634,1.0,1.0,200.0,200.0
3,1.0,0.9999999403953552,0.0,0.0,0.021864525303244592,1.0,1.0,200.0,200.0
4,0.9599999785423279,0.9999999403953552,0.0,16.0,0.12973107337951661,0.9259259104728699,1.0,184.0,200.0
5,1.0,0.9999999403953552,0.0,0.0,0.021050842441618443,1.0,1.0,200.0,200.0
6,1.0,0.9999999403953552,0.0,0.0,0.01947810150682926,1.0,1.0,200.0,200.0
7,1.0,0.9999999403953552,0.0,0.0,0.014797873944044113,1.0,1.0,200.0,200.0
