,accuracy,auc,false_negatives,false_positives,loss,precision,recall,true_negatives,true_positives,val_accuracy,val_auc,val_false_negatives,val_false_positives,val_loss,val_precision,val_recall,val_true_negatives,val_true_positives
0,0.9014583230018616,0.9604302644729614,242.0,231.0,0.2554246128598849,0.9033068418502808,0.8991666436195374,2169.0,2158.0,0.9875923991203308,0.0,0.0,47.0,0.04456765097669211,0.0,0.0,3741.0,0.0
1,0.9375,0.9838027358055115,157.0,143.0,0.1727491039286057,0.9400670528411865,0.934583306312561,2257.0,2243.0,0.9838964939117432,0.0,0.0,61.0,0.043603360767003226,0.0,0.0,3727.0,0.0
2,0.95291668176651,0.9903767704963684,110.0,116.0,0.14011236568291982,0.9517871737480164,0.9541666507720947,2284.0,2290.0,0.9786166548728943,0.0,0.0,81.0,0.06609478363336517,0.0,0.0,3707.0,0.0
3,0.9620833396911621,0.9937934875488281,97.0,85.0,0.12142077080905438,0.964405357837677,0.9595833420753479,2315.0,2303.0,0.9680570363998413,0.0,0.0,121.0,0.09676154661990521,0.0,0.0,3667.0,0.0
4,0.971875011920929,0.9959611296653748,68.0,67.0,0.10388990392287573,0.9720717072486877,0.971666693687439,2333.0,2332.0,0.9804646372795105,0.0,0.0,74.0,0.06608034966369931,0.0,0.0,3714.0,0.0
5,0.9770833253860474,0.997616171836853,47.0,63.0,0.08972611475735903,0.9739238619804382,0.9804166555404663,2337.0,2353.0,0.9751847982406616,0.0,0.0,94.0,0.07975548420026662,0.0,0.0,3694.0,0.0
6,0.9827083349227905,0.9985944032669067,43.0,40.0,0.08055450626959404,0.9833124876022339,0.9820833206176758,2360.0,2357.0,0.9772967100143433,0.0,0.0,86.0,0.06311554063028935,0.0,0.0,3702.0,0.0
