,accuracy,auc,false_negatives,false_positives,loss,precision,recall,true_negatives,true_positives,val_accuracy,val_auc,val_false_negatives,val_false_positives,val_loss,val_precision,val_recall,val_true_negatives,val_true_positives
0,0.9441666603088379,0.9813897013664246,130.0,138.0,0.16930852528661489,0.9426910281181335,0.9458333253860474,2262.0,2270.0,0.6773504018783569,0.9551030993461609,3.0,601.0,0.8277860049508575,0.23536895215511322,0.9840425252914429,1083.0,185.0
1,0.9574999809265137,0.9898497462272644,86.0,118.0,0.13028934077670176,0.9514802694320679,0.9641666412353516,2282.0,2314.0,0.6319444179534912,0.9416599869728088,3.0,686.0,1.00050183544811,0.21239954233169556,0.9840425252914429,998.0,185.0
2,0.9714583158493042,0.9947946667671204,65.0,72.0,0.10023618165403604,0.9700872302055359,0.9729166626930237,2328.0,2335.0,0.6709401607513428,0.952284038066864,3.0,613.0,0.8271873506725343,0.23182956874370575,0.9840425252914429,1071.0,185.0
3,0.9741666913032532,0.9960359334945679,50.0,74.0,0.09094219983865817,0.9694719314575195,0.9791666865348816,2326.0,2350.0,0.6084401607513428,0.9408544898033142,3.0,730.0,1.0618886101959097,0.20218579471111298,0.9840425252914429,954.0,185.0
4,0.984375,0.997482180595398,32.0,43.0,0.07686996717005969,0.9821650981903076,0.9866666793823242,2357.0,2368.0,0.5892093777656555,0.9396494626998901,3.0,766.0,1.0989900888540807,0.19453206658363342,0.9840425252914429,918.0,185.0
5,0.98416668176651,0.9978057146072388,34.0,42.0,0.07419659114132325,0.9825581312179565,0.9858333468437195,2358.0,2366.0,0.6784188151359558,0.9420500993728638,7.0,595.0,0.8511325793388562,0.23324742913246155,0.9627659320831299,1089.0,181.0
6,0.987291693687439,0.9986110329627991,26.0,35.0,0.06654405581454435,0.9854711294174194,0.9891666769981384,2365.0,2374.0,0.566773533821106,0.9167397618293762,5.0,806.0,1.301318172715668,0.18503539264202118,0.9734042286872864,878.0,183.0
7,0.9897916913032532,0.9990037083625793,23.0,26.0,0.05856916512052218,0.9891802072525024,0.9904166460037231,2374.0,2377.0,0.5972222089767456,0.9272328615188599,6.0,748.0,1.1424375808137095,0.19569893181324005,0.9680851101875305,936.0,182.0
