,accuracy,auc,false_negatives,false_positives,loss,precision,recall,true_negatives,true_positives,val_accuracy,val_auc,val_false_negatives,val_false_positives,val_loss,val_precision,val_recall,val_true_negatives,val_true_positives
0,0.9024999737739563,0.9646615386009216,234.0,234.0,0.24078552037477494,0.9024999737739563,0.9024999737739563,2166.0,2166.0,0.7525955438613892,0.3224717080593109,1074.0,1023.0,1.1149303684149108,0.021052632480859756,0.020072992891073227,6357.0,22.0
1,0.9527083039283752,0.991273820400238,111.0,116.0,0.13050777450203896,0.9517671465873718,0.9537500143051147,2284.0,2289.0,0.7373760938644409,0.3330252766609192,1069.0,1157.0,1.0444435237881822,0.022804053500294685,0.024635037407279015,6223.0,27.0
2,0.9677083492279053,0.9961409568786621,75.0,80.0,0.099329492362837,0.9667359590530396,0.96875,2320.0,2325.0,0.753421425819397,0.33211812376976013,1065.0,1025.0,1.0320419317121041,0.029356060549616814,0.028284670785069466,6355.0,31.0
3,0.9795833230018616,0.9976864457130432,57.0,41.0,0.08150938255091508,0.9828020334243774,0.9762499928474426,2359.0,2343.0,0.7127182483673096,0.29189157485961914,1058.0,1377.0,1.1548035315828202,0.026855124160647392,0.03467153385281563,6003.0,38.0
4,0.98458331823349,0.9988277554512024,31.0,43.0,0.06791914577285449,0.9821724891662598,0.9870833158493042,2357.0,2369.0,0.703987717628479,0.2984248697757721,1048.0,1461.0,1.1740658298985696,0.03180914372205734,0.043795619159936905,5919.0,48.0
5,0.9891666769981384,0.9993582367897034,23.0,29.0,0.06130932926510771,0.9879468083381653,0.9904166460037231,2371.0,2377.0,0.726875901222229,0.3316599130630493,1070.0,1245.0,1.1368087971756176,0.020456332713365555,0.023722628131508827,6135.0,26.0
6,0.9920833110809326,0.9996045231819153,23.0,15.0,0.05233055077493191,0.9937291145324707,0.9904166460037231,2385.0,2377.0,0.7187352776527405,0.3055821657180786,1065.0,1319.0,1.19296071449503,0.022962963208556175,0.028284670785069466,6061.0,31.0
7,0.9914583563804626,0.9997450709342957,16.0,25.0,0.049547681572536625,0.9896222352981567,0.9933333396911621,2375.0,2384.0,0.7059934139251709,0.3015913665294647,1045.0,1447.0,1.198822660736455,0.034045394510030746,0.04653284698724747,5933.0,51.0
