,accuracy,auc,false_negatives,false_positives,loss,precision,recall,true_negatives,true_positives,val_accuracy,val_auc,val_false_negatives,val_false_positives,val_loss,val_precision,val_recall,val_true_negatives,val_true_positives
0,0.8879166841506958,0.9580252766609192,265.0,273.0,0.2916597485542297,0.8866279125213623,0.8895833492279053,2127.0,2135.0,0.7866784334182739,0.6361703872680664,127.0,600.0,0.7520720751632547,0.1189427301287651,0.38942307233810425,2600.0,81.0
1,0.9037500023841858,0.9649851322174072,220.0,242.0,0.27075562099615735,0.9000825881958008,0.9083333611488342,2158.0,2180.0,0.7174295783042908,0.6300420761108398,108.0,855.0,0.8397459597654746,0.10471203923225403,0.48076921701431274,2345.0,100.0
2,0.9100000262260437,0.9696775674819946,208.0,224.0,0.25584996610879895,0.9072847962379456,0.9133333563804626,2176.0,2192.0,0.7978286147117615,0.6332511901855469,134.0,555.0,0.7120006017281976,0.11764705926179886,0.35576921701431274,2645.0,74.0
3,0.9170833230018616,0.973438560962677,197.0,201.0,0.2430118864774704,0.9163893461227417,0.9179166555404663,2199.0,2203.0,0.7913732528686523,0.628745436668396,128.0,583.0,0.7301013382947501,0.12066365033388138,0.38461539149284363,2617.0,80.0
4,0.918749988079071,0.976024866104126,189.0,201.0,0.23199400862058003,0.9166666865348816,0.9212499856948853,2199.0,2211.0,0.7972418069839478,0.6266736388206482,125.0,566.0,0.7679875137660425,0.12788906693458557,0.3990384638309479,2634.0,83.0
5,0.9229166507720947,0.9762486219406128,183.0,187.0,0.2285290672381719,0.9222129583358765,0.9237499833106995,2213.0,2217.0,0.6537558436393738,0.618843138217926,100.0,1080.0,0.9692043121991583,0.09090909361839294,0.5192307829856873,2120.0,108.0
6,0.9266666769981384,0.9789612293243408,168.0,184.0,0.21795100455482802,0.9238410592079163,0.9300000071525574,2216.0,2232.0,0.7535211443901062,0.6251570582389832,116.0,724.0,0.849868614069173,0.11274509876966476,0.4423076808452606,2476.0,92.0
7,0.9295833110809326,0.9814325571060181,171.0,167.0,0.20992885336279868,0.9303004741668701,0.9287499785423279,2233.0,2229.0,0.7127347588539124,0.618971586227417,111.0,868.0,0.8942658666154029,0.100518137216568,0.4663461446762085,2332.0,97.0
