,accuracy,auc,false_negatives,false_positives,loss,precision,recall,true_negatives,true_positives,val_accuracy,val_auc,val_false_negatives,val_false_positives,val_loss,val_precision,val_recall,val_true_negatives,val_true_positives
0,0.8338636159896851,0.9195774793624878,346.0,385.0,0.3892141240293329,0.8280482292175293,0.8427272439002991,1815.0,1854.0,0.8482452630996704,0.6967371106147766,1236.0,338.0,0.40705322671927313,0.5292479395866394,0.23514851927757263,8418.0,380.0
1,0.8706818222999573,0.9461673498153687,236.0,333.0,0.3354519108208743,0.8550282716751099,0.892727255821228,1867.0,1964.0,0.8196104764938354,0.6811362504959106,1037.0,834.0,0.44273105000511725,0.40976646542549133,0.3582920730113983,7922.0,579.0
2,0.8840909004211426,0.95204097032547,200.0,310.0,0.3124804038351232,0.8658008575439453,0.9090909361839294,1890.0,2000.0,0.8182607293128967,0.7088547348976135,1038.0,847.0,0.43118299988076536,0.40561404824256897,0.3576732575893402,7909.0,578.0
3,0.9020454287528992,0.9619731903076172,165.0,266.0,0.2858228523080999,0.8843981027603149,0.925000011920929,1934.0,2035.0,0.671133816242218,0.7649907469749451,377.0,3034.0,0.7526924136610873,0.28996020555496216,0.7667078971862793,5722.0,1239.0
4,0.9072727560997009,0.9669783115386963,170.0,238.0,0.2679074854742397,0.895061731338501,0.9227272868156433,1962.0,2030.0,0.7675472497940063,0.7319779396057129,934.0,1477.0,0.49739702356813315,0.3158869743347168,0.4220297038555145,7279.0,682.0
5,0.9084091186523438,0.9691670536994934,164.0,239.0,0.2575716379555789,0.8949450254440308,0.9254545569419861,1961.0,2036.0,0.7516390085220337,0.6981398463249207,941.0,1635.0,0.5128692246361493,0.2922077775001526,0.4176980257034302,7121.0,675.0
