,accuracy,auc,false_negatives,false_positives,loss,precision,recall,true_negatives,true_positives,val_accuracy,val_auc,val_false_negatives,val_false_positives,val_loss,val_precision,val_recall,val_true_negatives,val_true_positives
0,0.8364583253860474,0.9127389192581177,427.0,358.0,0.37855574856201807,0.8464178442955017,0.8220833539962769,2042.0,1973.0,0.7951340079307556,0.7971447706222534,374.0,788.0,0.4100987616984229,0.3614262640476227,0.5439024567604065,4064.0,446.0
1,0.8691666722297668,0.9387720823287964,315.0,313.0,0.3326646639903386,0.8694745898246765,0.8687499761581421,2087.0,2085.0,0.8085331320762634,0.8509841561317444,221.0,865.0,0.38648640689123503,0.409153014421463,0.7304878234863281,3987.0,599.0
2,0.8762500286102295,0.9490267038345337,281.0,313.0,0.3098238328099251,0.8712993264198303,0.8829166889190674,2087.0,2119.0,0.8520804047584534,0.8502016663551331,303.0,536.0,0.3531474608124059,0.4909781515598297,0.6304877996444702,4316.0,517.0
3,0.8854166865348816,0.9562892913818359,262.0,288.0,0.2933427831530571,0.881286084651947,0.89083331823349,2112.0,2138.0,0.848906934261322,0.8554946780204773,282.0,575.0,0.35646589518602206,0.48337826132774353,0.6560975313186646,4277.0,538.0
4,0.8987500071525574,0.9634310603141785,229.0,257.0,0.27384602040052414,0.8941515684127808,0.9045833349227905,2143.0,2171.0,0.7847320437431335,0.8643972873687744,158.0,1063.0,0.4317844057789306,0.38376811146736145,0.8073170781135559,3789.0,662.0
5,0.8979166746139526,0.9650689959526062,238.0,252.0,0.26799067080020905,0.8956089615821838,0.9008333086967468,2148.0,2162.0,0.8236953616142273,0.8480305075645447,224.0,776.0,0.3970570483984497,0.43440234661102295,0.7268292903900146,4076.0,596.0
6,0.9122916460037231,0.9707814455032349,204.0,217.0,0.2519104627768199,0.9100704789161682,0.9150000214576721,2183.0,2196.0,0.8358603715896606,0.8664348721504211,208.0,723.0,0.36974953907333075,0.45842695236206055,0.7463414669036865,4129.0,612.0
7,0.9179166555404663,0.9748744964599609,200.0,194.0,0.239236385623614,0.9189640879631042,0.9166666865348816,2206.0,2200.0,0.8416784405708313,0.866085410118103,214.0,684.0,0.3636472559151764,0.4697674512863159,0.7390244007110596,4168.0,606.0
