,accuracy,auc,false_negatives,false_positives,loss,precision,recall,true_negatives,true_positives,val_accuracy,val_auc,val_false_negatives,val_false_positives,val_loss,val_precision,val_recall,val_true_negatives,val_true_positives
0,0.9354545474052429,0.9801645874977112,142.0,142.0,0.17723493974317203,0.9354545474052429,0.9354545474052429,2058.0,2058.0,0.7472375631332397,0.8083298802375793,1023.0,1539.0,0.645418815473543,0.5441350936889648,0.642307698726654,5737.0,1837.0
1,0.9634090662002563,0.9927663207054138,71.0,90.0,0.11898967184803702,0.9594411849975586,0.9677272439002991,2110.0,2129.0,0.7742699384689331,0.8241064548492432,1346.0,942.0,0.5720734368559875,0.6164495348930359,0.5293706059455872,6334.0,1514.0
2,0.9729545712471008,0.9962361454963684,52.0,67.0,0.09547111035747961,0.9697517156600952,0.9763636589050293,2133.0,2148.0,0.7063930630683899,0.7371588349342346,1316.0,1660.0,0.7407884209665992,0.48189762234687805,0.5398601293563843,5616.0,1544.0
3,0.9786363840103149,0.9976156949996948,40.0,54.0,0.08402715672146191,0.9756097793579102,0.9818181991577148,2146.0,2160.0,0.7666732668876648,0.805473804473877,1299.0,1066.0,0.5810101277355896,0.5942139029502869,0.5458042025566101,6210.0,1561.0
4,0.9829545617103577,0.9987728595733643,29.0,46.0,0.07154131445017728,0.9792512655258179,0.9868181943893433,2154.0,2171.0,0.760951042175293,0.7939901947975159,1537.0,886.0,0.6523596617116078,0.5989135503768921,0.4625874161720276,6390.0,1323.0
5,0.9886363744735718,0.9989204406738281,15.0,35.0,0.06386817852204496,0.9842342138290405,0.9931818246841431,2165.0,2185.0,0.7778216004371643,0.8349529504776001,1250.0,1002.0,0.5832431789402334,0.6163859367370605,0.5629370808601379,6274.0,1610.0
6,0.9906818270683289,0.9996169805526733,13.0,28.0,0.05267624289474704,0.9873589277267456,0.9940909147262573,2172.0,2187.0,0.7638121843338013,0.8153514266014099,1397.0,997.0,0.5998584061225946,0.5947154760360718,0.5115384459495544,6279.0,1463.0
