,accuracy,auc,false_negatives,false_positives,loss,precision,recall,true_negatives,true_positives,val_accuracy,val_auc,val_false_negatives,val_false_positives,val_loss,val_precision,val_recall,val_true_negatives,val_true_positives
0,0.9289583563804626,0.9787082672119141,133.0,208.0,0.19476548522710802,0.9159595966339111,0.9445833563804626,2192.0,2267.0,0.8303990364074707,0.6274632215499878,131.0,447.0,0.8421931607482579,0.14694656431674957,0.3701923191547394,2753.0,77.0
1,0.9468749761581421,0.9872997999191284,114.0,141.0,0.15727435181538263,0.9419035911560059,0.9524999856948853,2259.0,2286.0,0.8603286147117615,0.6444335579872131,151.0,325.0,0.7536923334072453,0.14921465516090393,0.2740384638309479,2875.0,57.0
2,0.9597916603088379,0.9924735426902771,77.0,116.0,0.13074997725586096,0.952439546585083,0.9679166674613953,2284.0,2323.0,0.84477698802948,0.617514967918396,138.0,391.0,0.8133363370464441,0.1518438160419464,0.3365384638309479,2809.0,70.0
3,0.96895831823349,0.9954370856285095,62.0,87.0,0.11067627690732479,0.9641237258911133,0.9741666913032532,2313.0,2338.0,0.845950722694397,0.6584901213645935,132.0,393.0,0.7959579732356497,0.1620469093322754,0.36538460850715637,2807.0,76.0
4,0.9762499928474426,0.9974684715270996,47.0,67.0,0.09644826238354047,0.9723140597343445,0.9804166555404663,2333.0,2353.0,0.8277581930160522,0.6240308880805969,130.0,457.0,0.8714496987946156,0.14579439163208008,0.375,2743.0,78.0
5,0.9762499928474426,0.9975789785385132,42.0,72.0,0.09148189034312963,0.970370352268219,0.9825000166893005,2328.0,2358.0,0.8477112650871277,0.6498677730560303,144.0,375.0,0.8087146522153711,0.1457858830690384,0.3076923191547394,2825.0,64.0
6,0.981249988079071,0.998353898525238,34.0,56.0,0.08216740717490514,0.9768785834312439,0.9858333468437195,2344.0,2366.0,0.8529929518699646,0.6310938596725464,145.0,356.0,0.8021703274317191,0.15035799145698547,0.30288460850715637,2844.0,63.0
