,accuracy,auc,false_negatives,false_positives,loss,precision,recall,true_negatives,true_positives,val_accuracy,val_auc,val_false_negatives,val_false_positives,val_loss,val_precision,val_recall,val_true_negatives,val_true_positives
0,0.8981249928474426,0.9603210091590881,264.0,225.0,0.25680103689432143,0.9047014117240906,0.8899999856948853,2175.0,2136.0,0.9926082491874695,0.0,0.0,28.0,0.03432451129950968,0.0,0.0,3760.0,0.0
1,0.9364583492279053,0.9818042516708374,147.0,158.0,0.18508257920543353,0.9344670176506042,0.9387500286102295,2242.0,2253.0,0.9553854465484619,0.0,0.0,169.0,0.1355025967014629,0.0,0.0,3619.0,0.0
2,0.9458333253860474,0.9877164363861084,125.0,135.0,0.15922367239991825,0.9439833760261536,0.9479166865348816,2265.0,2275.0,0.9783526659011841,0.0,0.0,82.0,0.07024576838316107,0.0,0.0,3706.0,0.0
3,0.9572916626930237,0.9917580485343933,99.0,106.0,0.13516136209170024,0.9559617638587952,0.9587500095367432,2294.0,2301.0,0.9860084652900696,0.0,0.0,53.0,0.0529254863201911,0.0,0.0,3735.0,0.0
4,0.9662500023841858,0.9937520623207092,78.0,84.0,0.12328048013150691,0.9650872945785522,0.9674999713897705,2316.0,2322.0,0.9846884608268738,0.0,0.0,58.0,0.054008731825047084,0.0,0.0,3730.0,0.0
5,0.9743750095367432,0.997377872467041,58.0,65.0,0.09750966617216666,0.972995400428772,0.9758333563804626,2335.0,2342.0,0.9588173031806946,0.0,0.0,156.0,0.11314380804613752,0.0,0.0,3632.0,0.0
