,accuracy,auc,false_negatives,false_positives,loss,precision,recall,true_negatives,true_positives,val_accuracy,val_auc,val_false_negatives,val_false_positives,val_loss,val_precision,val_recall,val_true_negatives,val_true_positives
0,0.9399999976158142,0.9798485636711121,142.0,146.0,0.1858673418685794,0.9392678737640381,0.940833330154419,2254.0,2258.0,0.5742521286010742,0.9697007536888123,2.0,795.0,0.9144144231437618,0.18960244953632355,0.9893617033958435,889.0,186.0
1,0.9485416412353516,0.9856128096580505,110.0,137.0,0.16102129275600116,0.9435517191886902,0.9541666507720947,2263.0,2290.0,0.7446581125259399,0.9715880155563354,5.0,473.0,0.5747397491055676,0.2789634168148041,0.9734042286872864,1211.0,183.0
2,0.95333331823349,0.9888495206832886,100.0,124.0,0.14458368815481662,0.9488449096679688,0.9583333134651184,2276.0,2300.0,0.7056623697280884,0.9755332469940186,4.0,547.0,0.6265423690151964,0.2517099976539612,0.978723406791687,1137.0,184.0
3,0.953125,0.9899697303771973,98.0,127.0,0.13671071961522102,0.9477151036262512,0.9591666460037231,2273.0,2302.0,0.6239316463470459,0.9767856001853943,1.0,703.0,0.7950102931413895,0.21011236310005188,0.9946808218955994,981.0,187.0
4,0.9595833420753479,0.992012083530426,93.0,101.0,0.12864258388678232,0.9580564498901367,0.9612500071525574,2299.0,2307.0,0.6730769276618958,0.9741923213005066,3.0,609.0,0.704070772880163,0.23299747705459595,0.9840425252914429,1075.0,185.0
5,0.9649999737739563,0.9920058846473694,71.0,97.0,0.12401165813207626,0.9600164890289307,0.9704166650772095,2303.0,2329.0,0.5795940160751343,0.9708046317100525,2.0,785.0,0.87312445579431,0.19155509769916534,0.9893617033958435,899.0,186.0
6,0.9649999737739563,0.9937978982925415,68.0,100.0,0.11553537413477898,0.9588815569877625,0.971666693687439,2300.0,2332.0,0.439636766910553,0.9624752998352051,1.0,1048.0,1.3346205847895043,0.15141700208187103,0.9946808218955994,636.0,187.0
