,accuracy,auc,false_negatives,false_positives,loss,precision,recall,true_negatives,true_positives,val_accuracy,val_auc,val_false_negatives,val_false_positives,val_loss,val_precision,val_recall,val_true_negatives,val_true_positives
0,0.9018750190734863,0.9633018374443054,240.0,231.0,0.24438233092427253,0.903387725353241,0.8999999761581421,2169.0,2160.0,0.8394289612770081,0.36626461148262024,1089.0,272.0,0.9823177838702425,0.025089606642723083,0.006386861205101013,7108.0,7.0
1,0.9387500286102295,0.9854286909103394,141.0,153.0,0.16557028224070866,0.9365671873092651,0.9412500262260437,2247.0,2259.0,0.7320669889450073,0.32714924216270447,1053.0,1218.0,0.9496635511805843,0.034099921584129333,0.039233576506376266,6162.0,43.0
2,0.95333331823349,0.9901207089424133,105.0,119.0,0.1407052783916394,0.9507042169570923,0.956250011920929,2281.0,2295.0,0.7282916307449341,0.28682634234428406,1046.0,1257.0,1.0693049370933108,0.03825554624199867,0.04562043771147728,6123.0,50.0
3,0.9602083563804626,0.993655800819397,90.0,101.0,0.12302214657266934,0.95810866355896,0.9624999761581421,2299.0,2310.0,0.7803208827972412,0.28749337792396545,1059.0,803.0,1.0739589428327847,0.04404762014746666,0.03375912457704544,6577.0,37.0
4,0.9641666412353516,0.9940367341041565,75.0,97.0,0.11407315524915854,0.9599504470825195,0.96875,2303.0,2325.0,0.7950684428215027,0.3303403854370117,1067.0,670.0,1.0323362814586867,0.041487839072942734,0.02645985409617424,6710.0,29.0
5,0.9664583206176758,0.9954093098640442,74.0,87.0,0.10531508148958285,0.9639452695846558,0.9691666960716248,2313.0,2326.0,0.7175554633140564,0.30386146903038025,1037.0,1357.0,1.0347254071639584,0.0416666679084301,0.05383211746811867,6023.0,59.0
6,0.9710416793823242,0.9960812926292419,51.0,88.0,0.09802241032322248,0.963890016078949,0.9787499904632568,2312.0,2349.0,0.8126474618911743,0.3058232367038727,1065.0,523.0,1.1702869144347885,0.055956680327653885,0.028284670785069466,6857.0,31.0
