,accuracy,auc,false_negatives,false_positives,loss,precision,recall,true_negatives,true_positives,val_accuracy,val_auc,val_false_negatives,val_false_positives,val_loss,val_precision,val_recall,val_true_negatives,val_true_positives
0,0.9472916722297668,0.9871180057525635,108.0,145.0,0.15217331046859423,0.9405006170272827,0.9549999833106995,2255.0,2292.0,0.8010563254356384,0.6521161198616028,131.0,547.0,0.9125383347972458,0.12339743226766586,0.3701923191547394,2653.0,77.0
1,0.9543750286102295,0.9902948141098022,92.0,127.0,0.13570060521364213,0.9478439688682556,0.9616666436195374,2273.0,2308.0,0.6094483733177185,0.6305701732635498,91.0,1240.0,1.4575532192075755,0.08621960133314133,0.5625,1960.0,117.0
2,0.9552083611488342,0.9913508296012878,94.0,121.0,0.13227929688990117,0.9501442313194275,0.9608333110809326,2279.0,2306.0,0.8503521084785461,0.6505439281463623,158.0,352.0,0.7891886519889036,0.12437810748815536,0.24038460850715637,2848.0,50.0
3,0.9635416865348816,0.9939921498298645,83.0,92.0,0.11607355115314325,0.9618098735809326,0.965416669845581,2308.0,2317.0,0.7866784334182739,0.6237537264823914,132.0,595.0,0.9975557657474643,0.11326378583908081,0.36538460850715637,2605.0,76.0
4,0.9702083468437195,0.9950385689735413,67.0,76.0,0.1087368305400014,0.9684516191482544,0.972083330154419,2324.0,2333.0,0.8271713852882385,0.6359044313430786,142.0,447.0,0.8776179701789444,0.12865497171878815,0.3173076808452606,2753.0,66.0
5,0.9710416793823242,0.9960574507713318,53.0,86.0,0.10109370035429796,0.9646527171134949,0.9779166579246521,2314.0,2347.0,0.7159624695777893,0.6410667300224304,112.0,856.0,1.1422586565566175,0.10084033757448196,0.4615384638309479,2344.0,96.0
6,0.9739583134651184,0.9967541098594666,60.0,65.0,0.09480996519327163,0.9729729890823364,0.9750000238418579,2335.0,2340.0,0.7546948194503784,0.6437312364578247,121.0,715.0,1.0719516130400375,0.10847879946231842,0.41826921701431274,2485.0,87.0
7,0.9752083420753479,0.9972335696220398,53.0,66.0,0.09095082869132359,0.9726481437683105,0.9779166579246521,2334.0,2347.0,0.7852112650871277,0.6317142248153687,130.0,602.0,1.0085468188697744,0.1147058829665184,0.375,2598.0,78.0
