,accuracy,auc,false_negatives,false_positives,loss,pr,precision,recall,true_negatives,true_positives,val_accuracy,val_auc,val_false_negatives,val_false_positives,val_loss,val_pr,val_precision,val_recall,val_true_negatives,val_true_positives
0,0.9295454621315002,0.9751617908477783,167.0,143.0,0.220761834599755,0.976622998714447,0.9342830777168274,0.9240909218788147,2057.0,2033.0,0.7617403268814087,0.7981969118118286,1203.0,1212.0,0.5240732931488598,0.5954886078834534,0.5775531530380249,0.5793706178665161,6064.0,1657.0
1,0.9477272629737854,0.987818717956543,107.0,123.0,0.17676911717111415,0.9870938658714294,0.9444946050643921,0.9513636231422424,2077.0,2093.0,0.7690410614013672,0.806812584400177,1373.0,968.0,0.500481890898195,0.6089903712272644,0.6057026386260986,0.5199300646781921,6308.0,1487.0
2,0.9622727036476135,0.9923638105392456,86.0,80.0,0.15455147445201875,0.9919766187667847,0.9635369181632996,0.9609090685844421,2120.0,2114.0,0.7655879855155945,0.8072501420974731,1461.0,915.0,0.5082972664106711,0.6040558815002441,0.604580819606781,0.48916083574295044,6361.0,1399.0
3,0.9704545736312866,0.995380163192749,69.0,61.0,0.13193410981785167,0.9949895143508911,0.9721715450286865,0.9686363339424133,2139.0,2131.0,0.7659826278686523,0.806549072265625,1576.0,796.0,0.515932245854797,0.6068254113197327,0.6173076629638672,0.44895103573799133,6480.0,1284.0
4,0.9736363887786865,0.9969453811645508,48.0,68.0,0.12164993492039768,0.9969867467880249,0.9693693518638611,0.9781818389892578,2132.0,2152.0,0.7647000551223755,0.8069404363632202,1359.0,1026.0,0.5112210011378742,0.6074349880218506,0.5939849615097046,0.5248251557350159,6250.0,1501.0
5,0.9811363816261292,0.9979351162910461,32.0,51.0,0.10966578339988535,0.9978832006454468,0.9770166873931885,0.9854545593261719,2149.0,2168.0,0.7758484482765198,0.8289709687232971,1091.0,1181.0,0.5032713477218255,0.6233118176460266,0.5996609926223755,0.6185314655303955,6095.0,1769.0
6,0.984318196773529,0.9985800385475159,27.0,42.0,0.10118563944643194,0.9985576272010803,0.9810383915901184,0.9877272844314575,2158.0,2173.0,0.7661799788475037,0.8174419403076172,1203.0,1167.0,0.5178627872335319,0.6128844618797302,0.5867563486099243,0.5793706178665161,6109.0,1657.0
