,accuracy,auc,false_negatives,false_positives,loss,pr,precision,recall,true_negatives,true_positives,val_accuracy,val_auc,val_false_negatives,val_false_positives,val_loss,val_pr,val_precision,val_recall,val_true_negatives,val_true_positives
0,0.8134090900421143,0.8982280492782593,400.0,421.0,0.4279788771542636,0.9038551449775696,0.8104457259178162,0.8181818127632141,1779.0,1800.0,0.7903972268104553,0.702987015247345,901.0,1273.0,0.5027845297547505,0.3649783134460449,0.3596579432487488,0.44245049357414246,7483.0,715.0
1,0.887499988079071,0.9597871899604797,229.0,266.0,0.3252962975610386,0.9618395566940308,0.8810907602310181,0.8959090709686279,1934.0,1971.0,0.6933088898658752,0.6035512089729309,1120.0,2061.0,0.5605843661606564,0.26172423362731934,0.19397731125354767,0.30693069100379944,6695.0,496.0
2,0.9202272891998291,0.9775492548942566,150.0,201.0,0.2736465355482968,0.9782782196998596,0.9107063412666321,0.9318181872367859,1999.0,2050.0,0.6933088898658752,0.5716762542724609,1158.0,2023.0,0.5895499486147185,0.25263088941574097,0.18460297584533691,0.28341585397720337,6733.0,458.0
3,0.941136360168457,0.9865511655807495,107.0,152.0,0.2350503659248352,0.9863611459732056,0.9322940111160278,0.9513636231422424,2048.0,2093.0,0.6739298105239868,0.6064388751983643,1047.0,2335.0,0.6448286724996254,0.2597139775753021,0.1959366351366043,0.35210394859313965,6421.0,569.0
4,0.953181803226471,0.9909464120864868,85.0,121.0,0.2080341630632227,0.9906788468360901,0.9458855390548706,0.9613636136054993,2079.0,2115.0,0.7074816823005676,0.6121676564216614,1143.0,1891.0,0.5824685579232621,0.27304425835609436,0.2000845968723297,0.2926980257034302,6865.0,473.0
5,0.9579545259475708,0.9939641952514648,80.0,105.0,0.1865983835133639,0.9940677285194397,0.9528089761734009,0.9636363387107849,2095.0,2120.0,0.7116274833679199,0.5796932578086853,1172.0,1819.0,0.5970171868479303,0.26880475878715515,0.19619973003864288,0.2747524678707123,6937.0,444.0
