,accuracy,auc,false_negatives,false_positives,loss,pr,precision,recall,true_negatives,true_positives,val_accuracy,val_auc,val_false_negatives,val_false_positives,val_loss,val_pr,val_precision,val_recall,val_true_negatives,val_true_positives
0,0.8956249952316284,0.9558611512184143,263.0,238.0,0.27124548186858494,0.9609280824661255,0.8997894525527954,0.89041668176651,2162.0,2137.0,0.888751745223999,0.8949587941169739,257.0,374.0,0.2890214315590637,0.654899001121521,0.6008538007736206,0.6865853667259216,4478.0,563.0
1,0.9245833158493042,0.9805199503898621,184.0,178.0,0.20773325696587563,0.9812278151512146,0.9256474375724792,0.9233333468437195,2222.0,2216.0,0.8834626078605652,0.8866714835166931,278.0,383.0,0.29513907150926305,0.6443175077438354,0.5859459638595581,0.6609756350517273,4469.0,542.0
2,0.940833330154419,0.9863067269325256,140.0,144.0,0.1853524501621723,0.9869446754455566,0.940099835395813,0.9416666626930237,2256.0,2260.0,0.8945698142051697,0.8938354253768921,296.0,302.0,0.27838430357164323,0.6633546352386475,0.6343825459480286,0.6390243768692017,4550.0,524.0
3,0.950208306312561,0.9895998239517212,122.0,117.0,0.1695616834362348,0.9895177483558655,0.9511482119560242,0.9491666555404663,2283.0,2278.0,0.8751763105392456,0.8804618716239929,308.0,400.0,0.301259265453338,0.6293569207191467,0.5614035129547119,0.6243902444839478,4452.0,512.0
4,0.9624999761581421,0.9941389560699463,94.0,86.0,0.14617492998639742,0.9942790865898132,0.964046835899353,0.9608333110809326,2314.0,2306.0,0.8531382083892822,0.8874536156654358,188.0,645.0,0.3424921420800837,0.641348659992218,0.49490994215011597,0.7707316875457764,4207.0,632.0
5,0.9660416841506958,0.9954152703285217,72.0,91.0,0.13744505224128564,0.9954772591590881,0.96238112449646,0.9700000286102295,2309.0,2328.0,0.8739421963691711,0.8873288631439209,259.0,456.0,0.3055034111265739,0.6358762979507446,0.5516223907470703,0.6841463446617126,4396.0,561.0
6,0.9750000238418579,0.9970808625221252,59.0,61.0,0.12335094342629115,0.9972293376922607,0.9746044874191284,0.9754166603088379,2339.0,2341.0,0.8686530590057373,0.884369432926178,238.0,507.0,0.31588793796065495,0.6314718127250671,0.5344352722167969,0.709756076335907,4345.0,582.0
7,0.9735416769981384,0.9971258640289307,59.0,68.0,0.12087313517928124,0.9972244501113892,0.9717724919319153,0.9754166603088379,2332.0,2341.0,0.8836389183998108,0.890722393989563,322.0,338.0,0.28152271197275985,0.6412569284439087,0.5956937670707703,0.6073170900344849,4514.0,498.0
