,accuracy,auc,false_negatives,false_positives,loss,precision,recall,true_negatives,true_positives,val_accuracy,val_auc,val_false_negatives,val_false_positives,val_loss,val_precision,val_recall,val_true_negatives,val_true_positives
0,0.7793750166893005,0.8389320373535156,332.0,374.0,0.514636487364769,0.772229015827179,0.7925000190734863,1226.0,1268.0,0.5360661745071411,0.7326040863990784,277.0,4997.0,1.2465666747277762,0.3151041567325592,0.8924689292907715,3795.0,2299.0
1,0.8753125071525574,0.9460657835006714,156.0,243.0,0.304236398935318,0.8559573292732239,0.9024999737739563,1357.0,1444.0,0.659130871295929,0.7493027448654175,654.0,3221.0,0.7814755878508888,0.37371185421943665,0.7461180090904236,5571.0,1922.0
2,0.9196875095367432,0.9756388664245605,81.0,176.0,0.225653278529644,0.8961651921272278,0.9493749737739563,1424.0,1519.0,0.7147255539894104,0.7597243785858154,1091.0,2152.0,0.6308698719190428,0.40830355882644653,0.5764751434326172,6640.0,1485.0
3,0.9409375190734863,0.9876662492752075,58.0,131.0,0.1840703594684601,0.9216975569725037,0.9637500047683716,1469.0,1542.0,0.7434025406837463,0.7616322040557861,1411.0,1506.0,0.5899469917463133,0.4361662268638611,0.4522515535354614,7286.0,1165.0
4,0.9546874761581421,0.9925986528396606,48.0,97.0,0.15212872251868248,0.9411764740943909,0.9700000286102295,1503.0,1552.0,0.7322308421134949,0.7770841121673584,1085.0,1959.0,0.6230863956898388,0.4321739077568054,0.5788043737411499,6833.0,1491.0
5,0.9634374976158142,0.9951230883598328,37.0,80.0,0.13554092798382045,0.9513086080551147,0.9768750071525574,1520.0,1563.0,0.7309113144874573,0.7377457022666931,1436.0,1623.0,0.6475717656807234,0.4125950038433075,0.4425465762615204,7169.0,1140.0
6,0.9775000214576721,0.9977962970733643,21.0,51.0,0.11111953105777501,0.9687116742134094,0.9868749976158142,1549.0,1579.0,0.730207622051239,0.7617816925048828,1296.0,1771.0,0.643996319705378,0.4195345640182495,0.4968944191932678,7021.0,1280.0
7,0.9806249737739563,0.9987538456916809,17.0,45.0,0.10075670890510083,0.9723587036132812,0.9893749952316284,1555.0,1583.0,0.7249296307563782,0.745684027671814,1360.0,1767.0,0.6752056424190761,0.40764331817626953,0.47204968333244324,7025.0,1216.0
8,0.9837499856948853,0.9988097548484802,13.0,39.0,0.0891487531363964,0.9760147333145142,0.9918749928474426,1561.0,1587.0,0.7171006202697754,0.7394341230392456,1318.0,1898.0,0.6931168199592204,0.3986058235168457,0.48835402727127075,6894.0,1258.0
