,accuracy,auc,false_negatives,false_positives,loss,precision,recall,true_negatives,true_positives,val_accuracy,val_auc,val_false_negatives,val_false_positives,val_loss,val_precision,val_recall,val_true_negatives,val_true_positives
0,0.9309090971946716,0.9776652455329895,155.0,149.0,0.18946333438158036,0.9320875406265259,0.9295454621315002,2051.0,2045.0,0.7741712927818298,0.8302971720695496,981.0,1308.0,0.583896576699631,0.5895826816558838,0.65699303150177,5968.0,1879.0
1,0.9574999809265137,0.9911102056503296,89.0,98.0,0.1286600079590624,0.9556360244750977,0.9595454335212708,2102.0,2111.0,0.7880820631980896,0.8509267568588257,845.0,1303.0,0.545112890644909,0.6072935461997986,0.7045454382896423,5973.0,2015.0
2,0.9695454835891724,0.9953086972236633,66.0,68.0,0.10377596172419461,0.9691190123558044,0.9700000286102295,2132.0,2134.0,0.7823598980903625,0.8359306454658508,1089.0,1117.0,0.5402361835281776,0.613227128982544,0.6192307472229004,6159.0,1771.0
3,0.975454568862915,0.9970303773880005,49.0,59.0,0.0889443581619046,0.9733031392097473,0.9777272939682007,2141.0,2151.0,0.8011049628257751,0.8617517352104187,827.0,1189.0,0.49836331196629163,0.630974531173706,0.7108391523361206,6087.0,2033.0
4,0.9800000190734863,0.9976143836975098,33.0,55.0,0.08109573983333328,0.9752475023269653,0.9850000143051147,2145.0,2167.0,0.7845304012298584,0.8347960710525513,1168.0,1016.0,0.5420383375370323,0.6248153448104858,0.5916084051132202,6260.0,1692.0
5,0.984318196773529,0.9984037280082703,31.0,38.0,0.07119925412264737,0.9827820658683777,0.985909104347229,2162.0,2169.0,0.7757498025894165,0.8371755480766296,955.0,1318.0,0.5552428245967829,0.5910642147064209,0.6660839319229126,5958.0,1905.0
6,0.9870454668998718,0.9989110231399536,22.0,35.0,0.06538908690214157,0.9841843843460083,0.9900000095367432,2165.0,2178.0,0.7970600128173828,0.8559896349906921,997.0,1060.0,0.5046240149893532,0.6373589038848877,0.6513985991477966,6216.0,1863.0
7,0.9925000071525574,0.9996683597564697,13.0,20.0,0.05274569262157787,0.9909379482269287,0.9940909147262573,2180.0,2187.0,0.798835813999176,0.8546606302261353,1013.0,1026.0,0.5080584696690305,0.6428819894790649,0.6458041667938232,6250.0,1847.0
8,0.9918181896209717,0.9996932744979858,9.0,27.0,0.05271945635026151,0.9878268837928772,0.9959090948104858,2173.0,2191.0,0.7851223349571228,0.8361390233039856,1170.0,1008.0,0.5427131348928318,0.6263899207115173,0.5909090638160706,6268.0,1690.0
