,accuracy,auc,false_negatives,false_positives,loss,precision,recall,true_negatives,true_positives,val_accuracy,val_auc,val_false_negatives,val_false_positives,val_loss,val_precision,val_recall,val_true_negatives,val_true_positives
0,0.9506250023841858,0.9891273975372314,91.0,146.0,0.15883603115876516,0.9405295252799988,0.9620833396911621,2254.0,2309.0,0.8210093975067139,0.6540850400924683,129.0,481.0,0.7677713842459128,0.14107142388820648,0.3798076808452606,2719.0,79.0
1,0.956041693687439,0.9926562905311584,79.0,132.0,0.14133324911197026,0.9461883306503296,0.9670833349227905,2268.0,2321.0,0.8224765062332153,0.6399737000465393,132.0,473.0,0.7588578605316054,0.1384335160255432,0.36538460850715637,2727.0,76.0
2,0.9697916507720947,0.9955098032951355,53.0,92.0,0.12341482614477475,0.9622796177864075,0.9779166579246521,2308.0,2347.0,0.8350939154624939,0.6433075666427612,131.0,431.0,0.7525010483925332,0.15157480537891388,0.3701923191547394,2769.0,77.0
3,0.9714583158493042,0.9966763257980347,48.0,89.0,0.11658128723502159,0.9635395407676697,0.9800000190734863,2311.0,2352.0,0.8512324094772339,0.651297390460968,143.0,364.0,0.7118947275787452,0.1515151560306549,0.3125,2836.0,65.0
4,0.9758333563804626,0.9979695677757263,51.0,65.0,0.1045632457981507,0.9730737209320068,0.9787499904632568,2335.0,2349.0,0.8406690359115601,0.6475022435188293,137.0,406.0,0.7351675076943608,0.14884695410728455,0.3413461446762085,2794.0,71.0
5,0.9850000143051147,0.9985398650169373,30.0,42.0,0.09478686245779197,0.9825870394706726,0.987500011920929,2358.0,2370.0,0.841549277305603,0.6623498201370239,135.0,405.0,0.742006574788004,0.1527196615934372,0.3509615361690521,2795.0,73.0
6,0.9839583039283752,0.9988690614700317,30.0,47.0,0.09258034696181615,0.9805544018745422,0.987500011920929,2353.0,2370.0,0.8573943376541138,0.6390693187713623,151.0,335.0,0.7197355998793679,0.14540816843509674,0.2740384638309479,2865.0,57.0
7,0.9856250286102295,0.9989921450614929,31.0,38.0,0.08560583561658859,0.9842126965522766,0.9870833158493042,2362.0,2369.0,0.8456572890281677,0.6387236714363098,144.0,382.0,0.7398193221836583,0.1434977650642395,0.3076923191547394,2818.0,64.0
8,0.9887499809265137,0.9994798302650452,21.0,33.0,0.07887943146129449,0.9863184094429016,0.9912499785423279,2367.0,2379.0,0.8318662047386169,0.6333789825439453,135.0,438.0,0.7804123349312885,0.1428571492433548,0.3509615361690521,2762.0,73.0
