,accuracy,auc,false_negatives,false_positives,loss,precision,recall,true_negatives,true_positives,val_accuracy,val_auc,val_false_negatives,val_false_positives,val_loss,val_precision,val_recall,val_true_negatives,val_true_positives
0,0.6512500047683716,0.7074029445648193,551.0,565.0,0.6264980486035348,0.6499380469322205,0.6556249856948853,1035.0,1049.0,0.5013194680213928,0.47809627652168274,1458.0,4211.0,0.6931033033791099,0.20979546010494232,0.4340062141418457,4581.0,1118.0
1,0.8403124809265137,0.9134764075279236,210.0,301.0,0.4493904009461403,0.8219988346099854,0.8687499761581421,1299.0,1390.0,0.7721675038337708,0.6069834232330322,2575.0,15.0,0.6161636556226716,0.0625,0.0003881987649947405,8777.0,1.0
2,0.8924999833106995,0.9578140377998352,126.0,218.0,0.3634146162867546,0.8711584210395813,0.9212499856948853,1382.0,1474.0,0.7689127326011658,0.6751328706741333,2566.0,61.0,0.547169936701582,0.14084507524967194,0.003881987649947405,8731.0,10.0
3,0.9240624904632568,0.97760409116745,77.0,166.0,0.3017709505558014,0.9017170071601868,0.9518749713897705,1434.0,1523.0,0.7394440770149231,0.6873838305473328,2451.0,511.0,0.5232666894048976,0.19654087722301483,0.04852484539151192,8281.0,125.0
4,0.9403125047683716,0.9863327145576477,55.0,136.0,0.26370077788829804,0.9190957546234131,0.965624988079071,1464.0,1545.0,0.714989423751831,0.6609097719192505,2269.0,971.0,0.5313691467906622,0.2402190864086151,0.11917702108621597,7821.0,307.0
5,0.9553124904632568,0.9907689094543457,45.0,98.0,0.23290623843669891,0.9407138824462891,0.971875011920929,1502.0,1555.0,0.6732934713363647,0.6628897190093994,1935.0,1779.0,0.5659775853073152,0.26487603783607483,0.24883539974689484,7013.0,641.0
6,0.9662500023841858,0.9950264096260071,27.0,81.0,0.2011880783736706,0.9510278105735779,0.9831249713897705,1519.0,1573.0,0.6657283306121826,0.6564760208129883,1748.0,2052.0,0.5934929755856503,0.2874999940395355,0.3214285671710968,6740.0,828.0
7,0.9703124761581421,0.9964903593063354,26.0,69.0,0.18369495257735252,0.9580036401748657,0.9837499856948853,1531.0,1574.0,0.6556122303009033,0.6551542282104492,1483.0,2432.0,0.6331882972183738,0.3100709319114685,0.42430123686790466,6360.0,1093.0
8,0.9703124761581421,0.996708333492279,32.0,63.0,0.1701625369489193,0.9613733887672424,0.9800000190734863,1537.0,1568.0,0.6608902215957642,0.6524327397346497,1653.0,2202.0,0.6256302384571825,0.2953599989414215,0.35830745100975037,6590.0,923.0
