,accuracy,auc,false_negatives,false_positives,loss,pr,precision,recall,true_negatives,true_positives,val_accuracy,val_auc,val_false_negatives,val_false_positives,val_loss,val_pr,val_precision,val_recall,val_true_negatives,val_true_positives
0,0.8236363530158997,0.9086923003196716,465.0,311.0,0.42061707160689615,0.911428689956665,0.8479961156845093,0.7886363863945007,1889.0,1735.0,0.9038189649581909,0.7274226546287537,712.0,104.0,0.3584811709810686,0.23226627707481384,0.42222222685813904,0.0964467003941536,7592.0,76.0
1,0.8840909004211426,0.9574278593063354,249.0,261.0,0.3275432865186171,0.9555287957191467,0.8820072412490845,0.8868181705474854,1939.0,1951.0,0.8479490876197815,0.7121888399124146,563.0,727.0,0.3909974108603359,0.2157742828130722,0.23634453117847443,0.28553298115730286,6969.0,225.0
2,0.9120454788208008,0.9735227823257446,167.0,220.0,0.2775914850018241,0.9731078743934631,0.9023523926734924,0.9240909218788147,1980.0,2033.0,0.7208863496780396,0.6983595490455627,413.0,1955.0,0.5025973227551275,0.18567855656147003,0.16094420850276947,0.47588831186294556,5741.0,375.0
3,0.9293181896209717,0.9809978604316711,145.0,166.0,0.24394561561671171,0.9797709584236145,0.9252588748931885,0.9340909123420715,2034.0,2055.0,0.8551390767097473,0.7319632768630981,483.0,746.0,0.36761572239029133,0.2770087718963623,0.29019981622695923,0.3870558440685272,6950.0,305.0
4,0.9465909004211426,0.9878583550453186,92.0,143.0,0.21155502704056828,0.9869586825370789,0.9364726543426514,0.9581817984580994,2057.0,2108.0,0.7937293648719788,0.7433613538742065,378.0,1372.0,0.4471528228584858,0.28077811002731323,0.2300785630941391,0.5203045606613159,6324.0,410.0
5,0.9524999856948853,0.9911209940910339,79.0,130.0,0.19173334923657503,0.990918755531311,0.9422478675842285,0.964090883731842,2070.0,2121.0,0.8187175989151001,0.7477947473526001,430.0,1108.0,0.39562758411342724,0.2976594567298889,0.2442019134759903,0.4543147087097168,6588.0,358.0
