,accuracy,auc,false_negatives,false_positives,loss,pr,precision,recall,true_negatives,true_positives,val_accuracy,val_auc,val_false_negatives,val_false_positives,val_loss,val_pr,val_precision,val_recall,val_true_negatives,val_true_positives
0,0.9237499833106995,0.9782636165618896,163.0,203.0,0.21537505159775416,0.9761039018630981,0.9168033003807068,0.9320833086967468,2197.0,2237.0,0.8541666865348816,0.6797738671302795,146.0,351.0,0.6202037230903554,0.11095142364501953,0.1501210629940033,0.29807692766189575,2849.0,62.0
1,0.9414583444595337,0.9857159852981567,131.0,150.0,0.1870307760934035,0.9852201342582703,0.9379909038543701,0.9454166889190674,2250.0,2269.0,0.86091548204422,0.6679762005805969,151.0,323.0,0.6266891945135985,0.10854344069957733,0.15000000596046448,0.2740384638309479,2877.0,57.0
2,0.9508333206176758,0.9885119199752808,113.0,123.0,0.17146332313617071,0.9878460168838501,0.9489626288414001,0.95291668176651,2277.0,2287.0,0.8453638553619385,0.6474804878234863,141.0,386.0,0.6807708243529002,0.10375554859638214,0.14790287613868713,0.32211539149284363,2814.0,67.0
3,0.9574999809265137,0.9916625022888184,98.0,106.0,0.15572278593977293,0.9909079074859619,0.9559800624847412,0.9591666460037231,2294.0,2302.0,0.8215962648391724,0.6521431803703308,137.0,471.0,0.7308937161461289,0.10447093099355698,0.13099631667137146,0.3413461446762085,2729.0,71.0
4,0.965624988079071,0.994746208190918,72.0,93.0,0.1364800115923087,0.9939435720443726,0.9615861177444458,0.9700000286102295,2307.0,2328.0,0.8116196990013123,0.6574736833572388,130.0,512.0,0.7702517077116899,0.1056394949555397,0.1322033852338791,0.375,2688.0,78.0
5,0.9683333039283752,0.9950621128082275,69.0,83.0,0.13151729727784792,0.9946701526641846,0.9656172394752502,0.9712499976158142,2317.0,2331.0,0.8371478915214539,0.6557760238647461,138.0,417.0,0.7199185125424828,0.1060437262058258,0.14373716711997986,0.3365384638309479,2783.0,70.0
