,accuracy,auc,false_negatives,false_positives,loss,pr,precision,recall,true_negatives,true_positives,val_accuracy,val_auc,val_false_negatives,val_false_positives,val_loss,val_pr,val_precision,val_recall,val_true_negatives,val_true_positives
0,0.6256250143051147,0.7015029191970825,932.0,266.0,0.6573991250991821,0.6731353402137756,0.7152034044265747,0.41749998927116394,1334.0,668.0,0.7733989953994751,0.3453406095504761,2576.0,0.0,0.6013178539309679,0.1791296750307083,0.0,0.0,8792.0,0.0
1,0.8140624761581421,0.9040006399154663,368.0,227.0,0.4565218633413315,0.894230842590332,0.8444139957427979,0.7699999809265137,1373.0,1232.0,0.7733989953994751,0.36406105756759644,2576.0,0.0,0.5497950681031044,0.1855904906988144,0.0,0.0,8792.0,0.0
2,0.8824999928474426,0.9544947743415833,189.0,187.0,0.36258892104029655,0.9506479501724243,0.8829787373542786,0.8818749785423279,1413.0,1411.0,0.7733989953994751,0.39775824546813965,2576.0,0.0,0.5736057158929206,0.1863807737827301,0.0,0.0,8792.0,0.0
3,0.9115625023841858,0.9736656546592712,122.0,161.0,0.3060869313776493,0.9728349447250366,0.9017693996429443,0.9237499833106995,1439.0,1478.0,0.7732231020927429,0.4960517883300781,2576.0,2.0,0.5740110608241157,0.22500506043434143,0.0,0.0,8790.0,0.0
4,0.9303125143051147,0.9832496047019958,77.0,146.0,0.2647633509337902,0.9827613234519958,0.9125224947929382,0.9518749713897705,1454.0,1523.0,0.7543982863426208,0.5716572999954224,2485.0,307.0,0.5566897767266281,0.2549082636833191,0.22864320874214172,0.03532608598470688,8485.0,91.0
5,0.9496874809265137,0.9905640482902527,54.0,107.0,0.23042292147874832,0.9902826547622681,0.9352692365646362,0.9662500023841858,1493.0,1546.0,0.7148135304450989,0.6213149428367615,2100.0,1142.0,0.5615921508754164,0.28598514199256897,0.29419034719467163,0.18478260934352875,7650.0,476.0
6,0.9603124856948853,0.9930251836776733,40.0,87.0,0.20685154899954797,0.9924557209014893,0.9471766948699951,0.9750000238418579,1513.0,1560.0,0.6781315803527832,0.616053581237793,1874.0,1785.0,0.6042807190289051,0.28084802627563477,0.2822677791118622,0.27251553535461426,7007.0,702.0
