,accuracy,auc,false_negatives,false_positives,loss,pr,precision,recall,true_negatives,true_positives,val_accuracy,val_auc,val_false_negatives,val_false_positives,val_loss,val_pr,val_precision,val_recall,val_true_negatives,val_true_positives
0,0.89083331823349,0.960006058216095,257.0,267.0,0.2678209626674652,0.960814356803894,0.8892115950584412,0.8929166793823242,2133.0,2143.0,0.989176332950592,0.0,0.0,41.0,0.06044688345638223,0.0,0.0,0.0,3747.0,0.0
1,0.921875,0.9775517582893372,168.0,207.0,0.21876531600952148,0.9767091274261475,0.9151291251182556,0.9300000071525574,2193.0,2232.0,0.985216498374939,0.0,0.0,56.0,0.06135914461350869,0.0,0.0,0.0,3732.0,0.0
2,0.9347916841506958,0.9849554300308228,150.0,163.0,0.19197629263003668,0.9852004647254944,0.932449221611023,0.9375,2237.0,2250.0,0.9849525094032288,0.0,0.0,57.0,0.07746244556297092,0.0,0.0,0.0,3731.0,0.0
3,0.9445833563804626,0.9878092408180237,125.0,141.0,0.1786267377436161,0.9880363941192627,0.9416390657424927,0.9479166865348816,2259.0,2275.0,0.9844244718551636,0.0,0.0,59.0,0.0819839919035135,0.0,0.0,0.0,3729.0,0.0
4,0.9579166769981384,0.9922804236412048,92.0,110.0,0.1559859740237395,0.9922531843185425,0.9545078873634338,0.9616666436195374,2290.0,2308.0,0.9854804873466492,0.0,0.0,55.0,0.0653751262924865,0.0,0.0,0.0,3733.0,0.0
5,0.9554166793823242,0.9914448261260986,96.0,118.0,0.1572555719812711,0.9914461374282837,0.9512799382209778,0.9599999785423279,2282.0,2304.0,0.9844244718551636,0.0,0.0,59.0,0.06917055900215537,0.0,0.0,0.0,3729.0,0.0
