,accuracy,auc,false_negatives,false_positives,loss,pr,precision,recall,true_negatives,true_positives,val_accuracy,val_auc,val_false_negatives,val_false_positives,val_loss,val_pr,val_precision,val_recall,val_true_negatives,val_true_positives
0,0.8013636469841003,0.882649302482605,514.0,360.0,0.4616358546777205,0.8841416835784912,0.8240469098091125,0.7663636207580566,1840.0,1686.0,0.8441959023475647,0.5919020175933838,1616.0,0.0,0.42335447752930877,0.21317711472511292,0.0,0.0,8756.0,0.0
1,0.8836363554000854,0.9539791345596313,257.0,255.0,0.34620719541202893,0.9521099328994751,0.8839854598045349,0.8831818103790283,1945.0,1943.0,0.8384110927581787,0.5833263397216797,1415.0,261.0,0.45226570755829465,0.2516728341579437,0.4350649416446686,0.1243811845779419,8495.0,201.0
2,0.9172727465629578,0.9727178812026978,161.0,203.0,0.28839411280371924,0.9712109565734863,0.9094558358192444,0.9268181920051575,1997.0,2039.0,0.7343810200691223,0.6155310273170471,1262.0,1493.0,0.5148733191815665,0.22314679622650146,0.19166214764118195,0.21905940771102905,7263.0,354.0
3,0.9284090995788574,0.9813555479049683,133.0,182.0,0.25366300734606656,0.9802558422088623,0.9190751314163208,0.9395454525947571,2018.0,2067.0,0.6827998161315918,0.535639762878418,1229.0,2061.0,0.613670556588013,0.19296015799045563,0.15808823704719543,0.23948019742965698,6695.0,387.0
4,0.9431818127632141,0.988393247127533,102.0,148.0,0.21945970676162027,0.9878573417663574,0.9341050982475281,0.9536363482475281,2052.0,2098.0,0.697358250617981,0.5728775858879089,1226.0,1913.0,0.6089817000961745,0.20573149621486664,0.16934433579444885,0.2413366287946701,6843.0,390.0
5,0.9504545331001282,0.9908971786499023,86.0,132.0,0.2007302058284933,0.990984320640564,0.9412288665771484,0.9609090685844421,2068.0,2114.0,0.6901272535324097,0.5668500661849976,1210.0,2004.0,0.6402697100448094,0.2021234631538391,0.16846473515033722,0.2512376308441162,6752.0,406.0
