,accuracy,auc,false_negatives,false_positives,loss,pr,precision,recall,true_negatives,true_positives,val_accuracy,val_auc,val_false_negatives,val_false_positives,val_loss,val_pr,val_precision,val_recall,val_true_negatives,val_true_positives
0,0.9200000166893005,0.9723795056343079,188.0,196.0,0.23046050449212394,0.9679521322250366,0.9186046719551086,0.92166668176651,2204.0,2212.0,0.7264957427978516,0.94484543800354,14.0,498.0,0.596339180938199,0.8333829641342163,0.2589285671710968,0.9255319237709045,1186.0,174.0
1,0.9362499713897705,0.9806023836135864,134.0,172.0,0.2026991074780623,0.9759536385536194,0.9294503927230835,0.9441666603088379,2228.0,2266.0,0.6527777910232544,0.9467673897743225,9.0,641.0,0.7467270172559298,0.8349027633666992,0.21829268336296082,0.9521276354789734,1043.0,179.0
2,0.9474999904632568,0.985981285572052,113.0,139.0,0.18153790016969046,0.9817677736282349,0.9427040219306946,0.95291668176651,2261.0,2287.0,0.7045940160751343,0.9606133699417114,5.0,548.0,0.6484560991963769,0.8536117076873779,0.2503420114517212,0.9734042286872864,1136.0,183.0
3,0.9510416388511658,0.9889630675315857,101.0,134.0,0.16770692244172097,0.9850146770477295,0.9449239373207092,0.9579166769981384,2266.0,2299.0,0.6089743375778198,0.9577895402908325,4.0,728.0,0.8348801625080597,0.8310689926147461,0.2017543911933899,0.978723406791687,956.0,184.0
4,0.9572916626930237,0.9909555315971375,91.0,114.0,0.1570869875450929,0.9874522686004639,0.9529508948326111,0.9620833396911621,2286.0,2309.0,0.6971153616905212,0.9591256380081177,6.0,561.0,0.6417493634244316,0.8433814644813538,0.24495288729667664,0.9680851101875305,1123.0,182.0
5,0.9633333086967468,0.9926793575286865,77.0,99.0,0.14547551135222117,0.989586591720581,0.9591246843338013,0.9679166674613953,2301.0,2323.0,0.6623931527137756,0.9608801603317261,3.0,629.0,0.7277179304351155,0.8447907567024231,0.22727273404598236,0.9840425252914429,1055.0,185.0
