,accuracy,auc,false_negatives,false_positives,loss,pr,precision,recall,true_negatives,true_positives,val_accuracy,val_auc,val_false_negatives,val_false_positives,val_loss,val_pr,val_precision,val_recall,val_true_negatives,val_true_positives
0,0.8650000095367432,0.942385196685791,328.0,320.0,0.31747336268424986,0.9440785646438599,0.8662207126617432,0.8633333444595337,2080.0,2072.0,0.7336007356643677,0.2754948139190674,1073.0,1185.0,0.8089683727027673,0.0827380046248436,0.019039735198020935,0.020985402166843414,6195.0,23.0
1,0.9241666793823242,0.9789608120918274,181.0,183.0,0.22875735878944398,0.9792947769165039,0.9238134622573853,0.9245833158493042,2217.0,2219.0,0.7051675319671631,0.27424415946006775,1081.0,1418.0,0.8700681670255512,0.08277316391468048,0.010467550717294216,0.013686131685972214,5962.0,15.0
2,0.9418749809265137,0.9869703054428101,140.0,139.0,0.19419168785214425,0.9876720905303955,0.9420592188835144,0.9416666626930237,2261.0,2260.0,0.7196791172027588,0.29645150899887085,1083.0,1293.0,0.8224365351727797,0.08503054082393646,0.009954058565199375,0.011861314065754414,6087.0,13.0
3,0.9581249952316284,0.9920891523361206,98.0,103.0,0.16698334832986195,0.9924224615097046,0.9571725726127625,0.9591666460037231,2297.0,2302.0,0.6834591627120972,0.29322612285614014,1074.0,1609.0,0.8998540159720978,0.08465639501810074,0.013488656841218472,0.020072992891073227,5771.0,22.0
4,0.9641666412353516,0.9948751330375671,90.0,82.0,0.1481498159468174,0.994910717010498,0.9657190442085266,0.9624999761581421,2318.0,2310.0,0.7000944018363953,0.3035854697227478,1078.0,1464.0,0.8810261831130549,0.08580754697322845,0.012145749293267727,0.016423357650637627,5916.0,18.0
5,0.9704166650772095,0.9952766299247742,69.0,73.0,0.1395255302886168,0.995462954044342,0.969633936882019,0.9712499976158142,2327.0,2331.0,0.6816895008087158,0.30070433020591736,1064.0,1634.0,0.9204775406089016,0.08544246107339859,0.019207682460546494,0.029197080060839653,5746.0,32.0
