,accuracy,auc,false_negatives,false_positives,loss,pr,precision,recall,true_negatives,true_positives,val_accuracy,val_auc,val_false_negatives,val_false_positives,val_loss,val_pr,val_precision,val_recall,val_true_negatives,val_true_positives
0,0.9100000262260437,0.9680797457695007,221.0,211.0,0.23654173403978349,0.9700415730476379,0.9117155075073242,0.9079166650772095,2189.0,2179.0,0.9915522933006287,0.0,0.0,32.0,0.03616254775929476,0.0,0.0,0.0,3756.0,0.0
1,0.9350000023841858,0.9841116070747375,151.0,161.0,0.18573434494435787,0.9848066568374634,0.9331949949264526,0.9370833039283752,2239.0,2249.0,0.9939281940460205,0.0,0.0,23.0,0.04746716255135244,0.0,0.0,0.0,3765.0,0.0
2,0.9508333206176758,0.9884738326072693,107.0,129.0,0.16455634988844395,0.988828182220459,0.9467382431030273,0.9554166793823242,2271.0,2293.0,0.9912883043289185,0.0,0.0,33.0,0.06023571888081249,0.0,0.0,0.0,3755.0,0.0
3,0.9593750238418579,0.9929249286651611,87.0,108.0,0.14318528396387895,0.9932498931884766,0.9553903341293335,0.9637500047683716,2292.0,2313.0,0.9931362271308899,0.0,0.0,26.0,0.05617352709599004,0.0,0.0,0.0,3762.0,0.0
4,0.9637500047683716,0.993899405002594,92.0,82.0,0.13411788133283456,0.9940518736839294,0.9656903743743896,0.9616666436195374,2318.0,2308.0,0.9883843660354614,0.0,0.0,44.0,0.058832519196973056,0.0,0.0,0.0,3744.0,0.0
5,0.9722916483879089,0.9960833191871643,55.0,78.0,0.11883216415842374,0.996033787727356,0.9678084850311279,0.9770833253860474,2322.0,2345.0,0.9873284101486206,0.0,0.0,48.0,0.05714968752820112,0.0,0.0,0.0,3740.0,0.0
