,accuracy,auc,false_negatives,false_positives,loss,pr,precision,recall,true_negatives,true_positives,val_accuracy,val_auc,val_false_negatives,val_false_positives,val_loss,val_pr,val_precision,val_recall,val_true_negatives,val_true_positives
0,0.9397916793823242,0.9836671352386475,133.0,156.0,0.18187105456988018,0.9825826287269592,0.9356170296669006,0.9445833563804626,2244.0,2267.0,0.8535798192024231,0.6747108101844788,141.0,358.0,0.6875638036240994,0.11506824195384979,0.1576470583677292,0.32211539149284363,2842.0,67.0
1,0.95291668176651,0.9900599718093872,105.0,121.0,0.15524823516607283,0.9901752471923828,0.949917197227478,0.956250011920929,2279.0,2295.0,0.8518192768096924,0.691583514213562,132.0,373.0,0.7061138542745035,0.12022595852613449,0.1692650318145752,0.36538460850715637,2827.0,76.0
2,0.9635416865348816,0.993726372718811,83.0,92.0,0.13526764603952568,0.9937360286712646,0.9618098735809326,0.965416669845581,2308.0,2317.0,0.84477698802948,0.6814806461334229,127.0,402.0,0.7260733841450562,0.11787936836481094,0.1677018702030182,0.38942307233810425,2798.0,81.0
3,0.9652083516120911,0.995650589466095,77.0,90.0,0.12356362740198772,0.9955906867980957,0.9627020359039307,0.9679166674613953,2310.0,2323.0,0.85886150598526,0.7042164206504822,135.0,346.0,0.6881967738200802,0.12385553866624832,0.1742243468761444,0.3509615361690521,2854.0,73.0
4,0.9693750143051147,0.9963483810424805,67.0,80.0,0.11659611870845159,0.9962639212608337,0.966846227645874,0.972083330154419,2320.0,2333.0,0.8438966870307922,0.7016263604164124,125.0,407.0,0.742917708527874,0.12281662970781326,0.16938775777816772,0.3990384638309479,2793.0,83.0
5,0.9745833277702332,0.9974538683891296,51.0,71.0,0.10493120722472668,0.9974137544631958,0.9706611633300781,0.9787499904632568,2329.0,2349.0,0.8321596384048462,0.6656039357185364,123.0,449.0,0.7785616957805526,0.11484944075345993,0.1591760367155075,0.4086538553237915,2751.0,85.0
