,accuracy,auc,false_negatives,false_positives,loss,pr,precision,recall,true_negatives,true_positives,val_accuracy,val_auc,val_false_negatives,val_false_positives,val_loss,val_pr,val_precision,val_recall,val_true_negatives,val_true_positives
0,0.9293749928474426,0.9775006175041199,163.0,176.0,0.20171734049916268,0.9752635359764099,0.9270617365837097,0.9320833086967468,2224.0,2237.0,0.747863233089447,0.9495264291763306,12.0,460.0,0.5815188736997099,0.834707498550415,0.276729553937912,0.936170220375061,1224.0,176.0
1,0.940625011920929,0.9846529364585876,133.0,152.0,0.1781026961406072,0.9819124937057495,0.9371641278266907,0.9445833563804626,2248.0,2267.0,0.745192289352417,0.9533548355102539,8.0,469.0,0.5979217790130876,0.837356448173523,0.2773497700691223,0.957446813583374,1215.0,180.0
2,0.9577083587646484,0.9893844127655029,100.0,103.0,0.15487607389688493,0.9865435361862183,0.9571369290351868,0.9583333134651184,2297.0,2300.0,0.6976495981216431,0.9552484154701233,6.0,560.0,0.7150824446963449,0.8219271898269653,0.24528302252292633,0.9680851101875305,1124.0,182.0
3,0.9602083563804626,0.9924328923225403,91.0,100.0,0.13715604176123938,0.990500807762146,0.9584890007972717,0.9620833396911621,2300.0,2309.0,0.6164529919624329,0.9510600566864014,4.0,714.0,0.8949804998870589,0.7982611656188965,0.20489977300167084,0.978723406791687,970.0,184.0
4,0.9702083468437195,0.9944923520088196,69.0,74.0,0.12554795930782953,0.9925220012664795,0.9692307710647583,0.9712499976158142,2326.0,2331.0,0.5998931527137756,0.95708829164505,4.0,745.0,0.9442525286959786,0.8036825656890869,0.19806243479251862,0.978723406791687,939.0,184.0
5,0.9668750166893005,0.9946926832199097,72.0,87.0,0.12246206561724345,0.9933295845985413,0.9639751315116882,0.9700000286102295,2313.0,2328.0,0.6185897588729858,0.9494364857673645,4.0,710.0,0.9270253339384356,0.7849744558334351,0.20581655204296112,0.978723406791687,974.0,184.0
