,accuracy,auc,false_negatives,false_positives,loss,pr,precision,recall,true_negatives,true_positives,val_accuracy,val_auc,val_false_negatives,val_false_positives,val_loss,val_pr,val_precision,val_recall,val_true_negatives,val_true_positives
0,0.8352272510528564,0.9190713167190552,366.0,359.0,0.3920373195951635,0.9217519760131836,0.836297333240509,0.8336363434791565,1841.0,1834.0,0.7583879828453064,0.6637879610061646,1197.0,1309.0,0.48047077348919115,0.29249539971351624,0.24247685074806213,0.2592821717262268,7447.0,419.0
1,0.9027272462844849,0.9680628776550293,191.0,237.0,0.3009837633913214,0.9685612320899963,0.8944790959358215,0.9131818413734436,1963.0,2009.0,0.6846317052841187,0.6135891079902649,1090.0,2181.0,0.6187414035252793,0.25880372524261475,0.19431105256080627,0.32549506425857544,6575.0,526.0
2,0.923409104347229,0.9784725308418274,139.0,198.0,0.2626039305600253,0.9791014790534973,0.912350594997406,0.9368181824684143,2002.0,2061.0,0.6768221855163574,0.635029673576355,1017.0,2335.0,0.6324790583537713,0.2831988036632538,0.20415814220905304,0.37066832184791565,6421.0,599.0
3,0.9404545426368713,0.9867677688598633,107.0,155.0,0.22743983089923858,0.9875118732452393,0.9310498237609863,0.9513636231422424,2045.0,2093.0,0.6833783388137817,0.6271666884422302,1050.0,2234.0,0.6212081456139563,0.2904255986213684,0.2021428644657135,0.3502475321292877,6522.0,566.0
4,0.9556818008422852,0.9915722012519836,71.0,124.0,0.19970958113670348,0.9918155670166016,0.9449622631072998,0.9677272439002991,2076.0,2129.0,0.6812572479248047,0.5931470394134521,1112.0,2194.0,0.6339279955135916,0.2924646735191345,0.18680503964424133,0.3118811845779419,6562.0,504.0
5,0.9602272510528564,0.9932599663734436,63.0,112.0,0.18103935913606123,0.9930841326713562,0.950200080871582,0.9713636636734009,2088.0,2137.0,0.7114346027374268,0.6284255385398865,1119.0,1874.0,0.6019418610139928,0.29539954662323,0.20961619913578033,0.30754950642585754,6882.0,497.0
