,accuracy,auc,false_negatives,false_positives,loss,pr,precision,recall,true_negatives,true_positives,val_accuracy,val_auc,val_false_negatives,val_false_positives,val_loss,val_pr,val_precision,val_recall,val_true_negatives,val_true_positives
0,0.9389583468437195,0.9837058782577515,142.0,151.0,0.18136682281891506,0.9841024279594421,0.9373183846473694,0.940833330154419,2249.0,2258.0,0.8306924700737,0.6861335635185242,137.0,440.0,0.7248754846937779,0.10902057588100433,0.13894325494766235,0.3413461446762085,2760.0,71.0
1,0.9535416960716248,0.9910159111022949,102.0,121.0,0.14824943989515305,0.9912121891975403,0.949979305267334,0.9574999809265137,2279.0,2298.0,0.8080986142158508,0.6820628046989441,129.0,525.0,0.7796285488236119,0.10922293365001678,0.1307947039604187,0.3798076808452606,2675.0,79.0
2,0.9649999737739563,0.9945874810218811,64.0,104.0,0.12907201029360293,0.9946845173835754,0.9573770761489868,0.9733333587646484,2296.0,2336.0,0.8078051805496216,0.6859133839607239,137.0,518.0,0.7684441256411199,0.10547535121440887,0.12054329365491867,0.3413461446762085,2682.0,71.0
3,0.9679166674613953,0.9953943490982056,65.0,89.0,0.11966010687251885,0.9953675866127014,0.9632838368415833,0.9729166626930237,2311.0,2335.0,0.8221830725669861,0.6526029109954834,141.0,465.0,0.7610707055654884,0.10143870860338211,0.12593984603881836,0.32211539149284363,2735.0,67.0
4,0.9768750071525574,0.9976473450660706,48.0,63.0,0.10135911650955677,0.9977261424064636,0.9739130139350891,0.9800000190734863,2337.0,2352.0,0.8183685541152954,0.6623655557632446,138.0,481.0,0.7796668220014079,0.10368718206882477,0.1270417422056198,0.3365384638309479,2719.0,70.0
5,0.9816666841506958,0.9986823201179504,38.0,50.0,0.09184522058814765,0.9987367987632751,0.979270339012146,0.98416668176651,2350.0,2362.0,0.8303990364074707,0.6535553932189941,144.0,434.0,0.7538663458796174,0.10075636953115463,0.12851405143737793,0.3076923191547394,2766.0,64.0
