,accuracy,auc,false_negatives,false_positives,loss,precision,recall,true_negatives,true_positives,val_accuracy,val_auc,val_false_negatives,val_false_positives,val_loss,val_precision,val_recall,val_true_negatives,val_true_positives
0,0.8324999809265137,0.912494957447052,366.0,371.0,0.3770304611596194,0.8317460417747498,0.8336363434791565,1829.0,1834.0,0.6798110008239746,0.7845629453659058,306.0,3015.0,0.7605827257893419,0.30289018154144287,0.8106435537338257,5741.0,1310.0
1,0.9059090614318848,0.9675893783569336,202.0,212.0,0.2307647070017728,0.9040724039077759,0.9081818461418152,1988.0,1998.0,0.7604126334190369,0.776298463344574,482.0,2003.0,0.5921982136464147,0.361491858959198,0.7017326951026917,6753.0,1134.0
2,0.9356818199157715,0.9826151728630066,128.0,155.0,0.16766773020679301,0.9303996562957764,0.9418181777000427,2045.0,2072.0,0.77834552526474,0.7736815214157104,704.0,1595.0,0.7301833322045429,0.3637814223766327,0.5643564462661743,7161.0,912.0
3,0.955227255821228,0.9903630018234253,95.0,102.0,0.12355860183184797,0.953783392906189,0.956818163394928,2098.0,2105.0,0.778634786605835,0.7291248440742493,997.0,1299.0,0.6861026322248586,0.32273200154304504,0.3830445408821106,7457.0,619.0
4,0.9631817936897278,0.993232011795044,78.0,84.0,0.09761660544032401,0.9619220495223999,0.9645454287528992,2116.0,2122.0,0.7084457874298096,0.6208289265632629,1094.0,1930.0,1.3516390966348468,0.21288743615150452,0.323019802570343,6826.0,522.0
5,0.9731818437576294,0.9951947331428528,52.0,66.0,0.08026363418183544,0.9701896905899048,0.9763636589050293,2134.0,2148.0,0.7921326756477356,0.5780829191207886,1205.0,951.0,0.7976019161229331,0.30176210403442383,0.25433167815208435,7805.0,411.0
6,0.9752272963523865,0.9961293339729309,51.0,58.0,0.0715628103099086,0.9737199544906616,0.9768182039260864,2142.0,2149.0,0.7601234316825867,0.6257696747779846,1173.0,1315.0,1.0298908864766807,0.2519908845424652,0.2741336524486542,7441.0,443.0
