,accuracy,auc,false_negatives,false_positives,loss,precision,recall,true_negatives,true_positives,val_accuracy,val_auc,val_false_negatives,val_false_positives,val_loss,val_precision,val_recall,val_true_negatives,val_true_positives
0,0.933863639831543,0.9806451797485352,146.0,145.0,0.1747473142905669,0.9340609312057495,0.9336363673210144,2055.0,2054.0,0.7599644660949707,0.8108717799186707,1153.0,1280.0,0.6972143717327736,0.571476399898529,0.5968531370162964,5996.0,1707.0
1,0.9613636136054993,0.9928984045982361,90.0,80.0,0.10596305549483408,0.9634703397750854,0.9590908885002136,2120.0,2110.0,0.7149763107299805,0.831532895565033,488.0,2401.0,0.9412208247485835,0.4969620704650879,0.8293706178665161,4875.0,2372.0
2,0.9668181538581848,0.9953057169914246,72.0,74.0,0.0865942664986307,0.9663941860198975,0.9672726988792419,2126.0,2128.0,0.760951042175293,0.8035003542900085,917.0,1506.0,0.786265777713592,0.5633516907691956,0.679370641708374,5770.0,1943.0
3,0.9765909314155579,0.997336208820343,54.0,49.0,0.06485951209948822,0.977676510810852,0.975454568862915,2151.0,2146.0,0.8057419061660767,0.8523101806640625,672.0,1297.0,0.7725007952953195,0.6278335452079773,0.7650349736213684,5979.0,2188.0
4,0.9825000166893005,0.9985071420669556,39.0,38.0,0.049145409574901516,0.9827194213867188,0.982272744178772,2162.0,2161.0,0.7996250987052917,0.8129515647888184,1511.0,520.0,0.7811397509774356,0.7217763662338257,0.47167831659317017,6756.0,1349.0
5,0.9827272891998291,0.998418390750885,37.0,39.0,0.04769578571685336,0.9822888374328613,0.9831818342208862,2161.0,2163.0,0.7873914837837219,0.778117299079895,1432.0,723.0,0.8527234211716956,0.6638772487640381,0.49930068850517273,6553.0,1428.0
