,accuracy,auc,false_negatives,false_positives,loss,precision,recall,true_negatives,true_positives,val_accuracy,val_auc,val_false_negatives,val_false_positives,val_loss,val_precision,val_recall,val_true_negatives,val_true_positives
0,0.9554166793823242,0.9869142174720764,99.0,115.0,0.14881934984897574,0.9524006843566895,0.9587500095367432,2285.0,2301.0,0.42521366477012634,0.8389378786087036,3.0,1073.0,3.4426668892558823,0.14705882966518402,0.9840425252914429,611.0,185.0
1,0.9735416769981384,0.9954288005828857,65.0,62.0,0.08120439239156743,0.9741343259811401,0.9729166626930237,2338.0,2335.0,0.7414529919624329,0.9433403015136719,12.0,472.0,0.6986873812145658,0.2716049253940582,0.936170220375061,1212.0,176.0
2,0.9831249713897705,0.9969059228897095,39.0,42.0,0.05818311777121077,0.9825218319892883,0.9837499856948853,2358.0,2361.0,0.38728633522987366,0.8280010223388672,2.0,1145.0,3.4143789385119057,0.13974454998970032,0.9893617033958435,539.0,186.0
3,0.987708330154419,0.9988555312156677,29.0,30.0,0.03788471922763468,0.9875051975250244,0.9879166483879089,2370.0,2371.0,0.3290598392486572,0.8382430076599121,2.0,1254.0,2.85589427418179,0.12916666269302368,0.9893617033958435,430.0,186.0
4,0.9916666746139526,0.998717188835144,19.0,21.0,0.030149411644088103,0.9912573099136353,0.9920833110809326,2379.0,2381.0,0.5368589758872986,0.8698608875274658,4.0,863.0,2.3577167152339578,0.17574021220207214,0.978723406791687,821.0,184.0
5,0.9897916913032532,0.9986494183540344,23.0,26.0,0.03200222687524123,0.9891802072525024,0.9904166460037231,2374.0,2377.0,0.4503205120563507,0.8087933659553528,2.0,1027.0,3.618613377595559,0.15333883464336395,0.9893617033958435,657.0,186.0
6,0.9945833086967468,0.9993674159049988,10.0,16.0,0.020713892015240466,0.9933499693870544,0.9958333373069763,2384.0,2390.0,0.6372863054275513,0.907772421836853,6.0,673.0,1.471341148400918,0.21286550164222717,0.9680851101875305,1011.0,182.0
