,accuracy,auc,false_negatives,false_positives,loss,precision,recall,true_negatives,true_positives,val_accuracy,val_auc,val_false_negatives,val_false_positives,val_loss,val_precision,val_recall,val_true_negatives,val_true_positives
0,0.9222916960716248,0.972805917263031,193.0,180.0,0.22429002458850542,0.9245915412902832,0.9195833206176758,2220.0,2207.0,0.8566642999649048,0.840613842010498,486.0,327.0,0.3734547130774039,0.5052949786186218,0.40731707215309143,4525.0,334.0
1,0.9504166841506958,0.9908734560012817,118.0,120.0,0.12158046040683984,0.950041651725769,0.9508333206176758,2280.0,2282.0,0.8487306237220764,0.8427274227142334,330.0,528.0,0.4142939135831569,0.48133593797683716,0.5975610017776489,4324.0,490.0
2,0.965833306312561,0.9950230717658997,84.0,80.0,0.08845815419219434,0.9666110277175903,0.9649999737739563,2320.0,2316.0,0.8526093363761902,0.8352013826370239,358.0,478.0,0.4710755972414999,0.49148935079574585,0.5634146332740784,4374.0,462.0
3,0.9766666889190674,0.9970056414604187,51.0,61.0,0.06772168015440305,0.9746887683868408,0.9787499904632568,2339.0,2349.0,0.843794047832489,0.7837374210357666,409.0,477.0,0.4305584081809847,0.4628378450870514,0.5012195110321045,4375.0,411.0
4,0.9820833206176758,0.9979334473609924,50.0,36.0,0.0523222798264275,0.9849119782447815,0.9791666865348816,2364.0,2350.0,0.8552538752555847,0.7568691968917847,583.0,238.0,0.45804395716852797,0.4989473819732666,0.28902438282966614,4614.0,237.0
5,0.9847916960716248,0.9985002875328064,36.0,37.0,0.04392975375056267,0.9845897555351257,0.9850000143051147,2363.0,2364.0,0.8422073125839233,0.7753642797470093,428.0,467.0,0.5988145603027263,0.4563445746898651,0.47804877161979675,4385.0,392.0
