,accuracy,auc,false_negatives,false_positives,loss,precision,recall,true_negatives,true_positives,val_accuracy,val_auc,val_false_negatives,val_false_positives,val_loss,val_precision,val_recall,val_true_negatives,val_true_positives
0,0.7578125,0.8269269466400146,382.0,393.0,0.5531424982845783,0.7560521364212036,0.7612500190734863,1207.0,1218.0,0.7483286261558533,0.7887581586837769,1042.0,1819.0,0.6321507437308014,0.45750075578689575,0.5954968929290771,6973.0,1534.0
1,0.8846874833106995,0.9548977017402649,138.0,231.0,0.2817441593110561,0.8635557889938354,0.9137499928474426,1369.0,1462.0,0.714461624622345,0.7285218834877014,1457.0,1789.0,0.6830986724782376,0.3848005533218384,0.4343944191932678,7003.0,1119.0
2,0.9240624904632568,0.978005051612854,94.0,149.0,0.21353988893330098,0.9099698066711426,0.9412500262260437,1451.0,1506.0,0.7147255539894104,0.6982342004776001,1662.0,1581.0,0.7510525772975919,0.36633267998695374,0.35481366515159607,7211.0,914.0
3,0.9540625214576721,0.9905207753181458,52.0,95.0,0.16093561567366124,0.9421789646148682,0.9674999713897705,1505.0,1548.0,0.6929978728294373,0.727939248085022,1313.0,2177.0,0.7537232242278193,0.3671511709690094,0.49029502272605896,6615.0,1263.0
4,0.9612500071525574,0.9945363998413086,43.0,81.0,0.13400025758892298,0.9505494236946106,0.9731249809265137,1519.0,1557.0,0.7124384045600891,0.7011514902114868,1664.0,1605.0,0.7537706562283172,0.362336128950119,0.35403725504875183,7187.0,912.0
5,0.9712499976158142,0.9969104528427124,26.0,66.0,0.112012063190341,0.959756076335907,0.9837499856948853,1534.0,1574.0,0.6842892169952393,0.6810097694396973,1474.0,2115.0,0.8529881725505907,0.3425551652908325,0.42779502272605896,6677.0,1102.0
