,accuracy,auc,false_negatives,false_positives,loss,precision,recall,true_negatives,true_positives,val_accuracy,val_auc,val_false_negatives,val_false_positives,val_loss,val_precision,val_recall,val_true_negatives,val_true_positives
0,0.7887499928474426,0.867826521396637,520.0,494.0,0.47943871140480043,0.7919123768806458,0.7833333611488342,1906.0,1880.0,0.7582862973213196,0.8458504676818848,167.0,1204.0,0.6305073432424677,0.3516424298286438,0.7963414788246155,3648.0,653.0
1,0.893958330154419,0.9599691033363342,254.0,255.0,0.26331123610337576,0.8937942385673523,0.8941666483879089,2145.0,2146.0,0.7838504910469055,0.8434914946556091,221.0,1005.0,0.5314649237564152,0.3734413981437683,0.7304878234863281,3847.0,599.0
2,0.9264583587646484,0.9785720109939575,158.0,195.0,0.20377658585707348,0.9199835658073425,0.934166669845581,2205.0,2242.0,0.8226374983787537,0.8779089450836182,163.0,843.0,0.45505327433978215,0.43799999356269836,0.8012195229530334,4009.0,657.0
3,0.9410416483879089,0.9870942831039429,131.0,152.0,0.16969735257327556,0.93721604347229,0.9454166889190674,2248.0,2269.0,0.8106487989425659,0.8564810156822205,224.0,850.0,0.49804816937286867,0.41217151284217834,0.7268292903900146,4002.0,596.0
4,0.9577083587646484,0.9919246435165405,99.0,104.0,0.14071408085525036,0.9567567706108093,0.9587500095367432,2296.0,2301.0,0.7951340079307556,0.8569353818893433,189.0,973.0,0.5442522593546654,0.39339151978492737,0.7695121765136719,3879.0,631.0
5,0.9635416865348816,0.9945788383483887,78.0,97.0,0.12361194290220738,0.9599007964134216,0.9674999713897705,2303.0,2322.0,0.7838504910469055,0.8617292642593384,166.0,1060.0,0.5719057673165425,0.38156360387802124,0.79756098985672,3792.0,654.0
6,0.9731249809265137,0.9969040155410767,62.0,67.0,0.1066824372857809,0.9721413850784302,0.9741666913032532,2333.0,2338.0,0.8108251094818115,0.8566697239875793,230.0,843.0,0.4877730484825936,0.41172364354133606,0.7195122241973877,4009.0,590.0
7,0.9766666889190674,0.9983465075492859,42.0,70.0,0.09206973033646743,0.9711697101593018,0.9825000166893005,2330.0,2358.0,0.8108251094818115,0.8550168871879578,224.0,849.0,0.5129352819768263,0.412456750869751,0.7268292903900146,4003.0,596.0
