,accuracy,auc,false_negatives,false_positives,loss,precision,recall,true_negatives,true_positives,val_accuracy,val_auc,val_false_negatives,val_false_positives,val_loss,val_precision,val_recall,val_true_negatives,val_true_positives
0,0.9008333086967468,0.9606949687004089,231.0,245.0,0.2554353227217992,0.8985087275505066,0.9037500023841858,2155.0,2169.0,0.8510225415229797,0.854592502117157,291.0,554.0,0.3738456329879875,0.48845797777175903,0.6451219320297241,4298.0,529.0
1,0.9414583444595337,0.9842390418052673,128.0,153.0,0.16590424423416456,0.9369072318077087,0.9466666579246521,2247.0,2272.0,0.8501410484313965,0.8482399582862854,309.0,541.0,0.38574875103065426,0.48574143648147583,0.6231707334518433,4311.0,511.0
2,0.9568750262260437,0.9917959570884705,92.0,115.0,0.12845424987375736,0.9525381922721863,0.9616666436195374,2285.0,2308.0,0.8430888652801514,0.8478174805641174,296.0,594.0,0.39768335269435673,0.4686940908432007,0.6390243768692017,4258.0,524.0
3,0.9660416841506958,0.9942223429679871,82.0,81.0,0.11208190693209569,0.9662359356880188,0.965833306312561,2319.0,2318.0,0.8577221632003784,0.8437804579734802,334.0,473.0,0.37860433717372555,0.5067778825759888,0.5926828980445862,4379.0,486.0
4,0.9766666889190674,0.9969001412391663,51.0,61.0,0.09080170693496863,0.9746887683868408,0.9787499904632568,2339.0,2349.0,0.8504936695098877,0.8368322253227234,327.0,521.0,0.3959532493596689,0.48619329929351807,0.6012195348739624,4331.0,493.0
5,0.9800000190734863,0.9981487989425659,40.0,56.0,0.08067722650865713,0.9768211841583252,0.9833333492279053,2344.0,2360.0,0.8487306237220764,0.8464499115943909,299.0,559.0,0.39389966131938026,0.48240742087364197,0.6353658437728882,4293.0,521.0
