,accuracy,auc,false_negatives,false_positives,loss,precision,recall,true_negatives,true_positives,val_accuracy,val_auc,val_false_negatives,val_false_positives,val_loss,val_precision,val_recall,val_true_negatives,val_true_positives
0,0.9481250047683716,0.9872301816940308,105.0,144.0,0.1491855414956808,0.9409593939781189,0.956250011920929,2256.0,2295.0,0.8342136144638062,0.6776021718978882,117.0,448.0,0.8741181108733298,0.16883116960525513,0.4375,2752.0,91.0
1,0.9602083563804626,0.991830050945282,79.0,112.0,0.12367643304169178,0.9539663195610046,0.9670833349227905,2288.0,2321.0,0.753227710723877,0.6615812182426453,101.0,740.0,1.1227936992343044,0.1263282150030136,0.5144230723381042,2460.0,107.0
2,0.9697916507720947,0.9959187507629395,61.0,84.0,0.0989317233239611,0.9653322100639343,0.9745833277702332,2316.0,2339.0,0.7960680723190308,0.6603327989578247,111.0,584.0,1.000093770523866,0.14243759214878082,0.4663461446762085,2616.0,97.0
3,0.9783333539962769,0.9973703622817993,44.0,60.0,0.08610940014322599,0.9751655459403992,0.9816666841506958,2340.0,2356.0,0.8289319276809692,0.6709953546524048,114.0,469.0,0.9118357747093613,0.16696269810199738,0.45192307233810425,2731.0,94.0
4,0.9839583039283752,0.9988002181053162,28.0,49.0,0.0714870923012495,0.9797604084014893,0.9883333444595337,2351.0,2372.0,0.8215962648391724,0.6735494136810303,114.0,494.0,0.9347059694534177,0.15986394882202148,0.45192307233810425,2706.0,94.0
5,0.9852083325386047,0.9988645315170288,30.0,41.0,0.0667809763426582,0.9829946160316467,0.987500011920929,2359.0,2370.0,0.7943075299263,0.6732962727546692,112.0,589.0,0.9960532091872792,0.14014598727226257,0.4615384638309479,2611.0,96.0
