,accuracy,auc,false_negatives,false_positives,loss,precision,recall,true_negatives,true_positives,val_accuracy,val_auc,val_false_negatives,val_false_positives,val_loss,val_precision,val_recall,val_true_negatives,val_true_positives
0,0.8490909337997437,0.9287065267562866,285.0,379.0,0.34245524048805237,0.8347864151000977,0.8704545497894287,1821.0,1915.0,0.7199190258979797,0.756655216217041,752.0,2153.0,0.5762660589357899,0.2863771915435791,0.5346534848213196,6603.0,864.0
1,0.9165909290313721,0.9744588136672974,161.0,206.0,0.22735008960420436,0.908240556716919,0.9268181920051575,1994.0,2039.0,0.7374662756919861,0.7491361498832703,897.0,1826.0,0.5587885848950843,0.2825147211551666,0.4449257552623749,6930.0,719.0
2,0.9409090876579285,0.9845917224884033,102.0,158.0,0.18557906102050434,0.929964542388916,0.9536363482475281,2042.0,2098.0,0.7519282698631287,0.7257319688796997,988.0,1585.0,0.5895871849902293,0.2837776839733124,0.38861384987831116,7171.0,628.0
3,0.9549999833106995,0.9910084009170532,74.0,124.0,0.15347705307331952,0.9448888897895813,0.9663636088371277,2076.0,2126.0,0.7737177014350891,0.677769660949707,1037.0,1310.0,0.589516834016477,0.30651137232780457,0.3582920730113983,7446.0,579.0
4,0.9636363387107849,0.9943422079086304,54.0,106.0,0.13209529811685736,0.952930748462677,0.975454568862915,2094.0,2146.0,0.7449864745140076,0.7054126858711243,979.0,1666.0,0.6415673297572403,0.27659574151039124,0.3941831588745117,7090.0,637.0
5,0.9688636660575867,0.9960236549377441,49.0,88.0,0.11796006741848859,0.9606967568397522,0.9777272939682007,2112.0,2151.0,0.7415156364440918,0.7575589418411255,869.0,1812.0,0.632600627578091,0.29191091656684875,0.4622524678707123,6944.0,747.0
6,0.9765909314155579,0.997147262096405,49.0,54.0,0.10380136594176292,0.9755101799964905,0.9777272939682007,2146.0,2151.0,0.761569619178772,0.7065060138702393,958.0,1515.0,0.6001910697970492,0.30280718207359314,0.40717822313308716,7241.0,658.0
