,accuracy,auc,false_negatives,false_positives,loss,pr,precision,recall,true_negatives,true_positives,val_accuracy,val_auc,val_false_negatives,val_false_positives,val_loss,val_pr,val_precision,val_recall,val_true_negatives,val_true_positives
0,0.8789583444595337,0.9494168162345886,297.0,284.0,0.30110694631934165,0.9509938955307007,0.8810222148895264,0.8762500286102295,2116.0,2103.0,0.9846884608268738,0.0,0.0,58.0,0.11139629918928509,0.0,0.0,0.0,3730.0,0.0
1,0.9170833230018616,0.9734432101249695,195.0,203.0,0.2398261366287867,0.9740005731582642,0.9156976938247681,0.918749988079071,2197.0,2205.0,0.974392831325531,0.0,0.0,97.0,0.13448611521796414,0.0,0.0,0.0,3691.0,0.0
2,0.9337499737739563,0.9828763008117676,141.0,177.0,0.20802174761891365,0.9833269119262695,0.9273399114608765,0.9412500262260437,2223.0,2259.0,0.9841604828834534,0.0,0.0,60.0,0.09583157851678391,0.0,0.0,0.0,3728.0,0.0
3,0.9412500262260437,0.98741215467453,141.0,141.0,0.18811959385871888,0.9875487089157104,0.9412500262260437,0.9412500262260437,2259.0,2259.0,0.9765047430992126,0.0,0.0,89.0,0.11713119176508506,0.0,0.0,0.0,3699.0,0.0
4,0.9481250047683716,0.9908776879310608,111.0,138.0,0.1691496828198433,0.9908533096313477,0.9431396722793579,0.9537500143051147,2262.0,2289.0,0.9796726703643799,0.0,0.0,77.0,0.1079678776838208,0.0,0.0,0.0,3711.0,0.0
5,0.9568750262260437,0.9924584627151489,92.0,115.0,0.15866931269566217,0.9926909804344177,0.9525381922721863,0.9616666436195374,2285.0,2308.0,0.9765047430992126,0.0,0.0,89.0,0.10629905780743898,0.0,0.0,0.0,3699.0,0.0
6,0.9622916579246521,0.9950808882713318,83.0,98.0,0.14426285115381082,0.9951662421226501,0.9594202637672424,0.965416669845581,2302.0,2317.0,0.9751847982406616,0.0,0.0,94.0,0.13170994586904297,0.0,0.0,0.0,3694.0,0.0
7,0.9702083468437195,0.9958947896957397,64.0,79.0,0.13386500030755996,0.9959912300109863,0.9672877788543701,0.9733333587646484,2321.0,2336.0,0.9704329371452332,0.0,0.0,112.0,0.1361830165293048,0.0,0.0,0.0,3676.0,0.0
