,accuracy,auc,false_negatives,false_positives,loss,pr,precision,recall,true_negatives,true_positives,val_accuracy,val_auc,val_false_negatives,val_false_positives,val_loss,val_pr,val_precision,val_recall,val_true_negatives,val_true_positives
0,0.9150000214576721,0.9700896143913269,189.0,219.0,0.22358517954746882,0.9652547836303711,0.9098765254020691,0.9212499856948853,2181.0,2211.0,0.6718061566352844,0.86562180519104,64.0,830.0,0.7977213187364754,0.7520502805709839,0.34022256731987,0.869918704032898,1402.0,428.0
1,0.9449999928474426,0.987981915473938,102.0,162.0,0.16318225448330242,0.986847996711731,0.9341463446617126,0.9574999809265137,2238.0,2298.0,0.7217327356338501,0.8540938496589661,84.0,674.0,0.6650897065798441,0.7128443717956543,0.37707948684692383,0.8292682766914368,1558.0,408.0
2,0.9618750214576721,0.9938098192214966,72.0,111.0,0.13614387050271035,0.9935804009437561,0.954489529132843,0.9700000286102295,2289.0,2328.0,0.7217327356338501,0.8377571105957031,100.0,658.0,0.6763546620871702,0.6825616359710693,0.3733333349227905,0.7967479825019836,1574.0,392.0
3,0.9704166650772095,0.9955460429191589,54.0,88.0,0.12519152350723745,0.9953740835189819,0.9638455510139465,0.9775000214576721,2312.0,2346.0,0.7265051603317261,0.8431535959243774,98.0,647.0,0.7237513552853364,0.6674224138259888,0.37848222255706787,0.8008130192756653,1585.0,394.0
4,0.9754166603088379,0.997422456741333,41.0,77.0,0.10913486212491989,0.997439980506897,0.9683908224105835,0.9829166531562805,2323.0,2359.0,0.738252580165863,0.844121515750885,109.0,604.0,0.6767717176465736,0.6662495136260986,0.3880445659160614,0.7784552574157715,1628.0,383.0
5,0.9837499856948853,0.9989115595817566,26.0,52.0,0.0936300010730823,0.9989084005355835,0.978565514087677,0.9891666769981384,2348.0,2374.0,0.7426578402519226,0.8360921740531921,110.0,591.0,0.7080201062862044,0.6439316272735596,0.3926002085208893,0.7764227390289307,1641.0,382.0
6,0.9864583611488342,0.9989480972290039,21.0,44.0,0.08950103450566531,0.9989520311355591,0.9818406701087952,0.9912499785423279,2356.0,2379.0,0.7411894202232361,0.8253166675567627,114.0,591.0,0.7413941835341825,0.6242102980613708,0.3900928795337677,0.7682926654815674,1641.0,378.0
