,accuracy,auc,false_negatives,false_positives,loss,pr,precision,recall,true_negatives,true_positives,val_accuracy,val_auc,val_false_negatives,val_false_positives,val_loss,val_pr,val_precision,val_recall,val_true_negatives,val_true_positives
0,0.7117857336997986,0.7994198799133301,523.0,284.0,0.5522479261670794,0.7919197082519531,0.755383312702179,0.6264285445213318,1116.0,877.0,0.754943311214447,0.5749517679214478,2071.0,1300.0,0.680046257549124,0.28109031915664673,0.35291188955307007,0.25503596663475037,9676.0,709.0
1,0.8514285683631897,0.9301313757896423,238.0,178.0,0.38866739766938346,0.9294968247413635,0.8671641945838928,0.8299999833106995,1222.0,1162.0,0.6920616626739502,0.5688687562942505,1857.0,2379.0,0.6639010800667785,0.2729353606700897,0.27952754497528076,0.33201438188552856,8597.0,923.0
2,0.9032142758369446,0.9634242653846741,145.0,126.0,0.31244551607540677,0.963938295841217,0.908761739730835,0.8964285850524902,1274.0,1255.0,0.4264321029186249,0.5881768465042114,819.0,7071.0,0.7143860150298673,0.2999449074268341,0.21711692214012146,0.7053956985473633,3905.0,1961.0
3,0.9221428632736206,0.9760819673538208,115.0,103.0,0.27242356095995224,0.9756278991699219,0.9257925152778625,0.9178571701049805,1297.0,1285.0,0.3789619207382202,0.6059393286705017,592.0,7951.0,0.807150172906478,0.31537285447120667,0.21580037474632263,0.7870503664016724,3025.0,2188.0
4,0.9367856979370117,0.9828359484672546,87.0,90.0,0.2432509171962738,0.9833466410636902,0.9358517527580261,0.9378571510314941,1310.0,1313.0,0.4396626949310303,0.6246399879455566,756.0,6952.0,0.8518187361735526,0.31692638993263245,0.22549019753932953,0.7280575633049011,4024.0,2024.0
5,0.9482142925262451,0.9870854616165161,81.0,64.0,0.21918815297739846,0.9873637557029724,0.9537237882614136,0.9421428442001343,1336.0,1319.0,0.5492875576019287,0.6333301663398743,988.0,5212.0,0.7938163216358771,0.3047179579734802,0.2558538019657135,0.6446043252944946,5764.0,1792.0
6,0.9599999785423279,0.9922458529472351,57.0,55.0,0.1954168174948011,0.9924495816230774,0.960658073425293,0.9592857360839844,1345.0,1343.0,0.6272172331809998,0.6363754272460938,1096.0,4032.0,0.7681895943185763,0.3107345998287201,0.2946116030216217,0.6057553887367249,6944.0,1684.0
