,accuracy,auc,false_negatives,false_positives,loss,pr,precision,recall,true_negatives,true_positives,val_accuracy,val_auc,val_false_negatives,val_false_positives,val_loss,val_pr,val_precision,val_recall,val_true_negatives,val_true_positives
0,0.9695833325386047,0.9952369928359985,47.0,99.0,0.1056087334950765,0.9949566125869751,0.9596247673034668,0.9804166555404663,2301.0,2353.0,0.8600000143051147,0.6987771987915039,74.0,94.0,0.3453735967477163,0.16606354713439941,0.21666666865348816,0.25999999046325684,1006.0,26.0
1,0.9800000190734863,0.997668445110321,30.0,66.0,0.0855336150775353,0.9975997805595398,0.9729064106941223,0.987500011920929,2334.0,2370.0,0.846666693687439,0.6528455018997192,86.0,98.0,0.36120181838671367,0.12847526371479034,0.125,0.14000000059604645,1002.0,14.0
2,0.9833333492279053,0.9980484843254089,24.0,56.0,0.07914249402781327,0.9979022145271301,0.9769737124443054,0.9900000095367432,2344.0,2376.0,0.8266666531562805,0.7000317573547363,71.0,137.0,0.3774265587329865,0.15430325269699097,0.17469879984855652,0.28999999165534973,963.0,29.0
3,0.9850000143051147,0.9988462924957275,25.0,47.0,0.07321890474607547,0.9988267421722412,0.9805945754051208,0.9895833134651184,2353.0,2375.0,0.8441666960716248,0.6541363596916199,83.0,104.0,0.3680869551499685,0.13457036018371582,0.14049586653709412,0.17000000178813934,996.0,17.0
4,0.9908333420753479,0.9997041821479797,14.0,30.0,0.05841083624710639,0.9997043609619141,0.987582802772522,0.9941666722297668,2370.0,2386.0,0.871666669845581,0.6266363859176636,89.0,65.0,0.3488938848177592,0.11522575467824936,0.14473684132099152,0.10999999940395355,1035.0,11.0
5,0.9918749928474426,0.9997088313102722,12.0,27.0,0.05755265776067972,0.9997029304504395,0.9888198971748352,0.9950000047683716,2373.0,2388.0,0.8358333110809326,0.6459136605262756,88.0,109.0,0.37906254291534425,0.11978905647993088,0.09917355328798294,0.11999999731779099,991.0,12.0
