,accuracy,auc,false_negatives,false_positives,loss,precision,recall,true_negatives,true_positives,val_accuracy,val_auc,val_false_negatives,val_false_positives,val_loss,val_precision,val_recall,val_true_negatives,val_true_positives
0,0.8260416388511658,0.9009853601455688,424.0,411.0,0.41068841228882474,0.8278173208236694,0.8233333230018616,1989.0,1976.0,0.7392638325691223,0.3458516001701355,1027.0,1183.0,0.9065559497977721,0.05511182174086571,0.06295620650053024,6197.0,69.0
1,0.9177083373069763,0.9750532507896423,197.0,198.0,0.21178244888782502,0.917534351348877,0.9179166555404663,2202.0,2203.0,0.7116564512252808,0.3575279414653778,1038.0,1406.0,0.908236765253932,0.03961748629808426,0.05291970819234848,5974.0,58.0
2,0.9456250071525574,0.9874575138092041,133.0,128.0,0.1609714780499538,0.9465553164482117,0.9445833563804626,2272.0,2267.0,0.7717083692550659,0.3816387355327606,1033.0,902.0,0.8206013857390083,0.06528497487306595,0.05748175084590912,6478.0,63.0
3,0.9620833396911621,0.9938229918479919,90.0,92.0,0.12437411728004615,0.961698591709137,0.9624999761581421,2308.0,2310.0,0.7338367104530334,0.3828416168689728,1026.0,1230.0,0.8692542523525413,0.05384615436196327,0.06386861205101013,6150.0,70.0
4,0.972083330154419,0.9960508942604065,56.0,78.0,0.10481943326691787,0.967795193195343,0.9766666889190674,2322.0,2344.0,0.710830569267273,0.38606497645378113,1028.0,1423.0,0.9062320751196487,0.04560697451233864,0.062043797224760056,5957.0,68.0
5,0.9800000190734863,0.9981216192245483,41.0,55.0,0.0860391540452838,0.9772162437438965,0.9829166531562805,2345.0,2359.0,0.7163756489753723,0.3501643240451813,1035.0,1369.0,0.9809517027522776,0.04265734180808067,0.05565693601965904,6011.0,61.0
6,0.9808333516120911,0.9986498355865479,37.0,55.0,0.0778974569340547,0.9772539138793945,0.98458331823349,2345.0,2363.0,0.703161895275116,0.37910062074661255,1022.0,1494.0,0.9523681565915261,0.04719387739896774,0.06751824915409088,5886.0,74.0
7,0.9881250262260437,0.9993698596954346,28.0,29.0,0.06823492092390855,0.9879217147827148,0.9883333444595337,2371.0,2372.0,0.6670599579811096,0.3572579622268677,1008.0,1814.0,1.061047087558433,0.04626708850264549,0.08029197156429291,5566.0,88.0
