,accuracy,auc,false_negatives,false_positives,loss,precision,recall,true_negatives,true_positives,val_accuracy,val_auc,val_false_negatives,val_false_positives,val_loss,val_precision,val_recall,val_true_negatives,val_true_positives
0,0.765625,0.8342415690422058,362.0,388.0,0.5391197079420089,0.7613776326179504,0.7737500071525574,1212.0,1238.0,0.5270935893058777,0.6397455334663391,779.0,4597.0,1.7451719335902334,0.28104472160339355,0.6975931525230408,4195.0,1797.0
1,0.8896874785423279,0.9574121236801147,134.0,219.0,0.2728823816776276,0.8700296878814697,0.9162499904632568,1381.0,1466.0,0.5594651699066162,0.6682565212249756,675.0,4333.0,1.40555120590369,0.3049406409263611,0.7379658222198486,4459.0,1901.0
2,0.9287499785423279,0.9798964262008667,89.0,139.0,0.20326263792812824,0.9157575964927673,0.9443749785423279,1461.0,1511.0,0.6873680353164673,0.7118813991546631,1119.0,2435.0,0.8443916365346968,0.374357670545578,0.5656055808067322,6357.0,1457.0
3,0.9465625286102295,0.988329291343689,60.0,111.0,0.1658518685773015,0.9327680468559265,0.9624999761581421,1489.0,1540.0,0.7326706647872925,0.7615987062454224,1243.0,1796.0,0.6669496547412402,0.4260146915912628,0.5174689292907715,6996.0,1333.0
4,0.9659374952316284,0.9954829812049866,28.0,81.0,0.1277650511264801,0.9509981870651245,0.9825000166893005,1519.0,1572.0,0.7281844019889832,0.756820797920227,1222.0,1868.0,0.6881424515160098,0.42023587226867676,0.5256211161613464,6924.0,1354.0
5,0.971875011920929,0.9970166683197021,25.0,65.0,0.10902647029608488,0.9603658318519592,0.984375,1535.0,1575.0,0.7317910194396973,0.7618589997291565,1165.0,1884.0,0.6903882223816509,0.4282245934009552,0.5477484464645386,6908.0,1411.0
6,0.9818750023841858,0.9987322092056274,18.0,40.0,0.09053863786160946,0.9753391146659851,0.9887499809265137,1560.0,1582.0,0.7267768979072571,0.7559279799461365,1237.0,1869.0,0.7161250565355718,0.4173940122127533,0.5197981595993042,6923.0,1339.0
7,0.9862499833106995,0.9985880255699158,12.0,32.0,0.08051637437194586,0.980246901512146,0.9925000071525574,1568.0,1588.0,0.7189479470252991,0.7369087338447571,1382.0,1813.0,0.7482389360141956,0.39707350730895996,0.46350932121276855,6979.0,1194.0
8,0.9909374713897705,0.9997164011001587,6.0,23.0,0.0669364484399557,0.9857761263847351,0.9962499737739563,1577.0,1594.0,0.7155172228813171,0.7373853325843811,1253.0,1981.0,0.7750999680041931,0.40042373538017273,0.5135869383811951,6811.0,1323.0
