,accuracy,auc,false_negatives,false_positives,loss,precision,recall,true_negatives,true_positives,val_accuracy,val_auc,val_false_negatives,val_false_positives,val_loss,val_precision,val_recall,val_true_negatives,val_true_positives
0,0.7802083492279053,0.8600741028785706,536.0,519.0,0.4888666267196337,0.7822073101997375,0.7766666412353516,1881.0,1864.0,0.7297534942626953,0.5900030732154846,112.0,809.0,1.0053005366817886,0.10607735067605972,0.4615384638309479,2391.0,96.0
1,0.8860416412353516,0.956756591796875,276.0,271.0,0.27277817914883296,0.8868476152420044,0.8849999904632568,2129.0,2124.0,0.8051643371582031,0.6093606948852539,126.0,538.0,0.8242644229685196,0.13225805759429932,0.39423078298568726,2662.0,82.0
2,0.9200000166893005,0.9770628213882446,175.0,209.0,0.2103406093517939,0.9141331315040588,0.9270833134651184,2191.0,2225.0,0.8371478915214539,0.6081796884536743,135.0,420.0,0.7705690330462837,0.1480730175971985,0.3509615361690521,2780.0,73.0
3,0.9456250071525574,0.9877899289131165,116.0,145.0,0.16541102938354016,0.9403046369552612,0.9516666531562805,2255.0,2284.0,0.7505868673324585,0.6164664030075073,112.0,738.0,0.9547589917977651,0.11510791629552841,0.4615384638309479,2462.0,96.0
4,0.9512500166893005,0.9915755391120911,100.0,134.0,0.14622640661895275,0.9449465870857239,0.9583333134651184,2266.0,2300.0,0.7778756022453308,0.6099856495857239,119.0,638.0,0.9117946302946744,0.12242090702056885,0.42788460850715637,2562.0,89.0
5,0.9672916531562805,0.9952467083930969,77.0,80.0,0.11962365960081418,0.9667083024978638,0.9679166674613953,2320.0,2323.0,0.8142605423927307,0.5996897220611572,124.0,509.0,0.8748425704212816,0.14165261387825012,0.4038461446762085,2691.0,84.0
6,0.9764583110809326,0.9967438578605652,49.0,64.0,0.10428826802720627,0.9734989404678345,0.9795833230018616,2336.0,2351.0,0.783450722694397,0.5964017510414124,120.0,618.0,0.9436527277941995,0.1246458888053894,0.42307692766189575,2582.0,88.0
7,0.9777083396911621,0.9981730580329895,45.0,62.0,0.08994151439517736,0.9743483662605286,0.981249988079071,2338.0,2355.0,0.8362675905227661,0.591679036617279,132.0,426.0,0.8501426708390455,0.15139442682266235,0.36538460850715637,2774.0,76.0
