,accuracy,auc,false_negatives,false_positives,loss,pr,precision,recall,true_negatives,true_positives,val_accuracy,val_auc,val_false_negatives,val_false_positives,val_loss,val_pr,val_precision,val_recall,val_true_negatives,val_true_positives
0,0.8156818151473999,0.9015248417854309,418.0,393.0,0.41925905336033215,0.9034477472305298,0.8193103671073914,0.8100000023841858,1807.0,1782.0,0.7282105684280396,0.5434152483940125,1268.0,1551.0,0.5550966166790231,0.20020444691181183,0.18325434625148773,0.2153465300798416,7205.0,348.0
1,0.8904545307159424,0.9593762755393982,220.0,262.0,0.3168317352099852,0.9587780237197876,0.8831400275230408,0.8999999761581421,1938.0,1980.0,0.6713266372680664,0.5834260582923889,1246.0,2163.0,0.6051703140030392,0.20554938912391663,0.14607185125350952,0.22896039485931396,6593.0,370.0
2,0.9297727346420288,0.9803172945976257,124.0,185.0,0.2574876046180725,0.9803028702735901,0.9181777834892273,0.9436363577842712,2015.0,2076.0,0.6468376517295837,0.5714228749275208,1179.0,2484.0,0.6648777571140088,0.20180365443229675,0.14960630238056183,0.27042078971862793,6272.0,437.0
3,0.9395454525947571,0.9864068627357483,107.0,159.0,0.22645423569462517,0.9863213896751404,0.9293960928916931,0.9513636231422424,2041.0,2093.0,0.645873486995697,0.5925215482711792,1139.0,2534.0,0.7435455961527164,0.20075199007987976,0.15841913223266602,0.2951732575893402,6222.0,477.0
4,0.955227255821228,0.9907267689704895,84.0,113.0,0.19777457464825024,0.9907532930374146,0.9493046402931213,0.9618181586265564,2087.0,2116.0,0.6732549071311951,0.5986180901527405,1210.0,2179.0,0.6753395799270157,0.2120349109172821,0.15705996751785278,0.2512376308441162,6577.0,406.0
5,0.9570454359054565,0.9926219582557678,82.0,107.0,0.18309759015386753,0.9929254055023193,0.951910138130188,0.9627272486686707,2093.0,2118.0,0.6758580803871155,0.5726084113121033,1239.0,2123.0,0.7198891419726268,0.20424063503742218,0.15080000460147858,0.23329207301139832,6633.0,377.0
