,accuracy,auc,false_negatives,false_positives,loss,pr,precision,recall,true_negatives,true_positives,val_accuracy,val_auc,val_false_negatives,val_false_positives,val_loss,val_pr,val_precision,val_recall,val_true_negatives,val_true_positives
0,0.934374988079071,0.9785674810409546,143.0,172.0,0.19771217502653599,0.9785580039024353,0.9291889667510986,0.940416693687439,2228.0,2257.0,0.5379273295402527,0.9466805458068848,6.0,859.0,0.9976971383787628,0.8216913342475891,0.17483189702033997,0.9680851101875305,825.0,182.0
1,0.9447916746139526,0.9862932562828064,130.0,135.0,0.17133175844947496,0.9845316410064697,0.9438669681549072,0.9458333253860474,2265.0,2270.0,0.5496794581413269,0.9522066116333008,3.0,840.0,1.0126422725172124,0.8208409547805786,0.18048781156539917,0.9840425252914429,844.0,185.0
2,0.9541666507720947,0.9899905920028687,107.0,113.0,0.15386417587598164,0.9883331060409546,0.9530341029167175,0.9554166793823242,2287.0,2293.0,0.6100427508354187,0.9505689144134521,7.0,723.0,0.880827273059095,0.8199324607849121,0.2002212405204773,0.9627659320831299,961.0,181.0
3,0.9620833396911621,0.992893397808075,80.0,102.0,0.13753945569197337,0.9911704659461975,0.9578860402107239,0.9666666388511658,2298.0,2320.0,0.56517094373703,0.9517849683761597,3.0,811.0,1.0100873133056185,0.8048357367515564,0.18574297428131104,0.9840425252914429,873.0,185.0
4,0.9697916507720947,0.994691014289856,75.0,70.0,0.1261758778989315,0.9930726885795593,0.9707724452018738,0.96875,2330.0,2325.0,0.4967948794364929,0.9501330256462097,1.0,941.0,1.2047435075808794,0.770681619644165,0.16578014194965363,0.9946808218955994,743.0,187.0
5,0.9706249833106995,0.9957311153411865,66.0,75.0,0.11939546450972557,0.9943640232086182,0.968866765499115,0.9725000262260437,2325.0,2334.0,0.5341880321502686,0.950786828994751,3.0,869.0,1.1024047864807978,0.7963955998420715,0.1755218207836151,0.9840425252914429,815.0,185.0
6,0.9760416746139526,0.9967705011367798,62.0,53.0,0.1090197802335024,0.995888888835907,0.9778335690498352,0.9741666913032532,2347.0,2338.0,0.5277777910232544,0.9498818516731262,1.0,883.0,1.145910353742094,0.7816333174705505,0.17476636171340942,0.9946808218955994,801.0,187.0
7,0.9800000190734863,0.9976277947425842,50.0,46.0,0.09856781780719757,0.9966604709625244,0.9808013439178467,0.9791666865348816,2354.0,2350.0,0.5827991366386414,0.9520881175994873,2.0,779.0,0.9986300264668261,0.787962794303894,0.1927461177110672,0.9893617033958435,905.0,186.0
