,accuracy,auc,false_negatives,false_positives,loss,pr,precision,recall,true_negatives,true_positives,val_accuracy,val_auc,val_false_negatives,val_false_positives,val_loss,val_pr,val_precision,val_recall,val_true_negatives,val_true_positives
0,0.8837500214576721,0.9480674266815186,308.0,250.0,0.29240761503577234,0.953755259513855,0.8932536244392395,0.871666669845581,2150.0,2092.0,0.8855782747268677,0.8879809379577637,333.0,316.0,0.2785221228142215,0.6354271173477173,0.6064757108688354,0.5939024686813354,4536.0,487.0
1,0.9145833253860474,0.9737542867660522,221.0,189.0,0.22356071382761,0.975043773651123,0.9201858043670654,0.9079166650772095,2211.0,2179.0,0.8836389183998108,0.8894482254981995,317.0,343.0,0.2815563845827818,0.6291201114654541,0.5945626497268677,0.6134146451950073,4509.0,503.0
2,0.9335416555404663,0.9830373525619507,156.0,163.0,0.19179647222161292,0.9837203025817871,0.9322808384895325,0.9350000023841858,2237.0,2244.0,0.8690056204795837,0.8790523409843445,242.0,501.0,0.32287704221620545,0.5985416173934937,0.5356811881065369,0.704878032207489,4351.0,578.0
3,0.9487500190734863,0.9902167916297913,112.0,134.0,0.16350588450829187,0.990631639957428,0.9446738362312317,0.95333331823349,2266.0,2288.0,0.8808180689811707,0.876686155796051,367.0,309.0,0.29075553492026873,0.5942386984825134,0.5944882035255432,0.5524390339851379,4543.0,453.0
4,0.9539583325386047,0.9923696517944336,110.0,111.0,0.15072185600797336,0.9929533004760742,0.9537692666053772,0.9541666507720947,2289.0,2290.0,0.8767630457878113,0.8892411589622498,229.0,470.0,0.3036251035748819,0.6386722326278687,0.5570216774940491,0.7207317352294922,4382.0,591.0
5,0.965416669845581,0.9954841136932373,90.0,76.0,0.13153319055835405,0.995648980140686,0.9681475162506104,0.9624999761581421,2324.0,2310.0,0.8663610816001892,0.8803555369377136,221.0,537.0,0.3279218508090892,0.5970766544342041,0.5272887349128723,0.7304878234863281,4315.0,599.0
