,accuracy,auc,false_negatives,false_positives,loss,precision,recall,true_negatives,true_positives,val_accuracy,val_auc,val_false_negatives,val_false_positives,val_loss,val_precision,val_recall,val_true_negatives,val_true_positives
0,0.7262499928474426,0.8093571066856384,482.0,394.0,0.5366096517443657,0.7394179701805115,0.6987500190734863,1206.0,1118.0,0.7733989953994751,0.6439883708953857,2576.0,0.0,0.6186959560617102,0.0,0.0,8792.0,0.0
1,0.903124988079071,0.9661865830421448,133.0,177.0,0.3043204432725906,0.8923357725143433,0.9168750047683716,1423.0,1467.0,0.7733989953994751,0.6766631603240967,2576.0,0.0,0.5216020531926165,0.0,0.0,8792.0,0.0
2,0.9468749761581421,0.9868127703666687,61.0,109.0,0.22482323199510573,0.9338592290878296,0.9618750214576721,1491.0,1539.0,0.7727832794189453,0.6564154028892517,2574.0,9.0,0.5114621587574776,0.1818181872367859,0.000776397529989481,8783.0,2.0
3,0.9584375023841858,0.9944937229156494,42.0,91.0,0.1775290049612522,0.9448150396347046,0.9737499952316284,1509.0,1558.0,0.7624032497406006,0.707848310470581,2403.0,298.0,0.49262438950448034,0.36730360984802246,0.06715838611125946,8494.0,173.0
4,0.9759374856948853,0.9977309107780457,23.0,54.0,0.14420726619660854,0.9668914675712585,0.9856250286102295,1546.0,1577.0,0.7142857313156128,0.7155579924583435,1984.0,1264.0,0.5124156654594147,0.31896552443504333,0.22981366515159607,7528.0,592.0
5,0.9840624928474426,0.9989960193634033,13.0,38.0,0.12282585635781289,0.9766153693199158,0.9918749928474426,1562.0,1587.0,0.6959007978439331,0.6965473890304565,1794.0,1663.0,0.5546833991501048,0.31983640789985657,0.3035714328289032,7129.0,782.0
6,0.9912499785423279,0.9997084736824036,5.0,23.0,0.10034507680684328,0.9857849478721619,0.996874988079071,1577.0,1595.0,0.692294180393219,0.6891803741455078,1642.0,1856.0,0.5818595481455787,0.33476701378822327,0.3625776469707489,6936.0,934.0
7,0.9946874976158142,0.9998785257339478,5.0,12.0,0.08764416851103306,0.9925326704978943,0.996874988079071,1588.0,1595.0,0.6896551847457886,0.6667078733444214,1653.0,1875.0,0.619997379521431,0.32987847924232483,0.35830745100975037,6917.0,923.0
8,0.9950000047683716,0.9999492168426514,3.0,13.0,0.07739561099559068,0.9919254779815674,0.9981250166893005,1587.0,1597.0,0.682881772518158,0.6613114476203918,1596.0,2009.0,0.648648925854403,0.32786884903907776,0.3804347813129425,6783.0,980.0
