,accuracy,auc,false_negatives,false_positives,loss,pr,precision,recall,true_negatives,true_positives,val_accuracy,val_auc,val_false_negatives,val_false_positives,val_loss,val_pr,val_precision,val_recall,val_true_negatives,val_true_positives
0,0.6598984599113464,0.7275527715682983,210.0,125.0,0.60913826354264,0.7228788733482361,0.6819338202476501,0.560669481754303,382.0,268.0,0.49392712116241455,0.6566229462623596,125.0,0.0,0.6979271166237743,0.6696456670761108,0.0,0.0,122.0,0.0
1,0.7675126791000366,0.854317843914032,150.0,79.0,0.4871775658602642,0.8468355536460876,0.8058968186378479,0.6861924529075623,428.0,328.0,0.49392712116241455,0.49419671297073364,125.0,0.0,0.7215041018690658,0.5101566314697266,0.0,0.0,122.0,0.0
2,0.8131979703903198,0.9017459154129028,122.0,62.0,0.43423868514559594,0.8981049060821533,0.8516746163368225,0.7447698712348938,445.0,356.0,0.49392712116241455,0.4589836299419403,125.0,0.0,0.7485294037984933,0.49953320622444153,0.0,0.0,122.0,0.0
3,0.8538070917129517,0.9356209635734558,88.0,56.0,0.3820529459696736,0.9360470175743103,0.8744394779205322,0.8158996105194092,451.0,390.0,0.49392712116241455,0.4559671878814697,125.0,0.0,0.7711568694365653,0.5201747417449951,0.0,0.0,122.0,0.0
4,0.8893401026725769,0.9571005702018738,61.0,48.0,0.34724987336826807,0.9571176171302795,0.896774172782898,0.8723849654197693,459.0,417.0,0.49392712116241455,0.45203280448913574,125.0,0.0,0.7889987440244389,0.5000192523002625,0.0,0.0,122.0,0.0
5,0.8984771370887756,0.968705952167511,57.0,43.0,0.31690288037818093,0.9697932600975037,0.9073275923728943,0.8807531595230103,464.0,421.0,0.49392712116241455,0.45629507303237915,125.0,0.0,0.8009087773952407,0.4964662194252014,0.0,0.0,122.0,0.0
