,accuracy,auc,false_negatives,false_positives,loss,pr,precision,recall,true_negatives,true_positives,val_accuracy,val_auc,val_false_negatives,val_false_positives,val_loss,val_pr,val_precision,val_recall,val_true_negatives,val_true_positives
0,0.9041666388511658,0.9657264947891235,230.0,230.0,0.23719737594326337,0.9667015671730042,0.9041666388511658,0.9041666388511658,2170.0,2170.0,0.9963040947914124,0.0,0.0,14.0,0.02488982217797445,0.0,0.0,0.0,3774.0,0.0
1,0.9433333277702332,0.9864080548286438,132.0,140.0,0.16176138788461686,0.986336350440979,0.9418604373931885,0.9449999928474426,2260.0,2268.0,0.9923442602157593,0.0,0.0,29.0,0.04013425220933044,0.0,0.0,0.0,3759.0,0.0
2,0.9583333134651184,0.9914758801460266,101.0,99.0,0.13145732060074805,0.99112468957901,0.9587156176567078,0.9579166769981384,2301.0,2299.0,0.9920802712440491,0.0,0.0,30.0,0.0452502755863236,0.0,0.0,0.0,3758.0,0.0
3,0.9627083539962769,0.9940202236175537,90.0,89.0,0.11838563693066438,0.9938967227935791,0.96290123462677,0.9624999761581421,2311.0,2310.0,0.9712249040603638,0.0,0.0,109.0,0.08725573940727753,0.0,0.0,0.0,3679.0,0.0
4,0.9750000238418579,0.9974499940872192,62.0,58.0,0.09363320882121721,0.9974191188812256,0.9757930040359497,0.9741666913032532,2342.0,2338.0,0.9841604828834534,0.0,0.0,60.0,0.059925465054865124,0.0,0.0,0.0,3728.0,0.0
5,0.9752083420753479,0.9970618486404419,62.0,57.0,0.09273219507187605,0.9971400499343872,0.9762004017829895,0.9741666913032532,2343.0,2338.0,0.9902322888374329,0.0,0.0,37.0,0.04010230983059692,0.0,0.0,0.0,3751.0,0.0
