,accuracy,auc,false_negatives,false_positives,loss,pr,precision,recall,true_negatives,true_positives,val_accuracy,val_auc,val_false_negatives,val_false_positives,val_loss,val_pr,val_precision,val_recall,val_true_negatives,val_true_positives
0,0.7559375166893005,0.8224745988845825,381.0,400.0,0.5649520108103752,0.7846959233283997,0.752933919429779,0.7618749737739563,1200.0,1219.0,0.7441062927246094,0.8090314865112305,721.0,2188.0,0.6552139730975923,0.4785088002681732,0.458817720413208,0.720108687877655,6604.0,1855.0
1,0.8812500238418579,0.9503132104873657,147.0,233.0,0.291710769534111,0.9464513063430786,0.8618030548095703,0.9081249833106995,1367.0,1453.0,0.7361893057823181,0.7349100112915039,1554.0,1445.0,0.6585389794722818,0.3922320604324341,0.4142683446407318,0.39673912525177,7347.0,1022.0
2,0.9200000166893005,0.9745155572891235,103.0,153.0,0.22225942201912402,0.9740139842033386,0.9072727560997009,0.9356250166893005,1447.0,1497.0,0.7207072377204895,0.7433679699897766,1494.0,1681.0,0.6713693958197908,0.39234501123428345,0.3916033208370209,0.4200310707092285,7111.0,1082.0
3,0.9471874833106995,0.9883363842964172,58.0,111.0,0.16877140082418918,0.9881207942962646,0.9328493475914001,0.9637500047683716,1489.0,1542.0,0.7146375775337219,0.7527859210968018,1251.0,1993.0,0.6927963535207665,0.3989638090133667,0.39933696389198303,0.5143633484840393,6799.0,1325.0
4,0.9553124904632568,0.9929159879684448,41.0,102.0,0.1430847829580307,0.9929015636444092,0.9385911822319031,0.9743750095367432,1498.0,1559.0,0.7250176072120667,0.7160285115242004,1607.0,1519.0,0.7445879706943815,0.3629569709300995,0.3894694447517395,0.37616458535194397,7273.0,969.0
5,0.9678124785423279,0.9955673813819885,32.0,71.0,0.12015611752867698,0.9956582188606262,0.9566808938980103,0.9800000190734863,1529.0,1568.0,0.7096235156059265,0.7090069055557251,1571.0,1730.0,0.7610169486375362,0.3559943437576294,0.36745887994766235,0.39013975858688354,7062.0,1005.0
