,accuracy,auc,false_negatives,false_positives,loss,precision,recall,true_negatives,true_positives,val_accuracy,val_auc,val_false_negatives,val_false_positives,val_loss,val_precision,val_recall,val_true_negatives,val_true_positives
0,0.8531818389892578,0.9276266098022461,313.0,333.0,0.3571608334237879,0.8500000238418579,0.8577272891998291,1867.0,1887.0,0.8447743654251099,0.5537788271903992,1610.0,0.0,0.44057431252730017,1.0,0.0037128713447600603,8756.0,6.0
1,0.9159091114997864,0.9761697053909302,150.0,220.0,0.2396137164397673,0.9030836820602417,0.9318181872367859,1980.0,2050.0,0.8354222774505615,0.5451538562774658,1443.0,264.0,0.45637021522654375,0.3958809971809387,0.1070544570684433,8492.0,173.0
2,0.9493181705474854,0.9897976517677307,77.0,146.0,0.18182973910461772,0.9356544613838196,0.9649999737739563,2054.0,2123.0,0.7136521339416504,0.5069084167480469,1210.0,1760.0,0.619469787731531,0.18744228780269623,0.2512376308441162,6996.0,406.0
3,0.9634090662002563,0.995070219039917,58.0,103.0,0.15062303673137317,0.9541202783584595,0.9736363887786865,2097.0,2142.0,0.6524296402931213,0.587720513343811,1054.0,2551.0,0.7164019453815176,0.1805332452058792,0.3477722704410553,6205.0,562.0
4,0.9727272987365723,0.9967177510261536,43.0,77.0,0.12749133897098627,0.965532660484314,0.9804545640945435,2123.0,2157.0,0.699479341506958,0.5980855226516724,1171.0,1946.0,0.6860265564123177,0.1861145943403244,0.2753712832927704,6810.0,445.0
5,0.9829545617103577,0.998266339302063,27.0,48.0,0.10995273506099527,0.9783881306648254,0.9877272844314575,2152.0,2173.0,0.7359236478805542,0.5611101984977722,1210.0,1529.0,0.6708721086595494,0.20981912314891815,0.2512376308441162,7227.0,406.0
