,accuracy,auc,false_negatives,false_positives,loss,precision,recall,true_negatives,true_positives,val_accuracy,val_auc,val_false_negatives,val_false_positives,val_loss,val_precision,val_recall,val_true_negatives,val_true_positives
0,0.942727267742157,0.9817888140678406,134.0,118.0,0.17429109784689817,0.9459707140922546,0.9390909075737,2082.0,2066.0,0.7604577541351318,0.741324245929718,1665.0,763.0,0.6614877906199412,0.6103166341781616,0.4178321659564972,6513.0,1195.0
1,0.9668181538581848,0.9950171709060669,64.0,82.0,0.11495499415831133,0.9630297422409058,0.9709091186523438,2118.0,2136.0,0.7516772150993347,0.759585976600647,1507.0,1010.0,0.6366886393047263,0.5725772380828857,0.4730769097805023,6266.0,1353.0
2,0.9768182039260864,0.9973779916763306,38.0,64.0,0.09300592427903956,0.9712488651275635,0.9827272891998291,2136.0,2162.0,0.7586819529533386,0.7763363718986511,1628.0,818.0,0.6301108471220087,0.6009756326675415,0.4307692348957062,6458.0,1232.0
3,0.9840909242630005,0.9987016320228577,33.0,37.0,0.07604367762804032,0.9832123517990112,0.9850000143051147,2163.0,2167.0,0.7573007345199585,0.8015320897102356,1319.0,1141.0,0.5954594541555704,0.5745711922645569,0.538811206817627,6135.0,1541.0
4,0.9900000095367432,0.9992995262145996,13.0,31.0,0.06569387996738607,0.9860234260559082,0.9940909147262573,2169.0,2187.0,0.7576953172683716,0.7825358510017395,1548.0,908.0,0.6299220621115407,0.5909910202026367,0.4587412476539612,6368.0,1312.0
5,0.9931818246841431,0.9995783567428589,13.0,17.0,0.06034600278193301,0.992286741733551,0.9940909147262573,2183.0,2187.0,0.7543409466743469,0.7878559231758118,1343.0,1147.0,0.6279118449178002,0.5694444179534912,0.5304195880889893,6129.0,1517.0
6,0.9945454597473145,0.9998512268066406,7.0,17.0,0.051299423629587344,0.9923076629638672,0.9968181848526001,2183.0,2193.0,0.7561168074607849,0.8022251725196838,1319.0,1153.0,0.6112605496100205,0.5720118880271912,0.538811206817627,6123.0,1541.0
7,0.994772732257843,0.9999080300331116,12.0,11.0,0.04642769378694621,0.9949977397918701,0.9945454597473145,2189.0,2188.0,0.7620363235473633,0.7905067205429077,1519.0,893.0,0.6307773171397015,0.6002686023712158,0.46888113021850586,6383.0,1341.0
8,0.9956818222999573,0.9999392032623291,9.0,10.0,0.04385871366343715,0.9954566359519958,0.9959090948104858,2190.0,2191.0,0.7594711780548096,0.7580040693283081,1500.0,938.0,0.6690166427473807,0.5918189883232117,0.4755244851112366,6338.0,1360.0
