,accuracy,auc,false_negatives,false_positives,loss,precision,recall,true_negatives,true_positives,val_accuracy,val_auc,val_false_negatives,val_false_positives,val_loss,val_precision,val_recall,val_true_negatives,val_true_positives
0,0.7493749856948853,0.8332050442695618,454.0,348.0,0.5103138002753258,0.7670682668685913,0.7162500023841858,1252.0,1146.0,0.7733989953994751,0.5133529305458069,2576.0,0.0,0.5895264077194974,0.0,0.0,8792.0,0.0
1,0.9049999713897705,0.968994677066803,142.0,162.0,0.28474186778068544,0.8999999761581421,0.9112499952316284,1438.0,1458.0,0.7733989953994751,0.4200145900249481,2576.0,0.0,0.5473751451749352,0.0,0.0,8792.0,0.0
2,0.9453125,0.9876636862754822,56.0,119.0,0.20713747277855873,0.9284425973892212,0.9649999737739563,1481.0,1544.0,0.7733989953994751,0.3755474388599396,2576.0,0.0,0.612181966811062,0.0,0.0,8792.0,0.0
3,0.9584375023841858,0.9939515590667725,39.0,94.0,0.16425352580845357,0.9432024359703064,0.9756249785423279,1506.0,1561.0,0.7733989953994751,0.4550156891345978,2576.0,0.0,0.6494498587594244,0.0,0.0,8792.0,0.0
4,0.9728124737739563,0.9971585869789124,25.0,62.0,0.13449484623968602,0.962125837802887,0.984375,1538.0,1575.0,0.7724313735961914,0.5013487339019775,2499.0,88.0,0.6457811371278461,0.46666666865348816,0.029891304671764374,8704.0,77.0
5,0.981249988079071,0.9986318349838257,16.0,44.0,0.11264428339898586,0.9729729890823364,0.9900000095367432,1556.0,1584.0,0.714461624622345,0.5111792683601379,2203.0,1043.0,0.6931589492016658,0.2634180784225464,0.1447981297969818,7749.0,373.0
6,0.9893749952316284,0.999518096446991,4.0,30.0,0.09168115109205247,0.9815497994422913,0.9975000023841858,1570.0,1596.0,0.6809465289115906,0.5377843379974365,2011.0,1616.0,0.7591422972420754,0.2590554654598236,0.21933229267597198,7176.0,565.0
