,accuracy,auc,false_negatives,false_positives,loss,precision,recall,true_negatives,true_positives,val_accuracy,val_auc,val_false_negatives,val_false_positives,val_loss,val_precision,val_recall,val_true_negatives,val_true_positives
0,0.8075000047683716,0.8912191390991211,367.0,480.0,0.44155766465447166,0.7924773097038269,0.8331817984580994,1720.0,1833.0,0.6958156824111938,0.6564631462097168,864.0,2291.0,0.5891997044811919,0.2471245527267456,0.4653465449810028,6465.0,752.0
1,0.8768181800842285,0.952282190322876,208.0,334.0,0.33969413378021934,0.8564058542251587,0.9054545164108276,1866.0,1992.0,0.7510605454444885,0.5830227136611938,1246.0,1336.0,0.519353660937676,0.21688158810138702,0.22896039485931396,7420.0,370.0
2,0.9118182063102722,0.9698730707168579,150.0,238.0,0.2881425101106817,0.8959790468215942,0.9318181872367859,1962.0,2050.0,0.7236791253089905,0.5787635445594788,1160.0,1706.0,0.5638979915206238,0.21091581881046295,0.28217822313308716,7050.0,456.0
3,0.9288636445999146,0.9799329042434692,129.0,184.0,0.2536012338508259,0.9184035658836365,0.9413636326789856,2016.0,2071.0,0.7182799577713013,0.58174729347229,1121.0,1801.0,0.5798202364246127,0.21559233963489532,0.30631187558174133,6955.0,495.0
4,0.9415909051895142,0.9857085943222046,92.0,165.0,0.22430190265178682,0.9274086952209473,0.9581817984580994,2035.0,2108.0,0.7207867503166199,0.5533640384674072,1135.0,1761.0,0.6124678727884436,0.21454058587551117,0.29764851927757263,6995.0,481.0
5,0.9504545331001282,0.9900885820388794,90.0,128.0,0.19971657016060568,0.94280606508255,0.9590908885002136,2072.0,2110.0,0.6893559694290161,0.5618595480918884,1088.0,2134.0,0.6431453815078441,0.19834710657596588,0.32673266530036926,6622.0,528.0
6,0.9581817984580994,0.9929821491241455,62.0,122.0,0.18247858264229513,0.9460176825523376,0.971818208694458,2078.0,2138.0,0.7171230316162109,0.5676286816596985,1155.0,1779.0,0.6308781626920557,0.20580357313156128,0.2852722704410553,6977.0,461.0
