,accuracy,auc,false_negatives,false_positives,loss,precision,recall,true_negatives,true_positives,val_accuracy,val_auc,val_false_negatives,val_false_positives,val_loss,val_precision,val_recall,val_true_negatives,val_true_positives
0,0.9170833230018616,0.9722456932067871,182.0,216.0,0.21323789946734906,0.9112572073936462,0.9241666793823242,2184.0,2218.0,0.7734780311584473,0.33504462242126465,1087.0,833.0,1.190192961141488,0.010688835754990578,0.008211678825318813,6547.0,9.0
1,0.965416669845581,0.9954835772514343,80.0,86.0,0.09836434581627448,0.9642560482025146,0.9666666388511658,2314.0,2320.0,0.7200330495834351,0.30738481879234314,1083.0,1290.0,1.1754844003884846,0.009976976551115513,0.011861314065754414,6090.0,13.0
2,0.9860416650772095,0.9991180896759033,23.0,44.0,0.06093868867183725,0.9818257093429565,0.9904166460037231,2356.0,2377.0,0.7260500192642212,0.2953619658946991,1082.0,1240.0,1.177172623332124,0.01116427406668663,0.012773722410202026,6140.0,14.0
3,0.9893749952316284,0.9995508790016174,21.0,30.0,0.04905603534852465,0.9875466823577881,0.9912499785423279,2370.0,2379.0,0.7336007356643677,0.30215010046958923,1085.0,1173.0,1.1724407914788615,0.009290540590882301,0.010036496445536613,6207.0,11.0
4,0.9943749904632568,0.9998205304145813,14.0,13.0,0.04029096538821856,0.9945811033248901,0.9941666722297668,2387.0,2386.0,0.723454475402832,0.30523622035980225,1084.0,1260.0,1.2040918232866928,0.009433962404727936,0.010948904789984226,6120.0,12.0
5,0.9947916865348816,0.9999257326126099,9.0,16.0,0.03298228602856398,0.9933527112007141,0.9962499737739563,2384.0,2391.0,0.7543652653694153,0.30887284874916077,1087.0,995.0,1.251276998600908,0.008964143693447113,0.008211678825318813,6385.0,9.0
6,0.9956250190734863,0.9999368786811829,15.0,6.0,0.0299733870724837,0.9974905848503113,0.9937499761581421,2394.0,2385.0,0.7411515116691589,0.29980790615081787,1083.0,1111.0,1.2502690298538155,0.011565836146473885,0.011861314065754414,6269.0,13.0
7,0.9989583492279053,0.9999880790710449,3.0,2.0,0.02328701240941882,0.9991663098335266,0.9987499713897705,2398.0,2397.0,0.7412694692611694,0.30170944333076477,1083.0,1110.0,1.3122270805985368,0.011576135642826557,0.011861314065754414,6270.0,13.0
8,0.9977083206176758,0.9999788403511047,4.0,7.0,0.02445710714906454,0.9970870018005371,0.9983333349227905,2393.0,2396.0,0.7579046487808228,0.3110774755477905,1080.0,972.0,1.2443715554748633,0.016194332391023636,0.014598540030419827,6408.0,16.0
