,accuracy,auc,false_negatives,false_positives,loss,precision,recall,true_negatives,true_positives,val_accuracy,val_auc,val_false_negatives,val_false_positives,val_loss,val_precision,val_recall,val_true_negatives,val_true_positives
0,0.9593750238418579,0.9880520105361938,95.0,100.0,0.1327505876061817,0.9584199786186218,0.9604166746139526,2300.0,2305.0,0.6180555820465088,0.9413661360740662,6.0,709.0,1.0365573565165203,0.20426486432552338,0.9680851101875305,975.0,182.0
1,0.9747916460037231,0.9954872131347656,60.0,61.0,0.08673813997457425,0.9745939373970032,0.9750000238418579,2339.0,2340.0,0.6330128312110901,0.948844313621521,5.0,682.0,0.8917328659285847,0.2115606963634491,0.9734042286872864,1002.0,183.0
2,0.9860416650772095,0.997908890247345,35.0,32.0,0.061645450840393703,0.9866499900817871,0.9854166507720947,2368.0,2365.0,0.5678418874740601,0.9255714416503906,4.0,805.0,1.2171007191014087,0.1860465109348297,0.978723406791687,879.0,184.0
3,0.9883333444595337,0.9984109401702881,23.0,33.0,0.05432200911144416,0.9863070249557495,0.9904166460037231,2367.0,2377.0,0.6570512652397156,0.9324018955230713,10.0,632.0,0.8121806887479929,0.21975308656692505,0.9468085169792175,1052.0,178.0
4,0.9916666746139526,0.9991072416305542,19.0,21.0,0.044416217400381965,0.9912573099136353,0.9920833110809326,2379.0,2381.0,0.6383547186851501,0.9226813316345215,10.0,667.0,0.9001085997646691,0.21065089106559753,0.9468085169792175,1017.0,178.0
5,0.9964583516120911,0.999247670173645,5.0,12.0,0.03436298762137691,0.9950145483016968,0.9979166388511658,2388.0,2395.0,0.569978654384613,0.9114285707473755,6.0,799.0,1.2409474523658426,0.18552497029304504,0.9680851101875305,885.0,182.0
6,0.9958333373069763,0.9995762705802917,9.0,11.0,0.03421015560006102,0.9954204559326172,0.9962499737739563,2389.0,2391.0,0.6372863054275513,0.9222517609596252,8.0,671.0,0.9698788263858893,0.2115158587694168,0.957446813583374,1013.0,180.0
7,0.9979166388511658,0.9996605515480042,3.0,7.0,0.025316771504779657,0.9970881938934326,0.9987499713897705,2393.0,2397.0,0.6014957427978516,0.9028891921043396,7.0,739.0,1.1324722542722,0.19673913717269897,0.9627659320831299,945.0,181.0
8,0.9987499713897705,0.9996691942214966,2.0,4.0,0.024002811837320528,0.9983347058296204,0.9991666674613953,2396.0,2398.0,0.5689102411270142,0.902195930480957,7.0,800.0,1.2245476220408056,0.1845056116580963,0.9627659320831299,884.0,181.0
