,accuracy,auc,false_negatives,false_positives,loss,precision,recall,true_negatives,true_positives,val_accuracy,val_auc,val_false_negatives,val_false_positives,val_loss,val_precision,val_recall,val_true_negatives,val_true_positives
0,0.7890625,0.8603948950767517,325.0,350.0,0.4942031490802765,0.7846153974533081,0.796875,1250.0,1275.0,0.6668719053268433,0.7783306837081909,486.0,3301.0,0.9081931373839811,0.3876831829547882,0.8113353848457336,5491.0,2090.0
1,0.9228125214576721,0.9769802689552307,93.0,154.0,0.21052067466080188,0.9072847962379456,0.9418749809265137,1446.0,1507.0,0.7129662036895752,0.73927903175354,1349.0,1914.0,0.7037860984788824,0.39063993096351624,0.4763198792934418,6878.0,1227.0
2,0.9512500166893005,0.9907783269882202,51.0,105.0,0.14774024054408075,0.9365175366401672,0.9681249856948853,1495.0,1549.0,0.7337262630462646,0.7039988040924072,1790.0,1237.0,0.7433924431284072,0.388531893491745,0.3051242232322693,7555.0,786.0
3,0.9700000286102295,0.9962731003761292,33.0,63.0,0.11101572636514902,0.9613496661186218,0.9793750047683716,1537.0,1567.0,0.7002111077308655,0.7024282217025757,1469.0,1939.0,0.7673558144398259,0.36342746019363403,0.42973601818084717,6853.0,1107.0
4,0.9762499928474426,0.9976288080215454,21.0,55.0,0.08990881340578198,0.9663402438163757,0.9868749976158142,1545.0,1579.0,0.7268648743629456,0.7192119359970093,1790.0,1315.0,0.7361193135705824,0.37410756945610046,0.3051242232322693,7477.0,786.0
5,0.9884374737739563,0.9991990327835083,12.0,25.0,0.06615735333412885,0.9845009446144104,0.9925000071525574,1575.0,1588.0,0.7047853469848633,0.6646742224693298,1769.0,1587.0,0.8476564386711416,0.33709272742271423,0.31327641010284424,7205.0,807.0
6,0.9928125143051147,0.9997239708900452,5.0,18.0,0.054169207196682695,0.9888406991958618,0.996874988079071,1582.0,1595.0,0.7125263810157776,0.6549815535545349,1883.0,1385.0,0.8793068319705907,0.33349373936653137,0.26902174949645996,7407.0,693.0
