,accuracy,auc,false_negatives,false_positives,loss,precision,recall,true_negatives,true_positives,val_accuracy,val_auc,val_false_negatives,val_false_positives,val_loss,val_precision,val_recall,val_true_negatives,val_true_positives
0,0.9145833253860474,0.973800539970398,197.0,213.0,0.22652928014596305,0.9118377566337585,0.9179166555404663,2187.0,2203.0,0.7972418069839478,0.6582474708557129,123.0,568.0,0.7911600344617602,0.13016845285892487,0.4086538553237915,2632.0,85.0
1,0.93770831823349,0.9855387806892395,143.0,156.0,0.185125546703736,0.9353501796722412,0.940416693687439,2244.0,2257.0,0.7849178314208984,0.6470470428466797,118.0,615.0,0.8491133163232758,0.12765957415103912,0.4326923191547394,2585.0,90.0
2,0.9508333206176758,0.9898262023925781,120.0,116.0,0.16342933361728987,0.9515859484672546,0.949999988079071,2284.0,2280.0,0.7884389758110046,0.643221914768219,121.0,600.0,0.8418111266664496,0.1266375482082367,0.41826921701431274,2600.0,87.0
3,0.9566666483879089,0.9927549958229065,92.0,116.0,0.1476949371645848,0.9521452188491821,0.9616666436195374,2284.0,2308.0,0.7831572890281677,0.6316766738891602,123.0,616.0,0.8858132927630429,0.12125535309314728,0.4086538553237915,2584.0,85.0
4,0.9702083468437195,0.9956933259963989,62.0,81.0,0.12845514754454296,0.966515064239502,0.9741666913032532,2319.0,2338.0,0.8045774698257446,0.6380528807640076,125.0,541.0,0.8127414049676887,0.1330128163099289,0.3990384638309479,2659.0,83.0
5,0.971666693687439,0.9964626431465149,62.0,74.0,0.12113830919067065,0.9693200588226318,0.9741666913032532,2326.0,2338.0,0.7937206625938416,0.6236884593963623,119.0,584.0,0.8631295094467665,0.13224367797374725,0.42788460850715637,2616.0,89.0
