,accuracy,auc,false_negatives,false_positives,loss,precision,recall,true_negatives,true_positives,val_accuracy,val_auc,val_false_negatives,val_false_positives,val_loss,val_precision,val_recall,val_true_negatives,val_true_positives
0,0.8856250047683716,0.9544512629508972,306.0,243.0,0.2819917809963226,0.8960205316543579,0.8725000023841858,2157.0,2094.0,0.9949841499328613,0.0,0.0,19.0,0.05010247813909459,0.0,0.0,3769.0,0.0
1,0.9264583587646484,0.9780538082122803,184.0,169.0,0.2159683841963609,0.9291404485702515,0.9233333468437195,2231.0,2216.0,0.9936642050743103,0.0,0.0,24.0,0.06870984562221273,0.0,0.0,3764.0,0.0
2,0.9387500286102295,0.9853541851043701,156.0,138.0,0.18876356127361457,0.9420654773712158,0.9350000023841858,2262.0,2244.0,0.9815205931663513,0.0,0.0,70.0,0.08231103280214977,0.0,0.0,3718.0,0.0
3,0.95291668176651,0.990779459476471,116.0,110.0,0.162589510033528,0.9540517926216125,0.9516666531562805,2290.0,2284.0,0.97307288646698,0.0,0.0,102.0,0.09314608651015675,0.0,0.0,3686.0,0.0
4,0.956041693687439,0.9927632212638855,109.0,102.0,0.14971216852466265,0.957375705242157,0.9545833468437195,2298.0,2291.0,0.9862724542617798,0.0,0.0,52.0,0.07199881612908375,0.0,0.0,3736.0,0.0
5,0.9674999713897705,0.9955859184265137,69.0,87.0,0.1317694809039434,0.9640198349952698,0.9712499976158142,2313.0,2331.0,0.9659450650215149,0.0,0.0,129.0,0.10404183267130897,0.0,0.0,3659.0,0.0
