,accuracy,auc,false_negatives,false_positives,loss,pr,precision,recall,true_negatives,true_positives,val_accuracy,val_auc,val_false_negatives,val_false_positives,val_loss,val_pr,val_precision,val_recall,val_true_negatives,val_true_positives
0,0.9333333373069763,0.982782781124115,135.0,185.0,0.16971724947293598,0.9821857810020447,0.9244897961616516,0.9437500238418579,2215.0,2265.0,0.8345070481300354,0.675470232963562,129.0,435.0,0.9728135923404648,0.11390572041273117,0.15369649231433868,0.3798076808452606,2765.0,79.0
1,0.9547916650772095,0.9916753768920898,84.0,133.0,0.12738117575645447,0.9911445379257202,0.9456921219825745,0.9649999737739563,2267.0,2316.0,0.8389084339141846,0.6872386336326599,132.0,417.0,0.9492351499521676,0.11517438292503357,0.15415821969509125,0.36538460850715637,2783.0,76.0
2,0.9660416841506958,0.9945574402809143,58.0,105.0,0.10988392966488997,0.9941991567611694,0.9570903182029724,0.9758333563804626,2295.0,2342.0,0.8054577708244324,0.6909712553024292,119.0,544.0,1.0860492547912777,0.11818353086709976,0.1406003087759018,0.42788460850715637,2656.0,89.0
3,0.9752083420753479,0.9969931840896606,50.0,69.0,0.08972525236507257,0.9969395399093628,0.9714758396148682,0.9791666865348816,2331.0,2350.0,0.8309859037399292,0.7012792825698853,124.0,452.0,1.0152522678106604,0.12337083369493484,0.15671642124652863,0.4038461446762085,2748.0,84.0
4,0.9762499928474426,0.9977196455001831,53.0,61.0,0.0815725587370495,0.9976087808609009,0.9746677875518799,0.9779166579246521,2339.0,2347.0,0.8301056623458862,0.7072805762290955,118.0,461.0,1.048073151441807,0.1257135272026062,0.16333937644958496,0.4326923191547394,2739.0,90.0
5,0.9797916412353516,0.9982994198799133,41.0,56.0,0.07713913951069117,0.9982991218566895,0.9768115878105164,0.9829166531562805,2344.0,2359.0,0.8477112650871277,0.7044252157211304,135.0,384.0,0.9712607009170201,0.12236351519823074,0.15973742306232452,0.3509615361690521,2816.0,73.0
6,0.9858333468437195,0.9991436004638672,24.0,44.0,0.06270599755148093,0.9990983605384827,0.9818181991577148,0.9900000095367432,2356.0,2376.0,0.809272289276123,0.7094042897224426,111.0,539.0,1.129409219877261,0.12757626175880432,0.1525157243013382,0.4663461446762085,2661.0,97.0
