,accuracy,auc,false_negatives,false_positives,loss,pr,precision,recall,true_negatives,true_positives,val_accuracy,val_auc,val_false_negatives,val_false_positives,val_loss,val_pr,val_precision,val_recall,val_true_negatives,val_true_positives
0,0.862500011920929,0.9297577142715454,270.0,335.0,0.3384701471978968,0.9232006669044495,0.8520971536636353,0.8772727251052856,1865.0,1930.0,0.7847088575363159,0.733660101890564,901.0,1332.0,0.5542507250963883,0.41825181245803833,0.3492916524410248,0.44245049357414246,7424.0,715.0
1,0.919772744178772,0.9774528741836548,144.0,209.0,0.21017120518467644,0.9769442677497864,0.9077262878417969,0.9345454573631287,1991.0,2056.0,0.7149055004119873,0.7048834562301636,882.0,2075.0,0.6676388794719322,0.3927783966064453,0.2613029479980469,0.4542079269886017,6681.0,734.0
2,0.9459090828895569,0.9873161911964417,83.0,155.0,0.16423484217036854,0.9863381385803223,0.9317781925201416,0.9622727036476135,2045.0,2117.0,0.7119166851043701,0.7151089906692505,890.0,2098.0,0.6971458582472626,0.38430166244506836,0.25708216428756714,0.44925743341445923,6658.0,726.0
3,0.9609090685844421,0.9934536218643188,67.0,105.0,0.13016718178987502,0.9929924607276917,0.9530830979347229,0.9695454835891724,2095.0,2133.0,0.7230042219161987,0.6890989542007446,942.0,1931.0,0.7815522278511428,0.3383391499519348,0.25873321294784546,0.41707921028137207,6825.0,674.0
4,0.9681817889213562,0.9957044720649719,47.0,93.0,0.11375231417742643,0.9957913160324097,0.9585930705070496,0.9786363840103149,2107.0,2153.0,0.7245468497276306,0.7547347545623779,728.0,2129.0,0.7744639799763142,0.3577321767807007,0.2943321168422699,0.5495049357414246,6627.0,888.0
5,0.9688636660575867,0.995910108089447,53.0,84.0,0.10754550498994914,0.9958089590072632,0.9623486995697021,0.9759091138839722,2116.0,2147.0,0.7473004460334778,0.7056412100791931,918.0,1703.0,0.6531548664416303,0.3986436128616333,0.2907122075557709,0.43193069100379944,7053.0,698.0
