,accuracy,auc,false_negatives,false_positives,loss,pr,precision,recall,true_negatives,true_positives,val_accuracy,val_auc,val_false_negatives,val_false_positives,val_loss,val_pr,val_precision,val_recall,val_true_negatives,val_true_positives
0,0.9081249833106995,0.9653278589248657,213.0,228.0,0.23876040056347847,0.9663381576538086,0.9055900573730469,0.9112499952316284,2172.0,2187.0,0.8524330258369446,0.8238386511802673,402.0,435.0,0.39333364581860003,0.49932560324668884,0.49003517627716064,0.5097560882568359,4417.0,418.0
1,0.9437500238418579,0.9871672987937927,120.0,150.0,0.1497978146125873,0.9863805770874023,0.9382715821266174,0.949999988079071,2250.0,2280.0,0.839033842086792,0.8337764143943787,362.0,551.0,0.41560133172485486,0.5104914903640747,0.4539147615432739,0.5585365891456604,4301.0,458.0
2,0.9577083587646484,0.9929967522621155,87.0,116.0,0.1184675499300162,0.993106484413147,0.9522437453269958,0.9637500047683716,2284.0,2313.0,0.8616008758544922,0.859017014503479,332.0,453.0,0.36033217008888974,0.5555682182312012,0.5185972452163696,0.5951219797134399,4399.0,488.0
3,0.972083330154419,0.9960834980010986,64.0,70.0,0.09613805372267961,0.9962248206138611,0.9709060788154602,0.9733333587646484,2330.0,2336.0,0.8455570936203003,0.8425127863883972,366.0,510.0,0.3983457034771634,0.5230928659439087,0.47095435857772827,0.5536585450172424,4342.0,454.0
4,0.9756249785423279,0.9976113438606262,57.0,60.0,0.08430897013594707,0.9976617693901062,0.9750311970710754,0.9762499928474426,2340.0,2343.0,0.8476727604866028,0.8540381193161011,322.0,542.0,0.40420228425723376,0.5457050204277039,0.47884616255760193,0.6073170900344849,4310.0,498.0
5,0.9860416650772095,0.998923122882843,24.0,43.0,0.06881304178386927,0.9990130662918091,0.9822240471839905,0.9900000095367432,2357.0,2376.0,0.8473201990127563,0.8570784330368042,327.0,539.0,0.38475125126425064,0.5566443204879761,0.4777131676673889,0.6012195348739624,4313.0,493.0
6,0.9839583039283752,0.9988807439804077,38.0,39.0,0.06640043007830779,0.9989104270935059,0.9837567806243896,0.98416668176651,2361.0,2362.0,0.8474964499473572,0.8287601470947266,424.0,441.0,0.4281245321140471,0.5073740482330322,0.47311827540397644,0.4829268157482147,4411.0,396.0
7,0.9887499809265137,0.9992403388023376,30.0,24.0,0.0589262214054664,0.999236524105072,0.9899749159812927,0.987500011920929,2376.0,2370.0,0.8510225415229797,0.8419834971427917,394.0,451.0,0.3965053059244778,0.5315922498703003,0.4857468605041504,0.5195121765136719,4401.0,426.0
