,accuracy,auc,false_negatives,false_positives,loss,pr,precision,recall,true_negatives,true_positives,val_accuracy,val_auc,val_false_negatives,val_false_positives,val_loss,val_pr,val_precision,val_recall,val_true_negatives,val_true_positives
0,0.9072916507720947,0.9657794237136841,227.0,218.0,0.23702367352942624,0.9660975337028503,0.9088247418403625,0.9054166674613953,2182.0,2173.0,0.9941921830177307,0.0,0.0,22.0,0.025096558611456467,0.0,0.0,0.0,3766.0,0.0
1,0.9424999952316284,0.9857630133628845,130.0,146.0,0.1575122993439436,0.9860973358154297,0.9395695328712463,0.9458333253860474,2254.0,2270.0,0.9862724542617798,0.0,0.0,52.0,0.040982000709490686,0.0,0.0,0.0,3736.0,0.0
2,0.9556249976158142,0.9912407398223877,115.0,98.0,0.12990017195542652,0.9911143779754639,0.9588753581047058,0.9520833492279053,2302.0,2285.0,0.9807286262512207,0.0,0.0,73.0,0.06125631597465437,0.0,0.0,0.0,3715.0,0.0
3,0.9668750166893005,0.994884729385376,74.0,85.0,0.10897843409329652,0.9945276975631714,0.9647449254989624,0.9691666960716248,2315.0,2326.0,0.9846884608268738,0.0,0.0,58.0,0.04859206073060868,0.0,0.0,0.0,3730.0,0.0
4,0.9752083420753479,0.996861457824707,56.0,63.0,0.09184751160442829,0.9967456459999084,0.9738263487815857,0.9766666889190674,2337.0,2344.0,0.98653644323349,0.0,0.0,51.0,0.043960982603694625,0.0,0.0,0.0,3737.0,0.0
5,0.9818750023841858,0.9981237649917603,35.0,52.0,0.07837247096002102,0.9981937408447266,0.9784857034683228,0.9854166507720947,2348.0,2365.0,0.9862724542617798,0.0,0.0,52.0,0.041756754322125014,0.0,0.0,0.0,3736.0,0.0
