,accuracy,auc,false_negatives,false_positives,loss,precision,recall,true_negatives,true_positives,val_accuracy,val_auc,val_false_negatives,val_false_positives,val_loss,val_precision,val_recall,val_true_negatives,val_true_positives
0,0.7022727131843567,0.7899361848831177,349.0,961.0,0.5737078579989346,0.6582503318786621,0.8413636088371277,1239.0,1851.0,0.8721122145652771,0.5027664303779602,723.0,362.0,0.6357200261502264,0.1522248238325119,0.0824873074889183,7334.0,65.0
1,0.862500011920929,0.9330220222473145,210.0,395.0,0.39154760534113103,0.8343815803527832,0.9045454263687134,1805.0,1990.0,0.9071192741394043,0.553810715675354,788.0,0.0,0.39432285364255315,0.0,0.0,7696.0,0.0
2,0.8990908861160278,0.9669971466064453,155.0,289.0,0.3113821559602564,0.8761782050132751,0.9295454621315002,1911.0,2045.0,0.907355010509491,0.6138314604759216,782.0,4.0,0.34053702401642755,0.6000000238418579,0.007614213041961193,7692.0,6.0
3,0.9209091067314148,0.9775962829589844,138.0,210.0,0.26525747938589617,0.9075704216957092,0.9372727274894714,1990.0,2062.0,0.8972182869911194,0.6889446377754211,603.0,269.0,0.36454740582575834,0.40748897194862366,0.23477157950401306,7427.0,185.0
4,0.9368181824684143,0.9853360056877136,99.0,179.0,0.2334914064949209,0.9214912056922913,0.9549999833106995,2021.0,2101.0,0.8226072788238525,0.6805675029754639,476.0,1029.0,0.4242386962939185,0.23266218602657318,0.39593908190727234,6667.0,312.0
5,0.953181803226471,0.991640031337738,72.0,134.0,0.20120268816297704,0.9407603740692139,0.9672726988792419,2066.0,2128.0,0.8197783827781677,0.7026345729827881,443.0,1086.0,0.42295348992723164,0.24109014868736267,0.437817245721817,6610.0,345.0
6,0.9615908861160278,0.9929799437522888,63.0,106.0,0.18400938137011094,0.9527418613433838,0.9713636636734009,2094.0,2137.0,0.8447666168212891,0.7295152544975281,436.0,881.0,0.3827325063654411,0.2854825556278229,0.4467005133628845,6815.0,352.0
7,0.9668181538581848,0.9953242540359497,56.0,90.0,0.1620165444504131,0.9597135186195374,0.9745454788208008,2110.0,2144.0,0.8378123641014099,0.6979085206985474,473.0,903.0,0.39426106519431564,0.2586206793785095,0.3997461795806885,6793.0,315.0
