,accuracy,auc,false_negatives,false_positives,loss,pr,precision,recall,true_negatives,true_positives,val_accuracy,val_auc,val_false_negatives,val_false_positives,val_loss,val_pr,val_precision,val_recall,val_true_negatives,val_true_positives
0,0.7465624809265137,0.8083617091178894,381.0,430.0,0.5577771486341954,0.7616168260574341,0.7392358779907227,0.7618749737739563,1170.0,1219.0,0.6998592615127563,0.7360033988952637,1172.0,2240.0,0.7181768152681897,0.4312874674797058,0.38529089093208313,0.5450310707092285,6552.0,1404.0
1,0.8681250214576721,0.9428184032440186,155.0,267.0,0.32018863648176193,0.9356011152267456,0.8440420627593994,0.903124988079071,1333.0,1445.0,0.7313511371612549,0.7747095823287964,980.0,2074.0,0.6395335907587109,0.45722824335098267,0.4348773956298828,0.6195651888847351,6718.0,1596.0
2,0.9137499928474426,0.9741825461387634,97.0,179.0,0.24281984314322472,0.9725590944290161,0.8935790657997131,0.9393749833106995,1421.0,1503.0,0.7039936780929565,0.7578971982002258,1175.0,2190.0,0.6817124672627298,0.4335975646972656,0.390142023563385,0.5438664555549622,6602.0,1401.0
3,0.9362499713897705,0.9847804307937622,67.0,137.0,0.1968471685796976,0.9835669994354248,0.9179641008377075,0.9581249952316284,1463.0,1533.0,0.6773399114608765,0.6939892172813416,1485.0,2183.0,0.759923570094018,0.3785575330257416,0.33323150873184204,0.4235248565673828,6609.0,1091.0
4,0.9546874761581421,0.9912399649620056,48.0,97.0,0.1656574533879757,0.9910155534744263,0.9411764740943909,0.9700000286102295,1503.0,1552.0,0.6916784048080444,0.7222886681556702,1414.0,2091.0,0.733348479327981,0.39326024055480957,0.3572087287902832,0.45108696818351746,6701.0,1162.0
5,0.9581249952316284,0.9938802719116211,44.0,90.0,0.14713485810905694,0.9938976764678955,0.9453219771385193,0.9725000262260437,1510.0,1556.0,0.6813863515853882,0.7190943360328674,1323.0,2299.0,0.7730957788115735,0.39489442110061646,0.3527590036392212,0.48641303181648254,6493.0,1253.0
6,0.9743750095367432,0.9973956942558289,23.0,59.0,0.1212285828217864,0.9974437952041626,0.963936448097229,0.9856250286102295,1541.0,1577.0,0.673997163772583,0.6667983531951904,1546.0,2160.0,0.8370722323383436,0.36086028814315796,0.3228840231895447,0.3998447060585022,6632.0,1030.0
