,accuracy,auc,false_negatives,false_positives,loss,pr,precision,recall,true_negatives,true_positives,val_accuracy,val_auc,val_false_negatives,val_false_positives,val_loss,val_pr,val_precision,val_recall,val_true_negatives,val_true_positives
0,0.8527272939682007,0.9241856932640076,284.0,364.0,0.3543952109596946,0.9192984104156494,0.840350866317749,0.8709090948104858,1836.0,1916.0,0.8571153283119202,0.7826793789863586,918.0,564.0,0.38091237490764696,0.5323786735534668,0.5530903339385986,0.43193069100379944,8192.0,698.0
1,0.9113636612892151,0.9679731130599976,162.0,228.0,0.24784901705655185,0.9652513265609741,0.8993821740150452,0.9263636469841003,1972.0,2038.0,0.8035094738006592,0.7749882936477661,853.0,1185.0,0.445143108242872,0.49524232745170593,0.39168378710746765,0.4721534550189972,7571.0,763.0
2,0.9384090900421143,0.9820719957351685,104.0,167.0,0.19994517174634066,0.9801478385925293,0.9262041449546814,0.9527272582054138,2033.0,2096.0,0.7709217071533203,0.7453517317771912,911.0,1465.0,0.5154190046006631,0.4500717222690582,0.3248848021030426,0.4362623691558838,7291.0,705.0
3,0.951590895652771,0.9892768263816833,83.0,130.0,0.16483950300650163,0.9881784915924072,0.9421451091766357,0.9622727036476135,2070.0,2117.0,0.7937716841697693,0.7655322551727295,933.0,1206.0,0.47936155119780816,0.47018295526504517,0.361566960811615,0.42264851927757263,7550.0,683.0
4,0.9593181610107422,0.9925360679626465,74.0,105.0,0.14576492130756377,0.9922916889190674,0.9529358744621277,0.9663636088371277,2095.0,2126.0,0.7662938833236694,0.7599387168884277,864.0,1560.0,0.534189215485212,0.45580777525901794,0.3252595067024231,0.4653465449810028,7196.0,752.0
5,0.9670454263687134,0.9944742321968079,55.0,90.0,0.12938111204992642,0.9943076372146606,0.9597315192222595,0.9750000238418579,2110.0,2145.0,0.7591592669487,0.6785991191864014,930.0,1568.0,0.6135899338812337,0.40056201815605164,0.30434781312942505,0.42450493574142456,7188.0,686.0
