,accuracy,auc,false_negatives,false_positives,loss,pr,precision,recall,true_negatives,true_positives,val_accuracy,val_auc,val_false_negatives,val_false_positives,val_loss,val_pr,val_precision,val_recall,val_true_negatives,val_true_positives
0,0.9104166626930237,0.9644212126731873,213.0,217.0,0.2417005672554175,0.9652252197265625,0.909733772277832,0.9112499952316284,2183.0,2187.0,0.8885754346847534,0.8781040906906128,447.0,185.0,0.30762788649170286,0.5975577235221863,0.6684587597846985,0.4548780620098114,4667.0,373.0
1,0.9481250047683716,0.988048255443573,122.0,127.0,0.14659494191408157,0.988381028175354,0.9471933245658875,0.9491666555404663,2273.0,2278.0,0.8799365162849426,0.8836274147033691,289.0,392.0,0.31684307844413523,0.6151540875434875,0.5752979516983032,0.6475609540939331,4460.0,531.0
2,0.9597916603088379,0.9933387637138367,90.0,103.0,0.119045587554574,0.9935537576675415,0.9573145508766174,0.9624999761581421,2297.0,2310.0,0.8700634837150574,0.861432671546936,342.0,395.0,0.3377760852120911,0.5810035467147827,0.5475372076034546,0.5829268097877502,4457.0,478.0
3,0.9741666913032532,0.9961932301521301,55.0,69.0,0.09598816314091285,0.9962770938873291,0.971416711807251,0.9770833253860474,2331.0,2345.0,0.8734132647514343,0.8496761322021484,395.0,323.0,0.352721540900985,0.5447154641151428,0.5681818127632141,0.5182926654815674,4529.0,425.0
4,0.9743750095367432,0.9971343278884888,55.0,68.0,0.0892976391563813,0.9972044229507446,0.9718193411827087,0.9770833253860474,2332.0,2345.0,0.8755289316177368,0.8805030584335327,299.0,407.0,0.3228939839327453,0.6176339387893677,0.5614224076271057,0.6353658437728882,4445.0,521.0
5,0.9806249737739563,0.9982657432556152,43.0,50.0,0.07652163356542588,0.9982463121414185,0.9792272448539734,0.9820833206176758,2350.0,2357.0,0.8751763105392456,0.8597623705863953,344.0,364.0,0.33586090185242073,0.5776158571243286,0.5666666626930237,0.5804877877235413,4488.0,476.0
