,accuracy,auc,false_negatives,false_positives,loss,pr,precision,recall,true_negatives,true_positives,val_accuracy,val_auc,val_false_negatives,val_false_positives,val_loss,val_pr,val_precision,val_recall,val_true_negatives,val_true_positives
0,0.9275000095367432,0.9747733473777771,160.0,188.0,0.20136254536608855,0.9735519289970398,0.922569990158081,0.9333333373069763,2212.0,2240.0,0.6875,0.9496686458587646,6.0,579.0,0.8380983538097806,0.69890296459198,0.2391590029001236,0.9680851101875305,1105.0,182.0
1,0.9431250095367432,0.9846276640892029,125.0,148.0,0.16193226280311743,0.9821922779083252,0.9389187097549438,0.9479166865348816,2252.0,2275.0,0.627136766910553,0.955535888671875,1.0,697.0,1.0082479088734357,0.6840358972549438,0.21153846383094788,0.9946808218955994,987.0,187.0
2,0.9585416913032532,0.9904927015304565,95.0,104.0,0.13227630281200012,0.9888762831687927,0.9568285346031189,0.9604166746139526,2296.0,2305.0,0.7190170884132385,0.9663858413696289,3.0,523.0,0.7026786126642146,0.7981489896774292,0.2612994313240051,0.9840425252914429,1161.0,185.0
3,0.9645833373069763,0.9934970736503601,82.0,88.0,0.11558609151591857,0.9927642941474915,0.9634247422218323,0.965833306312561,2312.0,2318.0,0.6965811848640442,0.962135910987854,2.0,566.0,0.7848580066974347,0.7644075155258179,0.24734042584896088,0.9893617033958435,1118.0,186.0
4,0.9668750166893005,0.994803249835968,74.0,85.0,0.1069468450670441,0.9935724139213562,0.9647449254989624,0.9691666960716248,2315.0,2326.0,0.69017094373703,0.9588934183120728,2.0,578.0,0.8282149811076303,0.7465330958366394,0.24345549941062927,0.9893617033958435,1106.0,186.0
5,0.9777083396911621,0.9973323345184326,45.0,62.0,0.08609072587142388,0.9965436458587646,0.9743483662605286,0.981249988079071,2338.0,2355.0,0.686965823173523,0.9639520645141602,2.0,584.0,0.8050730309934697,0.7669811248779297,0.24155844748020172,0.9893617033958435,1100.0,186.0
6,0.9822916388511658,0.9979214072227478,36.0,49.0,0.07763920636226733,0.9966729283332825,0.9796933531761169,0.9850000143051147,2351.0,2364.0,0.6191239356994629,0.9560317397117615,1.0,712.0,1.0788984013418865,0.670356810092926,0.20800890028476715,0.9946808218955994,972.0,187.0
7,0.9868749976158142,0.9987102746963501,28.0,35.0,0.06727907191962004,0.9980639219284058,0.9854590892791748,0.9883333444595337,2365.0,2372.0,0.6554487347602844,0.9571640491485596,3.0,642.0,0.9238170482154585,0.7222909331321716,0.2237001210451126,0.9840425252914429,1042.0,185.0
