,accuracy,auc,false_negatives,false_positives,loss,pr,precision,recall,true_negatives,true_positives,val_accuracy,val_auc,val_false_negatives,val_false_positives,val_loss,val_pr,val_precision,val_recall,val_true_negatives,val_true_positives
0,0.7749999761581421,0.8449019193649292,353.0,367.0,0.515834919065237,0.8129345178604126,0.772614598274231,0.7793750166893005,1233.0,1247.0,0.7191238403320312,0.7465121150016785,1554.0,1639.0,0.6993360417062007,0.40347522497177124,0.3840661346912384,0.39673912525177,7153.0,1022.0
1,0.8946874737739563,0.9599896669387817,137.0,200.0,0.2657320836186409,0.9561984539031982,0.8797354102134705,0.9143750071525574,1400.0,1463.0,0.7082160711288452,0.7129732966423035,1625.0,1692.0,0.7564116821458523,0.3780817985534668,0.35981839895248413,0.3691770136356354,7100.0,951.0
2,0.9281250238418579,0.9805086255073547,89.0,141.0,0.20206303365528583,0.9796284437179565,0.9146488904953003,0.9443749785423279,1459.0,1511.0,0.7270408272743225,0.7620155811309814,1241.0,1862.0,0.7093142687141853,0.4243690073490143,0.41757896542549133,0.5182453393936157,6930.0,1335.0
3,0.948437511920929,0.9898768067359924,48.0,117.0,0.16049933537840844,0.9893935322761536,0.9298981428146362,0.9700000286102295,1483.0,1552.0,0.7011787295341492,0.7170558571815491,1357.0,2040.0,0.7933881434649334,0.38811957836151123,0.3740411102771759,0.4732142984867096,6752.0,1219.0
4,0.9671875238418579,0.9956107139587402,36.0,69.0,0.12492385290563107,0.9955759048461914,0.9577465057373047,0.9775000214576721,1531.0,1564.0,0.6823539733886719,0.7034466862678528,1348.0,2263.0,0.8754448307642712,0.37817832827568054,0.35176166892051697,0.4767080843448639,6529.0,1228.0
5,0.9750000238418579,0.9968093633651733,27.0,53.0,0.10788493979722262,0.9967889785766602,0.9674046635627747,0.9831249713897705,1547.0,1573.0,0.7054890990257263,0.7338675260543823,1193.0,2155.0,0.8166354268076217,0.40402594208717346,0.39089882373809814,0.5368788838386536,6637.0,1383.0
