,accuracy,auc,false_negatives,false_positives,loss,pr,precision,recall,true_negatives,true_positives,val_accuracy,val_auc,val_false_negatives,val_false_positives,val_loss,val_pr,val_precision,val_recall,val_true_negatives,val_true_positives
0,0.8987500071525574,0.9611271023750305,263.0,223.0,0.2529566678404808,0.961180567741394,0.9055084586143494,0.89041668176651,2177.0,2137.0,0.9957761168479919,0.0,0.0,16.0,0.01942078173140884,0.0,0.0,0.0,3772.0,0.0
1,0.9335416555404663,0.9838883876800537,147.0,172.0,0.16946923019985358,0.9836732149124146,0.9290721416473389,0.9387500286102295,2228.0,2253.0,0.9886483550071716,0.0,0.0,43.0,0.03439641371369362,0.0,0.0,0.0,3745.0,0.0
2,0.95291668176651,0.9904998540878296,110.0,116.0,0.1370248644798994,0.990737795829773,0.9517871737480164,0.9541666507720947,2284.0,2290.0,0.9754487872123718,0.0,0.0,93.0,0.06604088173929401,0.0,0.0,0.0,3695.0,0.0
3,0.9627083539962769,0.9939444661140442,76.0,103.0,0.11746493458747864,0.9938421249389648,0.9575607776641846,0.9683333039283752,2297.0,2324.0,0.97307288646698,0.0,0.0,102.0,0.06923316824599046,0.0,0.0,0.0,3686.0,0.0
4,0.9708333611488342,0.9960351586341858,76.0,64.0,0.10173754972716173,0.9961491227149963,0.9731993079185486,0.9683333039283752,2336.0,2324.0,0.9788807034492493,0.0,0.0,80.0,0.06050857008801657,0.0,0.0,0.0,3708.0,0.0
5,0.9768750071525574,0.9972834587097168,52.0,59.0,0.08853362082193295,0.9974098205566406,0.9754881858825684,0.9783333539962769,2341.0,2348.0,0.9788807034492493,0.0,0.0,80.0,0.05975639392201884,0.0,0.0,0.0,3708.0,0.0
