,accuracy,auc,false_negatives,false_positives,loss,precision,recall,true_negatives,true_positives,val_accuracy,val_auc,val_false_negatives,val_false_positives,val_loss,val_precision,val_recall,val_true_negatives,val_true_positives
0,0.8811363577842712,0.9510446190834045,268.0,255.0,0.31613511898300867,0.8834019303321838,0.8781818151473999,1945.0,1932.0,0.791436493396759,0.8115716576576233,1639.0,475.0,0.4834872262630297,0.7199292182922363,0.42692306637763977,6801.0,1221.0
1,0.8902272582054138,0.960523247718811,216.0,267.0,0.28449827627702196,0.8813860416412354,0.9018181562423706,1933.0,1984.0,0.7029399871826172,0.8730001449584961,250.0,2761.0,0.6502949529589869,0.4859430193901062,0.9125874042510986,4515.0,2610.0
2,0.9095454812049866,0.9661463499069214,184.0,214.0,0.26554394700310446,0.9040358662605286,0.9163636565208435,1986.0,2016.0,0.8001183867454529,0.8307714462280273,1405.0,621.0,0.45150585008025074,0.7008670568466187,0.5087412595748901,6655.0,1455.0
3,0.9077273011207581,0.9681965112686157,196.0,210.0,0.25510555223985154,0.9051490426063538,0.910909116268158,1990.0,2004.0,0.7814719676971436,0.8331356644630432,1192.0,1023.0,0.4589642608081062,0.6198439002037048,0.5832167863845825,6253.0,1668.0
4,0.9202272891998291,0.9740235209465027,161.0,190.0,0.23674731948158959,0.9147599935531616,0.9268181920051575,2010.0,2039.0,0.7672652006149292,0.8146747946739197,1221.0,1138.0,0.4882769344731777,0.5902052521705627,0.5730769038200378,6138.0,1639.0
5,0.9238636493682861,0.9771268963813782,155.0,180.0,0.2250477596033703,0.9191011190414429,0.9295454621315002,2020.0,2045.0,0.7648974061012268,0.8605859279632568,451.0,1932.0,0.5329815919180978,0.5549412369728088,0.8423076868057251,5344.0,2409.0
6,0.9277272820472717,0.9789077043533325,147.0,171.0,0.21589998218146236,0.9231114983558655,0.9331818222999573,2029.0,2053.0,0.752663791179657,0.8516993522644043,488.0,2019.0,0.5770652757071094,0.540195882320404,0.8293706178665161,5257.0,2372.0
7,0.9313636422157288,0.9815698266029358,134.0,168.0,0.20702252290465614,0.9247985482215881,0.9390909075737,2032.0,2066.0,0.7858129143714905,0.8563289046287537,681.0,1490.0,0.4988413727132937,0.5938947796821594,0.7618880867958069,5786.0,2179.0
