,accuracy,auc,false_negatives,false_positives,loss,precision,recall,true_negatives,true_positives,val_accuracy,val_auc,val_false_negatives,val_false_positives,val_loss,val_precision,val_recall,val_true_negatives,val_true_positives
0,0.8995833396911621,0.9588627219200134,235.0,247.0,0.282319475710392,0.8975953459739685,0.9020833373069763,2153.0,2165.0,0.5544871687889099,0.9554868936538696,7.0,827.0,0.8176641234984765,0.1795634925365448,0.9627659320831299,857.0,181.0
1,0.9072916507720947,0.963438868522644,222.0,223.0,0.2693711753686269,0.907122015953064,0.9075000286102295,2177.0,2178.0,0.8878205418586731,0.9614534974098206,18.0,192.0,0.3072692593957624,0.469613254070282,0.9042553305625916,1492.0,170.0
2,0.9114583134651184,0.9686573147773743,210.0,215.0,0.2544411329428355,0.9106029272079468,0.9125000238418579,2185.0,2190.0,0.6025640964508057,0.9571815133094788,8.0,736.0,0.7374144211793557,0.1965065449476242,0.957446813583374,948.0,180.0
3,0.9122916460037231,0.9684810042381287,202.0,219.0,0.25239054078857104,0.9093918204307556,0.9158333539962769,2181.0,2198.0,0.49145299196243286,0.9548693299293518,5.0,947.0,0.9196578620845436,0.16194690763950348,0.9734042286872864,737.0,183.0
4,0.9129166603088379,0.9739324450492859,207.0,211.0,0.23469824468096098,0.912229597568512,0.9137499928474426,2189.0,2193.0,0.7975427508354187,0.9534542560577393,11.0,368.0,0.45697381812283117,0.32477062940597534,0.9414893388748169,1316.0,177.0
5,0.9166666865348816,0.973786473274231,198.0,202.0,0.23264465505878132,0.9159733653068542,0.9175000190734863,2198.0,2202.0,0.7825854420661926,0.9530057907104492,11.0,396.0,0.4839325139665196,0.30890053510665894,0.9414893388748169,1288.0,177.0
6,0.9285416603088379,0.976653516292572,160.0,183.0,0.22249304478367168,0.9244738221168518,0.9333333373069763,2217.0,2240.0,0.6319444179534912,0.9547935724258423,8.0,681.0,0.701795012013525,0.2090592384338379,0.957446813583374,1003.0,180.0
