,accuracy,auc,false_negatives,false_positives,loss,precision,recall,true_negatives,true_positives,val_accuracy,val_auc,val_false_negatives,val_false_positives,val_loss,val_precision,val_recall,val_true_negatives,val_true_positives
0,0.8710416555404663,0.9425966143608093,328.0,291.0,0.30759915967782336,0.8768514394760132,0.8633333444595337,2109.0,2072.0,0.7518876791000366,0.3833904564380646,1084.0,1019.0,0.7798948388945781,0.01163918524980545,0.010948904789984226,6361.0,12.0
1,0.9314583539962769,0.9816854596138,144.0,185.0,0.1988187890748183,0.9242113828659058,0.9399999976158142,2215.0,2256.0,0.7098867297172546,0.3884568512439728,1061.0,1398.0,0.8296459325083363,0.02442428469657898,0.031934306025505066,5982.0,35.0
2,0.9479166865348816,0.9896337985992432,118.0,132.0,0.16314020092288653,0.9453189969062805,0.9508333206176758,2268.0,2282.0,0.7168475985527039,0.4051209092140198,1042.0,1358.0,0.7993013140389018,0.038243625313043594,0.04927007481455803,6022.0,54.0
3,0.9618750214576721,0.9930340051651001,75.0,108.0,0.1414933534959952,0.9556103348731995,0.96875,2292.0,2325.0,0.7433931231498718,0.4005257487297058,1062.0,1113.0,0.7534047546618499,0.02964254654943943,0.031021898612380028,6267.0,34.0
4,0.9710416793823242,0.9961902499198914,61.0,78.0,0.1203118612865607,0.9677286148071289,0.9745833277702332,2322.0,2339.0,0.7176734209060669,0.33405137062072754,1074.0,1319.0,0.91244308658229,0.01640566810965538,0.020072992891073227,6061.0,22.0
5,0.9764583110809326,0.9976041316986084,48.0,65.0,0.10552952883144219,0.9731071591377258,0.9800000190734863,2335.0,2352.0,0.7169655561447144,0.39736539125442505,1063.0,1336.0,0.8374989349192862,0.024105185642838478,0.03010948933660984,6044.0,33.0
6,0.9816666841506958,0.9983768463134766,39.0,49.0,0.09764798959096273,0.9796680212020874,0.9837499856948853,2351.0,2361.0,0.726875901222229,0.3889481723308563,1057.0,1258.0,0.817363075205266,0.030069390311837196,0.035583943128585815,6122.0,39.0
7,0.9879166483879089,0.9991041421890259,26.0,32.0,0.08632209812601407,0.9866999387741089,0.9891666769981384,2368.0,2374.0,0.7227465510368347,0.3897950053215027,1050.0,1300.0,0.8395302000052527,0.0341753326356411,0.04197080433368683,6080.0,46.0
8,0.987500011920929,0.9993217587471008,25.0,35.0,0.08166549439231555,0.9854771494865417,0.9895833134651184,2365.0,2375.0,0.72711181640625,0.39820680022239685,1062.0,1251.0,0.8278054123557137,0.026459144428372383,0.031021898612380028,6129.0,34.0
