,accuracy,auc,false_negatives,false_positives,loss,precision,recall,true_negatives,true_positives,val_accuracy,val_auc,val_false_negatives,val_false_positives,val_loss,val_precision,val_recall,val_true_negatives,val_true_positives
0,0.9474999904632568,0.9846062064170837,121.0,131.0,0.15477871083964903,0.9456431269645691,0.9495833516120911,2269.0,2279.0,0.68482905626297,0.9288374781608582,15.0,575.0,0.7344911378672999,0.23128342628479004,0.9202127456665039,1109.0,173.0
1,0.9679166674613953,0.9925825595855713,65.0,89.0,0.11354703410218159,0.9632838368415833,0.9729166626930237,2311.0,2335.0,0.5625,0.9306409955024719,9.0,810.0,1.0019005689865503,0.18099090456962585,0.9521276354789734,874.0,179.0
2,0.9793750047683716,0.9967309832572937,47.0,52.0,0.08646259551246961,0.9783783555030823,0.9804166555404663,2348.0,2353.0,0.5395299196243286,0.9368714094161987,7.0,855.0,1.07328545435881,0.17471042275428772,0.9627659320831299,829.0,181.0
3,0.981041669845581,0.9978461861610413,47.0,44.0,0.07697383794933557,0.9816437363624573,0.9804166555404663,2356.0,2353.0,0.6185897588729858,0.9419915080070496,9.0,705.0,0.8815937246012892,0.20248869061470032,0.9521276354789734,979.0,179.0
4,0.9895833134651184,0.9986699819564819,24.0,26.0,0.06283645115792752,0.9891756772994995,0.9900000095367432,2374.0,2376.0,0.6143162250518799,0.9432408213615417,8.0,714.0,0.8440243097452017,0.20134228467941284,0.957446813583374,970.0,180.0
5,0.9935416579246521,0.9990174174308777,14.0,17.0,0.054583102191487945,0.9929255247116089,0.9941666722297668,2383.0,2386.0,0.6308760643005371,0.9358370304107666,10.0,681.0,0.8387960572528024,0.20721769332885742,0.9468085169792175,1003.0,178.0
