,accuracy,auc,false_negatives,false_positives,loss,precision,recall,true_negatives,true_positives,val_accuracy,val_auc,val_false_negatives,val_false_positives,val_loss,val_precision,val_recall,val_true_negatives,val_true_positives
0,0.9156249761581421,0.9687898755073547,192.0,213.0,0.24584852889180184,0.9120198488235474,0.9200000166893005,2187.0,2208.0,0.752136766910553,0.9453286528587341,12.0,452.0,0.5384079948959187,0.2802547812461853,0.936170220375061,1232.0,176.0
1,0.9272916913032532,0.9771583080291748,171.0,178.0,0.2190312007566293,0.926048994064331,0.9287499785423279,2222.0,2229.0,0.6527777910232544,0.950094997882843,10.0,640.0,0.674789339558691,0.2176039069890976,0.9468085169792175,1044.0,178.0
2,0.9362499713897705,0.9824864268302917,151.0,155.0,0.20063765347003937,0.9355241060256958,0.9370833039283752,2245.0,2249.0,0.6260683536529541,0.9541144967079163,7.0,693.0,0.6954036242941506,0.20709381997585297,0.9627659320831299,991.0,181.0
3,0.93729168176651,0.981905460357666,138.0,163.0,0.20052610829472542,0.9327834844589233,0.9424999952316284,2237.0,2262.0,0.6185897588729858,0.9530089497566223,6.0,708.0,0.7401389438881834,0.2044943869113922,0.9680851101875305,976.0,182.0
4,0.9466666579246521,0.9869036078453064,111.0,145.0,0.18139565964539847,0.940427303314209,0.9537500143051147,2255.0,2289.0,0.5779914259910583,0.9560917615890503,5.0,785.0,0.8038215688151172,0.1890495866537094,0.9734042286872864,899.0,183.0
5,0.9541666507720947,0.9890091419219971,112.0,108.0,0.17133151784539222,0.9549248814582825,0.95333331823349,2292.0,2288.0,0.6239316463470459,0.9583090543746948,4.0,700.0,0.731279160731878,0.20814479887485504,0.978723406791687,984.0,184.0
