,accuracy,auc,false_negatives,false_positives,loss,precision,recall,true_negatives,true_positives,val_accuracy,val_auc,val_false_negatives,val_false_positives,val_loss,val_precision,val_recall,val_true_negatives,val_true_positives
0,0.9108333587646484,0.9662147760391235,219.0,209.0,0.23496521857877573,0.9125522971153259,0.9087499976158142,2191.0,2181.0,0.8711212873458862,0.8508511781692505,364.0,367.0,0.32278468469302307,0.5540704727172852,0.5560975670814514,4485.0,456.0
1,0.9518749713897705,0.9900600910186768,122.0,109.0,0.14565496089557806,0.9543359875679016,0.9491666555404663,2291.0,2278.0,0.852785587310791,0.8562140464782715,267.0,568.0,0.35448592052136896,0.49330955743789673,0.6743902564048767,4284.0,553.0
2,0.9683333039283752,0.9955078363418579,69.0,83.0,0.11528624174495539,0.9656172394752502,0.9712499976158142,2317.0,2331.0,0.848906934261322,0.8537507057189941,253.0,604.0,0.36575462928695973,0.4842015504837036,0.6914634108543396,4248.0,567.0
3,0.9797916412353516,0.9975057244300842,48.0,49.0,0.0985233743985494,0.9795918464660645,0.9800000190734863,2351.0,2352.0,0.860366702079773,0.8624500632286072,286.0,506.0,0.3360771282939884,0.5134615302085876,0.6512194871902466,4346.0,534.0
4,0.9822916388511658,0.9987101554870605,50.0,35.0,0.08170637119561434,0.9853249192237854,0.9791666865348816,2365.0,2350.0,0.8577221632003784,0.846293032169342,331.0,476.0,0.34832347931579405,0.5067357420921326,0.5963414907455444,4376.0,489.0
5,0.9910416603088379,0.9994471669197083,19.0,24.0,0.06883048924307028,0.9900208115577698,0.9920833110809326,2376.0,2381.0,0.8496121168136597,0.8324798345565796,353.0,500.0,0.3664491528432359,0.48293691873550415,0.5695121884346008,4352.0,467.0
