,accuracy,auc,false_negatives,false_positives,loss,precision,recall,true_negatives,true_positives,val_accuracy,val_auc,val_false_negatives,val_false_positives,val_loss,val_precision,val_recall,val_true_negatives,val_true_positives
0,0.6634374856948853,0.725921094417572,657.0,420.0,0.6142870411276817,0.6918562054634094,0.5893750190734863,1180.0,943.0,0.7733989953994751,0.5860614776611328,2576.0,0.0,0.6458896039490294,0.0,0.0,8792.0,0.0
1,0.8431249856948853,0.9143328070640564,253.0,249.0,0.43686479032039643,0.8439849615097046,0.8418750166893005,1351.0,1347.0,0.7733989953994751,0.6381625533103943,2576.0,0.0,0.5741120424176672,0.0,0.0,8792.0,0.0
2,0.8862500190734863,0.9558597803115845,162.0,202.0,0.3535043290257454,0.8768292665481567,0.8987500071525574,1398.0,1438.0,0.7740147709846497,0.6356036067008972,2517.0,52.0,0.5492493875592129,0.5315315127372742,0.022903727367520332,8740.0,59.0
3,0.9121875166893005,0.9720655083656311,108.0,173.0,0.30260261610150335,0.8960961103439331,0.9325000047683716,1427.0,1492.0,0.7494722008705139,0.6892582774162292,2140.0,708.0,0.5338292311481151,0.38111889362335205,0.16925466060638428,8084.0,436.0
4,0.9318749904632568,0.9833466410636902,81.0,137.0,0.26027209505438803,0.9172705411911011,0.9493749737739563,1463.0,1519.0,0.6940534710884094,0.6794708967208862,1578.0,1900.0,0.5804647680825537,0.3443754315376282,0.3874223530292511,6892.0,998.0
5,0.9465625286102295,0.9886305332183838,68.0,103.0,0.23329048380255699,0.9370030760765076,0.9574999809265137,1497.0,1532.0,0.6749647855758667,0.6505963206291199,1530.0,2165.0,0.5997962663913595,0.32575520873069763,0.40605589747428894,6627.0,1046.0
6,0.9609375,0.9923703074455261,45.0,80.0,0.20631151422858238,0.9510703086853027,0.971875011920929,1520.0,1555.0,0.6503342986106873,0.6470432877540588,1411.0,2564.0,0.629466255477916,0.3124161958694458,0.4522515535354614,6228.0,1165.0
7,0.9678124785423279,0.9953644275665283,35.0,68.0,0.1835434550791979,0.9583588242530823,0.9781249761581421,1532.0,1565.0,0.6432089805603027,0.6279881000518799,1535.0,2521.0,0.6451426773822954,0.2922515571117401,0.40411490201950073,6271.0,1041.0
8,0.9696875214576721,0.9968730807304382,29.0,68.0,0.16756530053913593,0.9585112929344177,0.9818750023841858,1532.0,1571.0,0.6576354503631592,0.6440694332122803,1547.0,2345.0,0.6373655884975619,0.30497926473617554,0.39945653080940247,6447.0,1029.0
