,accuracy,auc,false_negatives,false_positives,loss,precision,recall,true_negatives,true_positives,val_accuracy,val_auc,val_false_negatives,val_false_positives,val_loss,val_precision,val_recall,val_true_negatives,val_true_positives
0,0.8991666436195374,0.9634258151054382,264.0,220.0,0.251589515209198,0.9066213965415955,0.8899999856948853,2180.0,2136.0,0.9923442602157593,0.0,0.0,29.0,0.04017925659959709,0.0,0.0,3759.0,0.0
1,0.9306250214576721,0.982783854007721,166.0,167.0,0.19153394902745882,0.930445671081543,0.9308333396911621,2233.0,2234.0,0.9873284101486206,0.0,0.0,48.0,0.0433662474281307,0.0,0.0,3740.0,0.0
2,0.9470833539962769,0.9877434968948364,132.0,122.0,0.16871640250086783,0.9489539861679077,0.9449999928474426,2278.0,2268.0,0.9918162822723389,0.0,0.0,31.0,0.03730718203778,0.0,0.0,3757.0,0.0
3,0.949999988079071,0.9911261796951294,126.0,114.0,0.1531823060164849,0.9522613286972046,0.9474999904632568,2286.0,2274.0,0.9894403219223022,0.0,0.0,40.0,0.051809894674336644,0.0,0.0,3748.0,0.0
4,0.9577083587646484,0.9937913417816162,103.0,100.0,0.13892823415497937,0.9582811594009399,0.9570833444595337,2300.0,2297.0,0.9854804873466492,0.0,0.0,55.0,0.04941038766122544,0.0,0.0,3733.0,0.0
5,0.9693750143051147,0.9954595565795898,69.0,78.0,0.12580203754206498,0.9676214456558228,0.9712499976158142,2322.0,2331.0,0.9844244718551636,0.0,0.0,59.0,0.061909593124465805,0.0,0.0,3729.0,0.0
6,0.9756249785423279,0.9966616630554199,57.0,60.0,0.11282507156332335,0.9750311970710754,0.9762499928474426,2340.0,2343.0,0.9844244718551636,0.0,0.0,59.0,0.05880944083475261,0.0,0.0,3729.0,0.0
7,0.9772916436195374,0.9975956082344055,56.0,53.0,0.1054218262930711,0.9778890013694763,0.9766666889190674,2347.0,2344.0,0.985216498374939,0.0,0.0,56.0,0.051732811294968116,0.0,0.0,3732.0,0.0
