,accuracy,auc,false_negatives,false_positives,loss,precision,recall,true_negatives,true_positives,val_accuracy,val_auc,val_false_negatives,val_false_positives,val_loss,val_precision,val_recall,val_true_negatives,val_true_positives
0,0.9347727298736572,0.9774700403213501,161.0,126.0,0.19111998520114204,0.9418013691902161,0.9268181920051575,2074.0,2039.0,0.7066890001296997,0.7082256078720093,1349.0,1624.0,0.7409971961376699,0.4819776713848114,0.5283216834068298,5652.0,1511.0
1,0.9538636207580566,0.9884774088859558,104.0,99.0,0.1478070963106372,0.9548975229263306,0.9527272582054138,2101.0,2096.0,0.725335419178009,0.7529162764549255,1379.0,1405.0,0.6511048672701678,0.5131670236587524,0.5178321599960327,5871.0,1481.0
2,0.9615908861160278,0.9932491183280945,89.0,80.0,0.12649055575782603,0.9634869694709778,0.9595454335212708,2120.0,2111.0,0.7284924983978271,0.7329993844032288,1521.0,1231.0,0.6755308047842584,0.5210116505622864,0.4681818187236786,6045.0,1339.0
3,0.9700000286102295,0.9945521950721741,60.0,72.0,0.11553445615551688,0.9674502611160278,0.9727272987365723,2128.0,2140.0,0.7379636764526367,0.7694655656814575,1506.0,1150.0,0.6332471357524724,0.5407348275184631,0.47342658042907715,6126.0,1354.0
4,0.9731818437576294,0.9969684481620789,56.0,62.0,0.10255164880644191,0.9718948602676392,0.9745454788208008,2138.0,2144.0,0.7362865209579468,0.7311442494392395,1613.0,1060.0,0.6865083884797702,0.5405288338661194,0.43601399660110474,6216.0,1247.0
5,0.9804545640945435,0.9980140328407288,38.0,48.0,0.08985337555408478,0.9782805442810059,0.9827272891998291,2152.0,2162.0,0.7405288219451904,0.7253732681274414,1595.0,1035.0,0.6918877277114586,0.550000011920929,0.4423076808452606,6241.0,1265.0
6,0.9820454716682434,0.9981831312179565,38.0,41.0,0.08715780790556561,0.9813889861106873,0.9827272891998291,2159.0,2162.0,0.7402328252792358,0.6958197355270386,1697.0,936.0,0.7543340802616083,0.5540733933448792,0.4066433608531952,6340.0,1163.0
7,0.9834091067314148,0.9988043904304504,34.0,39.0,0.07839470153505151,0.9823129177093506,0.9845454692840576,2161.0,2166.0,0.7328334450721741,0.7344967722892761,1592.0,1116.0,0.6928267856705537,0.531879186630249,0.44335663318634033,6160.0,1268.0
8,0.9870454668998718,0.9993637204170227,24.0,33.0,0.07240059434012933,0.9850611090660095,0.9890909194946289,2167.0,2176.0,0.73638516664505,0.716957151889801,1634.0,1038.0,0.7190158793374885,0.5415194630622864,0.42867133021354675,6238.0,1226.0
