,accuracy,auc,false_negatives,false_positives,loss,precision,recall,true_negatives,true_positives,val_accuracy,val_auc,val_false_negatives,val_false_positives,val_loss,val_precision,val_recall,val_true_negatives,val_true_positives
0,0.8288636207580566,0.9101557731628418,372.0,381.0,0.4073792664571242,0.8275237679481506,0.8309090733528137,1819.0,1828.0,0.7044928669929504,0.5281204581260681,1265.0,1800.0,0.5607501526298184,0.1631799191236496,0.21720297634601593,6956.0,351.0
1,0.892727255821228,0.9600608348846436,212.0,260.0,0.3134836091778495,0.8843416571617126,0.9036363363265991,1940.0,1988.0,0.6726764440536499,0.5342808365821838,1226.0,2169.0,0.6271055782572257,0.15240328013896942,0.2413366287946701,6587.0,390.0
2,0.9261363744735718,0.9778679609298706,126.0,199.0,0.2602012187242508,0.9124504923820496,0.942727267742157,2001.0,2074.0,0.6644812822341919,0.5018294453620911,1263.0,2217.0,0.6625721131426645,0.13735409080982208,0.21844059228897095,6539.0,353.0
3,0.9395454525947571,0.9859474301338196,102.0,164.0,0.22909348151900552,0.9274978041648865,0.9536363482475281,2036.0,2098.0,0.6579251885414124,0.5591865181922913,1162.0,2386.0,0.6875925741621394,0.15985915064811707,0.28094059228897095,6370.0,454.0
4,0.9520454406738281,0.9900323748588562,90.0,121.0,0.20255235942927274,0.9457642436027527,0.9590908885002136,2079.0,2110.0,0.6836675405502319,0.5746124386787415,1221.0,2060.0,0.6505030882988388,0.16089613735675812,0.24443069100379944,6696.0,395.0
5,0.9518181681632996,0.9912258982658386,91.0,121.0,0.18914443102749912,0.9457399249076843,0.9586363434791565,2079.0,2109.0,0.6880061626434326,0.5345887541770935,1252.0,1984.0,0.6753427525353717,0.15502555668354034,0.22524753212928772,6772.0,364.0
