,accuracy,auc,false_negatives,false_positives,loss,precision,recall,true_negatives,true_positives,val_accuracy,val_auc,val_false_negatives,val_false_positives,val_loss,val_precision,val_recall,val_true_negatives,val_true_positives
0,0.8500000238418579,0.9297318458557129,390.0,330.0,0.3526461578408877,0.8589743375778198,0.8374999761581421,2070.0,2010.0,0.9276663064956665,0.0,0.0,274.0,0.2809015303818704,0.0,0.0,3514.0,0.0
1,0.8754166960716248,0.9500454664230347,310.0,288.0,0.31408033599456153,0.878889799118042,0.8708333373069763,2112.0,2090.0,0.9889123439788818,0.0,0.0,42.0,0.0882905928423941,0.0,0.0,3746.0,0.0
2,0.8914583325386047,0.959379255771637,276.0,245.0,0.29002919058005017,0.8965808153152466,0.8849999904632568,2155.0,2124.0,0.9292502403259277,0.0,0.0,268.0,0.2609672697601248,0.0,0.0,3520.0,0.0
3,0.9024999737739563,0.9652543663978577,234.0,234.0,0.2730689623951912,0.9024999737739563,0.9024999737739563,2166.0,2166.0,0.9794086813926697,0.0,0.0,78.0,0.10859992925506459,0.0,0.0,3710.0,0.0
4,0.9100000262260437,0.9685806035995483,220.0,212.0,0.262277806699276,0.9113712310791016,0.9083333611488342,2188.0,2180.0,0.975712776184082,0.0,0.0,92.0,0.10736294712678558,0.0,0.0,3696.0,0.0
5,0.9108333587646484,0.9721723198890686,225.0,203.0,0.24946750024954478,0.9146341681480408,0.90625,2197.0,2175.0,0.960929274559021,0.0,0.0,148.0,0.17393670895126076,0.0,0.0,3640.0,0.0
6,0.9168750047683716,0.9748584628105164,207.0,192.0,0.23940014565984408,0.9194968342781067,0.9137499928474426,2208.0,2193.0,0.9448257684707642,0.0,0.0,209.0,0.2010952023889598,0.0,0.0,3579.0,0.0
