,accuracy,auc,false_negatives,false_positives,loss,precision,recall,true_negatives,true_positives,val_accuracy,val_auc,val_false_negatives,val_false_positives,val_loss,val_precision,val_recall,val_true_negatives,val_true_positives
0,0.9545833468437195,0.9898165464401245,82.0,136.0,0.12911702739695707,0.9445802569389343,0.965833306312561,2264.0,2318.0,0.8550469279289246,0.5710667371749878,148.0,346.0,0.8075651350155683,0.14778324961662292,0.2884615361690521,2854.0,60.0
1,0.9745833277702332,0.9965307712554932,42.0,80.0,0.09046251793702444,0.9671862125396729,0.9825000166893005,2320.0,2358.0,0.8321596384048462,0.5710441470146179,137.0,435.0,0.8710669157370715,0.1403162032365799,0.3413461446762085,2765.0,71.0
2,0.9850000143051147,0.9987033605575562,21.0,51.0,0.0696280341471235,0.9790123701095581,0.9912499785423279,2349.0,2379.0,0.8163145780563354,0.5684421062469482,136.0,490.0,0.9110647701601468,0.12811388075351715,0.3461538553237915,2710.0,72.0
3,0.9893749952316284,0.9990879893302917,19.0,32.0,0.0638895748804013,0.9867385029792786,0.9920833110809326,2368.0,2381.0,0.8485915660858154,0.5658068060874939,148.0,368.0,0.8348310436581222,0.14018692076206207,0.2884615361690521,2832.0,60.0
4,0.9906250238418579,0.9995260834693909,22.0,23.0,0.05498009112974008,0.9904206395149231,0.9908333420753479,2377.0,2378.0,0.8230633735656738,0.5680978894233704,136.0,467.0,0.9119589516954243,0.13358069956302643,0.3461538553237915,2733.0,72.0
5,0.9929166436195374,0.999751627445221,18.0,16.0,0.05089212356135249,0.993327796459198,0.9925000071525574,2384.0,2382.0,0.8195422291755676,0.5660163760185242,138.0,477.0,0.9201831080264329,0.12797075510025024,0.3365384638309479,2723.0,70.0
