,accuracy,auc,false_negatives,false_positives,loss,precision,recall,true_negatives,true_positives,val_accuracy,val_auc,val_false_negatives,val_false_positives,val_loss,val_precision,val_recall,val_true_negatives,val_true_positives
0,0.8297727108001709,0.9117514491081238,382.0,367.0,0.3926022354039279,0.8320366144180298,0.8263636231422424,1833.0,1818.0,0.9081801176071167,0.737156867980957,774.0,5.0,0.3110431665936656,0.7368420958518982,0.017766498029232025,7691.0,14.0
1,0.864545464515686,0.9433725476264954,288.0,308.0,0.33561777288263495,0.861261248588562,0.8690909147262573,1892.0,1912.0,0.9088873267173767,0.7649890780448914,606.0,167.0,0.27443781670161865,0.5214899778366089,0.23096446692943573,7529.0,182.0
2,0.8863636255264282,0.9579415917396545,245.0,255.0,0.29873577605594287,0.8846153616905212,0.8886363506317139,1945.0,1955.0,0.8580858111381531,0.7861058115959167,390.0,814.0,0.355149332895868,0.32838284969329834,0.5050761699676514,6882.0,398.0
3,0.9004545211791992,0.9636417031288147,209.0,229.0,0.2796154377677224,0.8968468308448792,0.9049999713897705,1971.0,1991.0,0.8432343006134033,0.7795659303665161,369.0,961.0,0.37827796780911327,0.3036231994628906,0.5317258834838867,6735.0,419.0
4,0.9072727560997009,0.9693611264228821,194.0,214.0,0.25996090536767785,0.9036036133766174,0.9118182063102722,1986.0,2006.0,0.8908533453941345,0.730524480342865,519.0,407.0,0.3154226633413172,0.39792898297309875,0.341370552778244,7289.0,269.0
5,0.9134091138839722,0.9730342030525208,178.0,203.0,0.2446849652853879,0.9087640643119812,0.9190909266471863,1997.0,2022.0,0.9001650214195251,0.7606099843978882,487.0,360.0,0.3037853005119564,0.4553706645965576,0.38197970390319824,7336.0,301.0
6,0.9245454668998718,0.9784532785415649,140.0,192.0,0.2280759463526986,0.9147424697875977,0.9363636374473572,2008.0,2060.0,0.8623290657997131,0.7706441283226013,409.0,759.0,0.3417306849833987,0.33304041624069214,0.4809644818305969,6937.0,379.0
