,accuracy,auc,false_negatives,false_positives,loss,precision,recall,true_negatives,true_positives,val_accuracy,val_auc,val_false_negatives,val_false_positives,val_loss,val_precision,val_recall,val_true_negatives,val_true_positives
0,0.9339583516120911,0.9750552177429199,149.0,168.0,0.21001051103075347,0.9305498003959656,0.9379166960716248,2232.0,2251.0,0.6340811848640442,0.9551963210105896,8.0,677.0,0.7350202197702522,0.21003501117229462,0.957446813583374,1007.0,180.0
1,0.9397916793823242,0.9831875562667847,120.0,169.0,0.1801185394078493,0.9309922456741333,0.949999988079071,2231.0,2280.0,0.6079059839248657,0.957115113735199,6.0,728.0,0.794641447882367,0.20000000298023224,0.9680851101875305,956.0,182.0
2,0.9527083039283752,0.9870960712432861,110.0,117.0,0.16436869765321413,0.9513917565345764,0.9541666507720947,2283.0,2290.0,0.504807710647583,0.9554773569107056,3.0,924.0,1.0330662523579395,0.16681694984436035,0.9840425252914429,760.0,185.0
3,0.9606249928474426,0.9904192090034485,82.0,107.0,0.14785033384958904,0.9558762907981873,0.965833306312561,2293.0,2318.0,0.6517093777656555,0.964465320110321,4.0,648.0,0.6726904231258947,0.2211538404226303,0.978723406791687,1036.0,184.0
4,0.9683333039283752,0.9929064512252808,58.0,94.0,0.13304782939453919,0.9614121317863464,0.9758333563804626,2306.0,2342.0,0.564636766910553,0.9605137705802917,3.0,812.0,0.8579399524590908,0.18555666506290436,0.9840425252914429,872.0,185.0
5,0.9710416793823242,0.9942153096199036,49.0,90.0,0.12431786820292473,0.9631298780441284,0.9795833230018616,2310.0,2351.0,0.5128205418586731,0.9535505771636963,3.0,909.0,0.9992151800383869,0.16910420358181,0.9840425252914429,775.0,185.0
6,0.9741666913032532,0.9952533841133118,45.0,79.0,0.11474190580348174,0.9675431251525879,0.981249988079071,2321.0,2355.0,0.5827991366386414,0.9579364657402039,4.0,777.0,0.7979034358619624,0.19146722555160522,0.978723406791687,907.0,184.0
7,0.9779166579246521,0.9956984519958496,44.0,62.0,0.10892007512350878,0.9743589758872986,0.9816666841506958,2338.0,2356.0,0.5518162250518799,0.9535174369812012,5.0,834.0,0.9073104532355936,0.17994099855422974,0.9734042286872864,850.0,183.0
8,0.9800000190734863,0.9963697791099548,35.0,61.0,0.10132221904893716,0.9748557209968567,0.9854166507720947,2339.0,2365.0,0.5016025900840759,0.9496891498565674,5.0,928.0,1.0384382335548727,0.1647164672613144,0.9734042286872864,756.0,183.0
