,accuracy,auc,false_negatives,false_positives,loss,pr,precision,recall,true_negatives,true_positives,val_accuracy,val_auc,val_false_negatives,val_false_positives,val_loss,val_pr,val_precision,val_recall,val_true_negatives,val_true_positives
0,0.932272732257843,0.9796964526176453,160.0,138.0,0.1862687559561296,0.9813206195831299,0.936639130115509,0.9272727370262146,2062.0,2040.0,0.7229676246643066,0.7888194918632507,1187.0,1621.0,0.6130289203930579,0.6287555694580078,0.5078931450843811,0.5849650502204895,5655.0,1673.0
1,0.9574999809265137,0.9910439848899841,90.0,97.0,0.13590044123205272,0.990777313709259,0.9560489058494568,0.9590908885002136,2103.0,2110.0,0.7604577541351318,0.8246397972106934,1238.0,1190.0,0.5321412746983433,0.6587548851966858,0.5768136382102966,0.5671328902244568,6086.0,1622.0
2,0.9672726988792419,0.9952777028083801,63.0,81.0,0.11355562424117868,0.9950120449066162,0.9634805917739868,0.9713636636734009,2119.0,2137.0,0.7682517766952515,0.8400785326957703,1189.0,1160.0,0.5010904409608788,0.6771308779716492,0.5902507901191711,0.5842657089233398,6116.0,1671.0
3,0.9743182063102722,0.9972065091133118,52.0,61.0,0.09600199551744895,0.9972126483917236,0.9723857045173645,0.9763636589050293,2139.0,2148.0,0.7651933431625366,0.8439693450927734,855.0,1525.0,0.5335039502067084,0.6724236607551575,0.5679886937141418,0.7010489702224731,5751.0,2005.0
4,0.9775000214576721,0.9979183077812195,46.0,53.0,0.08798094294287942,0.997824490070343,0.9759855270385742,0.9790909290313721,2147.0,2154.0,0.7668705582618713,0.8247944116592407,1355.0,1008.0,0.5449009842070991,0.6529752016067505,0.5988857746124268,0.5262237787246704,6268.0,1505.0
5,0.9850000143051147,0.9989137053489685,26.0,40.0,0.07525058070367033,0.9989360570907593,0.9819331765174866,0.9881818294525146,2160.0,2174.0,0.7514798641204834,0.8117152452468872,1218.0,1301.0,0.5751858586952643,0.6549520492553711,0.5579341053962708,0.5741258859634399,5975.0,1642.0
6,0.9861363768577576,0.9992648959159851,28.0,33.0,0.0683500558544289,0.9992884993553162,0.9850339889526367,0.9872727394104004,2167.0,2172.0,0.7593725323677063,0.8268924951553345,1161.0,1278.0,0.5508756483739629,0.66419917345047,0.5707087516784668,0.5940559506416321,5998.0,1699.0
7,0.9897727370262146,0.9992867708206177,22.0,23.0,0.063220972947099,0.9992773532867432,0.9895502328872681,0.9900000095367432,2177.0,2178.0,0.7424033284187317,0.7952685356140137,1245.0,1366.0,0.6154789553445065,0.6345635652542114,0.541764497756958,0.5646852850914001,5910.0,1615.0
