,accuracy,auc,false_negatives,false_positives,loss,pr,precision,recall,true_negatives,true_positives,val_accuracy,val_auc,val_false_negatives,val_false_positives,val_loss,val_pr,val_precision,val_recall,val_true_negatives,val_true_positives
0,0.8561363816261292,0.9317643046379089,311.0,322.0,0.33631628881801257,0.927152156829834,0.8543645143508911,0.8586363792419434,1878.0,1889.0,0.811222493648529,0.7284564971923828,996.0,962.0,0.45594036764426843,0.44435590505599976,0.3919089734554291,0.3836633563041687,7794.0,620.0
1,0.9106818437576294,0.9702653288841248,156.0,237.0,0.239089668284763,0.9667718410491943,0.8960981965065002,0.9290909171104431,1963.0,2044.0,0.7818164229393005,0.7678837776184082,855.0,1408.0,0.47225324444492905,0.4675256907939911,0.35085293650627136,0.47091585397720337,7348.0,761.0
2,0.9336363673210144,0.9832620024681091,108.0,184.0,0.19357513032176277,0.9827619791030884,0.9191564321517944,0.9509090781211853,2016.0,2092.0,0.7992672324180603,0.7397424578666687,926.0,1156.0,0.48651481287717685,0.44290998578071594,0.37378114461898804,0.426980197429657,7600.0,690.0
3,0.9488636255264282,0.9899343848228455,87.0,138.0,0.16058852417902514,0.9898856282234192,0.9386939406394958,0.960454523563385,2062.0,2113.0,0.7870227694511414,0.7566459774971008,986.0,1223.0,0.5059527810194271,0.42719385027885437,0.33998921513557434,0.38985148072242737,7533.0,630.0
4,0.9643181562423706,0.9939250946044922,54.0,103.0,0.1381214161894538,0.9939870834350586,0.954201877117157,0.975454568862915,2097.0,2146.0,0.7698611617088318,0.7426679134368896,936.0,1451.0,0.5485077816860106,0.41766148805618286,0.3190990090370178,0.4207920730113983,7305.0,680.0
5,0.9659090638160706,0.995388388633728,61.0,89.0,0.12114066955718127,0.9952085018157959,0.9600538611412048,0.9722727537155151,2111.0,2139.0,0.7717894315719604,0.7440568804740906,953.0,1414.0,0.5511755716146142,0.4229300022125244,0.319210410118103,0.4102722704410553,7342.0,663.0
