,accuracy,auc,false_negatives,false_positives,loss,pr,precision,recall,true_negatives,true_positives,val_accuracy,val_auc,val_false_negatives,val_false_positives,val_loss,val_pr,val_precision,val_recall,val_true_negatives,val_true_positives
0,0.8983333110809326,0.9558765888214111,245.0,243.0,0.26840639621019363,0.9571918249130249,0.8986655473709106,0.8979166746139526,2157.0,2155.0,0.8995063304901123,0.9106346368789673,286.0,284.0,0.24856095699060116,0.7381807565689087,0.6528117656707764,0.6512194871902466,4568.0,534.0
1,0.9268749952316284,0.9796953797340393,170.0,181.0,0.19492817391951878,0.9797355532646179,0.9249274134635925,0.9291666746139526,2219.0,2230.0,0.879760205745697,0.8670063018798828,333.0,349.0,0.3064012263490384,0.6389423608779907,0.5825358629226685,0.5939024686813354,4503.0,487.0
2,0.9441666603088379,0.9874404072761536,124.0,144.0,0.16099818999568621,0.9881893396377563,0.9404958486557007,0.9483333230018616,2256.0,2276.0,0.8681241273880005,0.8680947422981262,299.0,449.0,0.322329690829655,0.6468456387519836,0.5371134281158447,0.6353658437728882,4403.0,521.0
3,0.956458330154419,0.9931870102882385,104.0,105.0,0.13449900940060616,0.993390679359436,0.9562682509422302,0.9566666483879089,2295.0,2296.0,0.8864598274230957,0.8833388686180115,304.0,340.0,0.29136795526415066,0.6667254567146301,0.6028037667274475,0.6292682886123657,4512.0,516.0
4,0.9616666436195374,0.9939969778060913,89.0,95.0,0.12512010348339875,0.9943391680717468,0.9605153799057007,0.9629166722297668,2305.0,2311.0,0.8880465626716614,0.8842394351959229,317.0,318.0,0.2877769165886474,0.6682160496711731,0.6126675009727478,0.6134146451950073,4534.0,503.0
5,0.9737499952316284,0.9971392154693604,58.0,68.0,0.10195691493650277,0.9971432685852051,0.971784234046936,0.9758333563804626,2332.0,2342.0,0.8757052421569824,0.8610464334487915,349.0,356.0,0.32933967284154153,0.5986120700836182,0.5695284008979797,0.5743902325630188,4496.0,471.0
