,accuracy,auc,false_negatives,false_positives,loss,pr,precision,recall,true_negatives,true_positives,val_accuracy,val_auc,val_false_negatives,val_false_positives,val_loss,val_pr,val_precision,val_recall,val_true_negatives,val_true_positives
0,0.8972916603088379,0.9604988694190979,240.0,253.0,0.2559950758020083,0.9571704864501953,0.8951512575149536,0.8999999761581421,2147.0,2160.0,0.7256960868835449,0.29365795850753784,1047.0,1278.0,1.0640130177062883,0.08489019423723221,0.03692539408802986,0.04470802843570709,6102.0,49.0
1,0.9483333230018616,0.9881500005722046,109.0,139.0,0.15968062336246172,0.9875896573066711,0.942798376083374,0.9545833468437195,2261.0,2291.0,0.7275837659835815,0.2840413749217987,1055.0,1254.0,1.0252905938776105,0.08384351432323456,0.031660232692956924,0.03740875795483589,6126.0,41.0
2,0.9595833420753479,0.9933898448944092,85.0,109.0,0.13001527649660904,0.9934962391853333,0.955033004283905,0.9645833373069763,2291.0,2315.0,0.723690390586853,0.28433412313461304,1063.0,1279.0,1.0843612067594794,0.08377496153116226,0.02515243925154209,0.03010948933660984,6101.0,33.0
3,0.96875,0.9959132075309753,70.0,80.0,0.11144803799688816,0.9957835674285889,0.9668049812316895,0.9708333611488342,2320.0,2330.0,0.7004483342170715,0.295091450214386,1066.0,1473.0,1.0758118265189331,0.0847545638680458,0.019960079342126846,0.027372263371944427,5907.0,30.0
4,0.9772916436195374,0.9973886609077454,49.0,60.0,0.09814625270664692,0.9974410533905029,0.9751140475273132,0.9795833230018616,2340.0,2351.0,0.7340726852416992,0.2849109470844269,1068.0,1186.0,1.0852233190449863,0.08380124717950821,0.023064250126481056,0.025547444820404053,6194.0,28.0
5,0.9808333516120911,0.9984562993049622,42.0,50.0,0.08444571416825056,0.9984596371650696,0.9792358875274658,0.9825000166893005,2350.0,2358.0,0.6631665825843811,0.27214181423187256,1040.0,1815.0,1.1967910242817659,0.0824461281299591,0.029930518940091133,0.051094889640808105,5565.0,56.0
6,0.9825000166893005,0.9986215233802795,38.0,46.0,0.0807986269518733,0.9985840916633606,0.9808970093727112,0.98416668176651,2354.0,2362.0,0.7129542231559753,0.298389732837677,1052.0,1381.0,1.0915218262303377,0.08520470559597015,0.030877193436026573,0.040145985782146454,5999.0,44.0
