,accuracy,auc,false_negatives,false_positives,loss,pr,precision,recall,true_negatives,true_positives,val_accuracy,val_auc,val_false_negatives,val_false_positives,val_loss,val_pr,val_precision,val_recall,val_true_negatives,val_true_positives
0,0.7534375190734863,0.8245653510093689,381.0,408.0,0.5420751371979713,0.7760013937950134,0.7492316961288452,0.7618749737739563,1192.0,1219.0,0.7086558938026428,0.6692622900009155,1402.0,1910.0,0.8559948382958151,0.38160598278045654,0.38067445158958435,0.4557453393936157,6882.0,1174.0
1,0.8725000023841858,0.9470419883728027,163.0,245.0,0.3071802169084549,0.943837583065033,0.8543400764465332,0.8981249928474426,1355.0,1437.0,0.7097994089126587,0.7168656587600708,1535.0,1764.0,0.7215593509653938,0.3795899748802185,0.37112298607826233,0.40411490201950073,7028.0,1041.0
2,0.9053124785423279,0.970816433429718,112.0,191.0,0.2445571034401655,0.9694229364395142,0.8862417936325073,0.9300000071525574,1409.0,1488.0,0.7195636630058289,0.729752779006958,1462.0,1726.0,0.7131369423060917,0.39205223321914673,0.3922535181045532,0.4324534237384796,7066.0,1114.0
3,0.9356250166893005,0.9864901900291443,68.0,138.0,0.19049757651984692,0.986287534236908,0.9173652529716492,0.9574999809265137,1462.0,1532.0,0.6838493943214417,0.6927065849304199,1453.0,2141.0,0.8115043951372795,0.35918092727661133,0.3440563678741455,0.4359472095966339,6651.0,1123.0
4,0.9440624713897705,0.9889616966247559,60.0,119.0,0.17417707689106465,0.9887060523033142,0.9282700419425964,0.9624999761581421,1481.0,1540.0,0.6806825995445251,0.6616795063018799,1572.0,2058.0,0.826316340971295,0.32841840386390686,0.3278902769088745,0.3897515535354614,6734.0,1004.0
5,0.9631249904632568,0.9947814345359802,38.0,80.0,0.14103444945067167,0.9948146343231201,0.9512789249420166,0.9762499928474426,1520.0,1562.0,0.6950210928916931,0.6799022555351257,1620.0,1847.0,0.7985301067256995,0.3467352092266083,0.34106314182281494,0.3711180090904236,6945.0,956.0
6,0.96875,0.9964095950126648,28.0,72.0,0.12402786180377007,0.9964423179626465,0.956204354763031,0.9825000166893005,1528.0,1572.0,0.6760203838348389,0.6424504518508911,1627.0,2056.0,0.8660408082686202,0.3201618492603302,0.3158069849014282,0.3684006333351135,6736.0,949.0
7,0.9768750071525574,0.997936487197876,27.0,47.0,0.10735273942351341,0.9979907274246216,0.9709876775741577,0.9831249713897705,1553.0,1573.0,0.7007389068603516,0.6959639191627502,1589.0,1813.0,0.7991027703677828,0.35996320843696594,0.35249999165534973,0.38315218687057495,6979.0,987.0
