,accuracy,auc,false_negatives,false_positives,loss,pr,precision,recall,true_negatives,true_positives,val_accuracy,val_auc,val_false_negatives,val_false_positives,val_loss,val_pr,val_precision,val_recall,val_true_negatives,val_true_positives
0,0.8122727274894714,0.8966001272201538,339.0,487.0,0.44015391674908727,0.8978535532951355,0.7925894260406494,0.8459091186523438,1713.0,1861.0,0.688777506351471,0.5399183034896851,1239.0,1989.0,0.5916901309196892,0.16385090351104736,0.15934066474437714,0.23329207301139832,6767.0,377.0
1,0.8920454382896423,0.9560661315917969,174.0,301.0,0.33928532578728415,0.9558296203613281,0.8706489205360413,0.9209091067314148,1899.0,2026.0,0.7058426737785339,0.6255621910095215,1092.0,1959.0,0.5436776407979604,0.22364069521427155,0.21103504300117493,0.32425743341445923,6797.0,524.0
2,0.9147727489471436,0.9709835648536682,136.0,239.0,0.29129605065692554,0.9699142575263977,0.8962222933769226,0.9381818175315857,1961.0,2064.0,0.6536830067634583,0.614069938659668,977.0,2615.0,0.653671860717872,0.21361665427684784,0.19637370109558105,0.39542078971862793,6141.0,639.0
3,0.9275000095367432,0.981637716293335,127.0,192.0,0.2516158593784679,0.9811860918998718,0.9152317643165588,0.9422727227210999,2008.0,2073.0,0.6693019866943359,0.5986575484275818,1116.0,2314.0,0.6214808816850944,0.21695604920387268,0.1776830106973648,0.30940595269203186,6442.0,500.0
4,0.9395454525947571,0.9874899387359619,104.0,162.0,0.22459986047311262,0.9878827929496765,0.9282550811767578,0.9527272582054138,2038.0,2096.0,0.6573467254638672,0.598357081413269,1101.0,2453.0,0.6604499773507039,0.2175881415605545,0.17351752519607544,0.31868812441825867,6303.0,515.0
5,0.9493181705474854,0.9895121455192566,86.0,137.0,0.20530044078826903,0.9894811511039734,0.9391381740570068,0.9609090685844421,2063.0,2114.0,0.6649633646011353,0.5993653535842896,1104.0,2371.0,0.6527681392543894,0.22706390917301178,0.17759278416633606,0.31683167815208435,6385.0,512.0
6,0.9586363434791565,0.9927397966384888,62.0,120.0,0.18599191264672713,0.9928433895111084,0.9468556046485901,0.971818208694458,2080.0,2138.0,0.6830890774726868,0.6389772891998291,1056.0,2231.0,0.6730428356813778,0.224085733294487,0.20064492523670197,0.3465346395969391,6525.0,560.0
