,accuracy,auc,false_negatives,false_positives,loss,pr,precision,recall,true_negatives,true_positives,val_accuracy,val_auc,val_false_negatives,val_false_positives,val_loss,val_pr,val_precision,val_recall,val_true_negatives,val_true_positives
0,0.8870833516120911,0.9551818370819092,277.0,265.0,0.27854469026128453,0.9542645215988159,0.8890284895896912,0.8845833539962769,2135.0,2123.0,0.7111845016479492,0.29705730080604553,1088.0,1360.0,0.923518204137704,0.08521973341703415,0.005847953259944916,0.007299270015209913,6020.0,8.0
1,0.9391666650772095,0.9872680902481079,146.0,146.0,0.18416164174675942,0.9878425598144531,0.9391666650772095,0.9391666650772095,2254.0,2254.0,0.688296377658844,0.36224114894866943,1080.0,1562.0,0.8507150911733529,0.09329726547002792,0.01013941690325737,0.014598540030419827,5818.0,16.0
2,0.956041693687439,0.9930902123451233,106.0,105.0,0.15267723465959232,0.993290901184082,0.9562317728996277,0.9558333158493042,2295.0,2294.0,0.684285044670105,0.3375217914581299,1060.0,1616.0,0.9416587356690699,0.08998095244169235,0.021791767328977585,0.03284671530127525,5764.0,36.0
3,0.9660416841506958,0.9951424598693848,74.0,89.0,0.13426148970921833,0.9951227307319641,0.963146984577179,0.9691666960716248,2311.0,2326.0,0.6908919215202332,0.3576853275299072,1078.0,1542.0,0.8715199009041114,0.0929659754037857,0.011538461782038212,0.016423357650637627,5838.0,18.0
4,0.9733333587646484,0.9970187544822693,59.0,69.0,0.11750402937332789,0.9969686269760132,0.9713692665100098,0.9754166603088379,2331.0,2341.0,0.6992685198783875,0.36307182908058167,1077.0,1472.0,0.8922831874627334,0.09355481714010239,0.012743125669658184,0.017335766926407814,5908.0,19.0
5,0.9783333539962769,0.9979375004768372,49.0,55.0,0.10791096530854702,0.9980175495147705,0.977140486240387,0.9795833230018616,2345.0,2351.0,0.7136620879173279,0.38890087604522705,1091.0,1336.0,0.8736460892981996,0.09722211211919785,0.00372856087051332,0.004562043584883213,6044.0,5.0
6,0.9820833206176758,0.9982180595397949,41.0,45.0,0.10108419671654702,0.9981957077980042,0.9812812209129333,0.9829166531562805,2355.0,2359.0,0.6885323524475098,0.3695017099380493,1072.0,1568.0,0.9067203131358879,0.09466014057397842,0.015075377188622952,0.021897809579968452,5812.0,24.0
