,accuracy,auc,false_negatives,false_positives,loss,pr,precision,recall,true_negatives,true_positives,val_accuracy,val_auc,val_false_negatives,val_false_positives,val_loss,val_pr,val_precision,val_recall,val_true_negatives,val_true_positives
0,0.8854166865348816,0.9550084471702576,273.0,277.0,0.2729720941682657,0.9557571411132812,0.8847754001617432,0.8862500190734863,2123.0,2127.0,0.8316290378570557,0.8772355914115906,176.0,779.0,0.4122302721350418,0.6431732177734375,0.4525650143623352,0.785365879535675,4073.0,644.0
1,0.9275000095367432,0.9795214533805847,161.0,187.0,0.19017580640812715,0.9801361560821533,0.9229183793067932,0.9329166412353516,2213.0,2239.0,0.8487306237220764,0.8707001805305481,243.0,615.0,0.36801523625934746,0.6225955486297607,0.4840604066848755,0.7036585211753845,4237.0,577.0
2,0.9441666603088379,0.9876124858856201,127.0,141.0,0.15706506597499054,0.9878508448600769,0.9415907263755798,0.9470833539962769,2259.0,2273.0,0.8779971599578857,0.8777018189430237,295.0,397.0,0.3114997938758732,0.6429903507232666,0.5694143176078796,0.6402438879013062,4455.0,525.0
3,0.9583333134651184,0.9934481382369995,100.0,100.0,0.12436872060100237,0.9934744834899902,0.9583333134651184,0.9583333134651184,2300.0,2300.0,0.8582510352134705,0.8825933933258057,200.0,604.0,0.3590365021958506,0.6599668860435486,0.5065359473228455,0.7560975551605225,4248.0,620.0
4,0.9739583134651184,0.9960261583328247,65.0,60.0,0.103854721536239,0.9954671859741211,0.9749478101730347,0.9729166626930237,2340.0,2335.0,0.8621297478675842,0.860840380191803,286.0,496.0,0.3621828791032557,0.6137569546699524,0.5184466242790222,0.6512194871902466,4356.0,534.0
5,0.9741666913032532,0.9967253804206848,66.0,58.0,0.09763812604049842,0.9966160655021667,0.9757525324821472,0.9725000262260437,2342.0,2334.0,0.8656558394432068,0.8673998713493347,280.0,482.0,0.3481305027209821,0.6249136924743652,0.5283757448196411,0.6585366129875183,4370.0,540.0
6,0.981041669845581,0.9981943368911743,48.0,43.0,0.08302307245632012,0.9981420040130615,0.9820459485054016,0.9800000190734863,2357.0,2352.0,0.8508462905883789,0.8715070486068726,249.0,597.0,0.37486332823090224,0.6321278810501099,0.48886987566947937,0.6963414549827576,4255.0,571.0
7,0.9827083349227905,0.9983481168746948,45.0,38.0,0.07879141848534346,0.9983566403388977,0.9841203689575195,0.981249988079071,2362.0,2355.0,0.8541960716247559,0.876349687576294,255.0,572.0,0.3576677310449953,0.623642086982727,0.49692171812057495,0.6890243887901306,4280.0,565.0
