,accuracy,auc,false_negatives,false_positives,loss,pr,precision,recall,true_negatives,true_positives,val_accuracy,val_auc,val_false_negatives,val_false_positives,val_loss,val_pr,val_precision,val_recall,val_true_negatives,val_true_positives
0,0.7649999856948853,0.8395513296127319,349.0,403.0,0.5202800753712654,0.8020398616790771,0.7563482522964478,0.7818750143051147,1197.0,1251.0,0.7311752438545227,0.7506577968597412,1227.0,1829.0,0.6816302524914967,0.41381368041038513,0.4244807958602905,0.5236801505088806,6963.0,1349.0
1,0.8809375166893005,0.954078197479248,159.0,222.0,0.28509403213858603,0.9531407356262207,0.8665063381195068,0.9006249904632568,1378.0,1441.0,0.7482406497001648,0.7649095058441162,1412.0,1450.0,0.6371820762407435,0.42053550481796265,0.4452945590019226,0.4518633484840393,7342.0,1164.0
2,0.9296875,0.9793784618377686,83.0,142.0,0.21193568930029869,0.9780592322349548,0.9144062399864197,0.9481250047683716,1458.0,1517.0,0.7171006202697754,0.7260819673538208,1453.0,1763.0,0.7433905659386342,0.3857998847961426,0.3891198933124542,0.4359472095966339,7029.0,1123.0
3,0.9431250095367432,0.987483024597168,66.0,116.0,0.17537228666245938,0.9873123168945312,0.9296969771385193,0.9587500095367432,1484.0,1534.0,0.7460415363311768,0.7669452428817749,1265.0,1622.0,0.6606316651197323,0.41193732619285583,0.44698262214660645,0.5089285969734192,7170.0,1311.0
4,0.9568750262260437,0.9930784106254578,44.0,94.0,0.1464188063889742,0.9931478500366211,0.9430302977561951,0.9725000262260437,1506.0,1556.0,0.7029380798339844,0.7207537889480591,1319.0,2058.0,0.7901259813822129,0.3781539797782898,0.3791855275630951,0.487965852022171,6734.0,1257.0
5,0.9706249833106995,0.995866060256958,32.0,62.0,0.11971540547907353,0.9956480860710144,0.9619631767272949,0.9800000190734863,1538.0,1568.0,0.7191238403320312,0.7320161461830139,1411.0,1782.0,0.7640690806464021,0.37795695662498474,0.39531728625297546,0.4522515535354614,7010.0,1165.0
6,0.9762499928474426,0.9977981448173523,29.0,47.0,0.104424504712224,0.9978471398353577,0.9709517955780029,0.9818750023841858,1553.0,1571.0,0.7195636630058289,0.7246222496032715,1496.0,1692.0,0.7669906173685249,0.3788652718067169,0.3896103799343109,0.4192546606063843,7100.0,1080.0
