,accuracy,auc,false_negatives,false_positives,loss,pr,precision,recall,true_negatives,true_positives,val_accuracy,val_auc,val_false_negatives,val_false_positives,val_loss,val_pr,val_precision,val_recall,val_true_negatives,val_true_positives
0,0.9620833396911621,0.9926333427429199,67.0,115.0,0.113814697265625,0.9917675256729126,0.9530228972434998,0.972083330154419,2285.0,2333.0,0.8529929518699646,0.6449505090713501,140.0,361.0,0.8344945529816856,0.1063029021024704,0.15850815176963806,0.32692307233810425,2839.0,68.0
1,0.9758333563804626,0.9958432912826538,51.0,65.0,0.09156263835728168,0.995262861251831,0.9730737209320068,0.9787499904632568,2335.0,2349.0,0.8042840361595154,0.6204710602760315,124.0,543.0,0.9767973954688776,0.10249274224042892,0.13397128880023956,0.4038461446762085,2657.0,84.0
2,0.9787499904632568,0.9976111054420471,46.0,56.0,0.07807127508024375,0.9974440932273865,0.9767634868621826,0.9808333516120911,2344.0,2354.0,0.85886150598526,0.6177117228507996,151.0,330.0,0.8335904178904815,0.09992818534374237,0.1472868174314499,0.2740384638309479,2870.0,57.0
3,0.9831249713897705,0.9982538819313049,27.0,54.0,0.07026381315042575,0.998214602470398,0.977750301361084,0.9887499809265137,2346.0,2373.0,0.8189554214477539,0.6155686378479004,131.0,486.0,0.9331836985870147,0.1009979173541069,0.13676731288433075,0.3701923191547394,2714.0,77.0
4,0.9870833158493042,0.9988698363304138,22.0,40.0,0.06142740175127983,0.9988646507263184,0.9834573864936829,0.9908333420753479,2360.0,2378.0,0.8303990364074707,0.6283360719680786,129.0,449.0,0.9144745897239362,0.10357818007469177,0.14962121844291687,0.3798076808452606,2751.0,79.0
5,0.9885416626930237,0.9993898868560791,19.0,36.0,0.05396250583852331,0.9994020462036133,0.9851055145263672,0.9920833110809326,2364.0,2381.0,0.8189554214477539,0.6118479371070862,129.0,488.0,0.941290237953965,0.1005278006196022,0.13932980597019196,0.3798076808452606,2712.0,79.0
6,0.9922916889190674,0.9997765421867371,15.0,22.0,0.047478350040813286,0.9997769594192505,0.9908599853515625,0.9937499761581421,2378.0,2385.0,0.8371478915214539,0.6114730834960938,133.0,422.0,0.9114526741801293,0.1000574454665184,0.15090543031692505,0.36057692766189575,2778.0,75.0
7,0.9954166412353516,0.9998514652252197,9.0,13.0,0.042842216913898785,0.9998511075973511,0.9945923686027527,0.9962499737739563,2387.0,2391.0,0.8480046987533569,0.6124016046524048,140.0,378.0,0.879355702601688,0.0991203635931015,0.15246637165546417,0.32692307233810425,2822.0,68.0
