,accuracy,auc,false_negatives,false_positives,loss,precision,recall,true_negatives,true_positives,val_accuracy,val_auc,val_false_negatives,val_false_positives,val_loss,val_precision,val_recall,val_true_negatives,val_true_positives
0,0.8916666507720947,0.9567139148712158,267.0,253.0,0.26653987020254133,0.8939647674560547,0.8887500166893005,2147.0,2133.0,0.7525955438613892,0.25560426712036133,1076.0,1021.0,1.2026721930492594,0.01921229623258114,0.018248174339532852,6359.0,20.0
1,0.9470833539962769,0.9874984622001648,122.0,132.0,0.15535180598497392,0.9452282190322876,0.9491666555404663,2268.0,2278.0,0.6825153231620789,0.3045502305030823,1072.0,1619.0,1.1315875816255203,0.014607425779104233,0.021897809579968452,5761.0,24.0
2,0.9633333086967468,0.9938939809799194,80.0,96.0,0.11974406979978085,0.9602649211883545,0.9666666388511658,2304.0,2320.0,0.696319043636322,0.25142812728881836,1077.0,1497.0,1.2626661041425387,0.012532981112599373,0.017335766926407814,5883.0,19.0
3,0.9739583134651184,0.9966461658477783,67.0,58.0,0.09803509743263324,0.9757423400878906,0.972083330154419,2342.0,2333.0,0.6767343282699585,0.31696704030036926,1079.0,1661.0,1.207385755980448,0.010131108574569225,0.015510949306190014,5719.0,17.0
4,0.9754166603088379,0.9973779320716858,62.0,56.0,0.09208232389142115,0.9766082167625427,0.9741666913032532,2344.0,2338.0,0.6510146260261536,0.25838059186935425,1063.0,1895.0,1.3761582547282767,0.017116183415055275,0.03010948933660984,5485.0,33.0
5,0.984375,0.998895525932312,35.0,40.0,0.07432131888965765,0.9833679795265198,0.9854166507720947,2360.0,2365.0,0.7082350254058838,0.28695037961006165,1082.0,1391.0,1.2540829165356515,0.00996441300958395,0.012773722410202026,5989.0,14.0
6,0.9870833158493042,0.9992396831512451,24.0,38.0,0.06677341204757492,0.9842584729194641,0.9900000095367432,2362.0,2376.0,0.7190892100334167,0.28181955218315125,1082.0,1299.0,1.3097655187805288,0.010662605054676533,0.012773722410202026,6081.0,14.0
