,accuracy,auc,false_negatives,false_positives,loss,precision,recall,true_negatives,true_positives,val_accuracy,val_auc,val_false_negatives,val_false_positives,val_loss,val_precision,val_recall,val_true_negatives,val_true_positives
0,0.9260416626930237,0.9739847779273987,167.0,188.0,0.20802310292919476,0.9223461151123047,0.9304166436195374,2212.0,2233.0,0.683226466178894,0.9446354508399963,10.0,583.0,0.7165991531478034,0.23390275239944458,0.9468085169792175,1101.0,178.0
1,0.9416666626930237,0.98369300365448,127.0,153.0,0.1722314505527417,0.9369332194328308,0.9470833539962769,2247.0,2273.0,0.6704059839248657,0.9508421421051025,11.0,606.0,0.7074427477314941,0.2260536402463913,0.9414893388748169,1078.0,177.0
2,0.9537500143051147,0.9897538423538208,101.0,121.0,0.14414078993101914,0.949999988079071,0.9579166769981384,2279.0,2299.0,0.8381410241127014,0.9480798840522766,19.0,284.0,0.3699143085724268,0.3730684220790863,0.8989361524581909,1400.0,169.0
3,0.9645833373069763,0.9929108023643494,81.0,89.0,0.1226931080967188,0.9630398750305176,0.9662500023841858,2311.0,2319.0,0.6720085740089417,0.9380321502685547,13.0,601.0,0.7014195256763034,0.2255154699087143,0.9308510422706604,1083.0,175.0
4,0.9710416793823242,0.9943642020225525,62.0,77.0,0.11247885522743066,0.9681159257888794,0.9741666913032532,2323.0,2338.0,0.6308760643005371,0.9488900899887085,5.0,686.0,0.8307518908101269,0.21058687567710876,0.9734042286872864,998.0,183.0
5,0.972083330154419,0.9963204264640808,67.0,67.0,0.09968091019739707,0.972083330154419,0.972083330154419,2333.0,2333.0,0.6335470080375671,0.953899621963501,6.0,680.0,0.8068846265474955,0.21113689243793488,0.9680851101875305,1004.0,182.0
6,0.9822916388511658,0.9978016018867493,36.0,49.0,0.08413945429027081,0.9796933531761169,0.9850000143051147,2351.0,2364.0,0.6522436141967773,0.9471623301506042,6.0,645.0,0.7849365314866743,0.22007255256175995,0.9680851101875305,1039.0,182.0
7,0.9827083349227905,0.9981063008308411,38.0,45.0,0.08074856886019309,0.9813045263290405,0.98416668176651,2355.0,2362.0,0.6736111044883728,0.9463837146759033,7.0,604.0,0.7235543666741787,0.23057325184345245,0.9627659320831299,1080.0,181.0
