,accuracy,auc,false_negatives,false_positives,loss,precision,recall,true_negatives,true_positives,val_accuracy,val_auc,val_false_negatives,val_false_positives,val_loss,val_precision,val_recall,val_true_negatives,val_true_positives
0,0.9289583563804626,0.9789532423019409,158.0,183.0,0.18860156050572793,0.9245361089706421,0.934166669845581,2217.0,2242.0,0.5988247990608215,0.9429392218589783,5.0,746.0,1.0664575884484837,0.19698600471019745,0.9734042286872864,938.0,183.0
1,0.9489583373069763,0.988096296787262,115.0,130.0,0.14859424509108066,0.9461697936058044,0.9520833492279053,2270.0,2285.0,0.7756410241127014,0.9613650441169739,9.0,411.0,0.5171550586182847,0.3033898174762726,0.9521276354789734,1273.0,179.0
2,0.9591666460037231,0.9916911125183105,79.0,117.0,0.13093974709510803,0.9520098567008972,0.9670833349227905,2283.0,2321.0,0.5592948794364929,0.9541727900505066,2.0,823.0,1.1093830904390058,0.1843409389257431,0.9893617033958435,861.0,186.0
3,0.9697916507720947,0.994802713394165,63.0,82.0,0.10937222344179948,0.9661017060279846,0.9737499952316284,2318.0,2337.0,0.69017094373703,0.9644116163253784,5.0,575.0,0.7313064087150444,0.2414247989654541,0.9734042286872864,1109.0,183.0
4,0.9772916436195374,0.996644914150238,50.0,59.0,0.09306976061314344,0.9755085110664368,0.9791666865348816,2341.0,2350.0,0.6987179517745972,0.9638462066650391,5.0,559.0,0.7132734320102594,0.2466307282447815,0.9734042286872864,1125.0,183.0
5,0.9800000190734863,0.997384786605835,48.0,48.0,0.0898644771426916,0.9800000190734863,0.9800000190734863,2352.0,2352.0,0.6121794581413269,0.9560996294021606,2.0,724.0,0.9967506716394017,0.2043956071138382,0.9893617033958435,960.0,186.0
6,0.9864583611488342,0.9983614087104797,23.0,42.0,0.07474024876952172,0.9826374650001526,0.9904166460037231,2358.0,2377.0,0.6159188151359558,0.9602847695350647,2.0,717.0,1.002025509491945,0.2059800624847412,0.9893617033958435,967.0,186.0
