,accuracy,auc,false_negatives,false_positives,loss,precision,recall,true_negatives,true_positives,val_accuracy,val_auc,val_false_negatives,val_false_positives,val_loss,val_precision,val_recall,val_true_negatives,val_true_positives
0,0.9100000262260437,0.9679834842681885,228.0,204.0,0.22868825202186902,0.9141414165496826,0.9049999713897705,2196.0,2172.0,0.9926082491874695,0.0,0.0,28.0,0.026338207837363358,0.0,0.0,3760.0,0.0
1,0.9399999976158142,0.9841035008430481,141.0,147.0,0.16762183082600435,0.938902735710144,0.9412500262260437,2253.0,2259.0,0.9947201609611511,0.0,0.0,20.0,0.03196193446201659,0.0,0.0,3768.0,0.0
2,0.9577083587646484,0.9918116331100464,99.0,104.0,0.13035990439355374,0.9567567706108093,0.9587500095367432,2296.0,2301.0,0.9926082491874695,0.0,0.0,28.0,0.03514244705399276,0.0,0.0,3760.0,0.0
3,0.9668750166893005,0.9939833879470825,75.0,84.0,0.11451980978250503,0.9651307463645935,0.96875,2316.0,2325.0,0.98653644323349,0.0,0.0,51.0,0.035959445781919244,0.0,0.0,3737.0,0.0
4,0.96895831823349,0.9960447549819946,75.0,74.0,0.10277123694618542,0.9691538214683533,0.96875,2326.0,2325.0,0.9825765490531921,0.0,0.0,66.0,0.05112882365040882,0.0,0.0,3722.0,0.0
5,0.9754166603088379,0.9970552921295166,53.0,65.0,0.09244069109360377,0.9730514287948608,0.9779166579246521,2335.0,2347.0,0.9825765490531921,0.0,0.0,66.0,0.0486227356284904,0.0,0.0,3722.0,0.0
