,accuracy,auc,false_negatives,false_positives,loss,precision,recall,true_negatives,true_positives,val_accuracy,val_auc,val_false_negatives,val_false_positives,val_loss,val_precision,val_recall,val_true_negatives,val_true_positives
0,0.9043750166893005,0.9655511975288391,237.0,222.0,0.23786490579446157,0.9069182276725769,0.9012500047683716,2178.0,2163.0,0.7030438780784607,0.2907303273677826,1060.0,1457.0,1.1249158537686013,0.024112524464726448,0.03284671530127525,5923.0,36.0
1,0.9487500190734863,0.9900087118148804,112.0,134.0,0.14170349103709062,0.9446738362312317,0.95333331823349,2266.0,2288.0,0.7130721807479858,0.3230445086956024,1076.0,1356.0,1.0905331873342416,0.014534884132444859,0.018248174339532852,6024.0,20.0
2,0.9674999713897705,0.995310366153717,73.0,83.0,0.10901756965865692,0.9655601382255554,0.9695833325386047,2317.0,2327.0,0.6956111192703247,0.29578083753585815,1069.0,1511.0,1.1173213197409742,0.017555266618728638,0.024635037407279015,5869.0,27.0
3,0.9735416769981384,0.997163712978363,67.0,60.0,0.0925323340172569,0.9749268889427185,0.972083330154419,2340.0,2333.0,0.7313591241836548,0.3030984401702881,1080.0,1197.0,1.1437400421369408,0.013190437108278275,0.014598540030419827,6183.0,16.0
4,0.9804166555404663,0.9984442591667175,45.0,49.0,0.07497878897935152,0.9796172976493835,0.981249988079071,2351.0,2355.0,0.6634025573730469,0.26810377836227417,1072.0,1781.0,1.2723949023607262,0.013296399265527725,0.021897809579968452,5599.0,24.0
5,0.9854166507720947,0.9989791512489319,31.0,39.0,0.0675083664804697,0.9838039875030518,0.9870833158493042,2361.0,2369.0,0.7067012786865234,0.29887643456459045,1077.0,1409.0,1.1763681417481413,0.013305322267115116,0.017335766926407814,5971.0,19.0
6,0.987708330154419,0.9992502927780151,29.0,30.0,0.06216473389416933,0.9875051975250244,0.9879166483879089,2370.0,2371.0,0.7071731686592102,0.28797098994255066,1078.0,1404.0,1.2261065313871202,0.012658228166401386,0.016423357650637627,5976.0,18.0
