,accuracy,auc,false_negatives,false_positives,loss,precision,recall,true_negatives,true_positives,val_accuracy,val_auc,val_false_negatives,val_false_positives,val_loss,val_precision,val_recall,val_true_negatives,val_true_positives
0,0.8972916603088379,0.9591831564903259,251.0,242.0,0.25910314987103145,0.8987871408462524,0.8954166769981384,2158.0,2149.0,0.8545486330986023,0.8738076090812683,263.0,562.0,0.3348189715521964,0.4977658689022064,0.6792683005332947,4290.0,557.0
1,0.9331250190734863,0.9833725094795227,155.0,166.0,0.1728808064510425,0.931148886680603,0.9354166388511658,2234.0,2245.0,0.8311001658439636,0.8757506012916565,210.0,748.0,0.3985794127323732,0.4491899907588959,0.7439024448394775,4104.0,610.0
2,0.9541666507720947,0.9910266995429993,93.0,127.0,0.13561390745143095,0.9478225111961365,0.9612500071525574,2273.0,2307.0,0.8457334041595459,0.8821781277656555,205.0,670.0,0.36296406144483806,0.4785992205142975,0.75,4182.0,615.0
3,0.9645833373069763,0.9947788715362549,88.0,82.0,0.11260898239910602,0.9657477140426636,0.9633333086967468,2318.0,2312.0,0.8594852089881897,0.8750746846199036,288.0,509.0,0.3337548055248637,0.5110470652580261,0.6487804651260376,4343.0,532.0
4,0.9666666388511658,0.9959018230438232,73.0,87.0,0.10380536799629529,0.9639602303504944,0.9695833325386047,2313.0,2327.0,0.8748236894607544,0.843713641166687,440.0,270.0,0.34884797223700453,0.5846154093742371,0.46341463923454285,4582.0,380.0
5,0.9739583134651184,0.9974605441093445,62.0,63.0,0.08969049266229073,0.9737609624862671,0.9741666913032532,2337.0,2338.0,0.8681241273880005,0.8564090728759766,375.0,373.0,0.3409769918837904,0.544009804725647,0.542682945728302,4479.0,445.0
6,0.9806249737739563,0.9983514547348022,45.0,48.0,0.07872742403298616,0.9800249934196472,0.981249988079071,2352.0,2355.0,0.8616008758544922,0.8570734262466431,329.0,456.0,0.3432597457437825,0.5184794068336487,0.5987805128097534,4396.0,491.0
7,0.9881250262260437,0.9993414282798767,25.0,32.0,0.06592119283974171,0.9867054224014282,0.9895833134651184,2368.0,2375.0,0.8325105905532837,0.8726015090942383,225.0,725.0,0.3950977058101272,0.45075756311416626,0.7256097793579102,4127.0,595.0
8,0.9866666793823242,0.9991731643676758,27.0,37.0,0.06472495725999276,0.984647274017334,0.9887499809265137,2363.0,2373.0,0.8575458526611328,0.8401262760162354,354.0,454.0,0.3705173947011634,0.5065217614173889,0.5682926774024963,4398.0,466.0
