,accuracy,auc,false_negatives,false_positives,loss,precision,recall,true_negatives,true_positives,val_accuracy,val_auc,val_false_negatives,val_false_positives,val_loss,val_precision,val_recall,val_true_negatives,val_true_positives
0,0.9195833206176758,0.9732866287231445,203.0,183.0,0.20973692543804645,0.923109233379364,0.9154166579246521,2217.0,2197.0,0.8663610816001892,0.8335803151130676,434.0,324.0,0.3620802205691721,0.5436619520187378,0.4707317054271698,4528.0,386.0
1,0.9595833420753479,0.9932160377502441,90.0,104.0,0.11268963572879633,0.9569180011749268,0.9624999761581421,2296.0,2310.0,0.8647743463516235,0.8522838950157166,404.0,363.0,0.343538725052465,0.5340179800987244,0.507317066192627,4489.0,416.0
2,0.9739583134651184,0.9971626400947571,66.0,59.0,0.08291036246965329,0.9753447771072388,0.9725000262260437,2341.0,2334.0,0.8591325879096985,0.8504464030265808,368.0,431.0,0.36611498087350336,0.5118913054466248,0.5512195229530334,4421.0,452.0
3,0.98458331823349,0.9987294673919678,31.0,43.0,0.06114727912470699,0.9821724891662598,0.9870833158493042,2357.0,2369.0,0.8198166489601135,0.8498523831367493,239.0,783.0,0.4443668743282851,0.42595309019088745,0.7085365653038025,4069.0,581.0
4,0.9895833134651184,0.9994752407073975,27.0,23.0,0.04946574672435721,0.9904006719589233,0.9887499809265137,2377.0,2373.0,0.8444992899894714,0.8555426001548767,280.0,602.0,0.39089735922087065,0.4728546440601349,0.6585366129875183,4250.0,540.0
5,0.9912499785423279,0.9995293617248535,20.0,22.0,0.04317764153083165,0.9908409714698792,0.9916666746139526,2378.0,2380.0,0.8616008758544922,0.8560093641281128,357.0,428.0,0.36098504398538295,0.5196408629417419,0.5646341443061829,4424.0,463.0
6,0.9956250190734863,0.9998769760131836,8.0,13.0,0.034215880678966644,0.9945945739746094,0.996666669845581,2387.0,2392.0,0.8464386463165283,0.8619338274002075,274.0,597.0,0.39277233632691255,0.47769027948379517,0.6658536791801453,4255.0,546.0
