,accuracy,auc,false_negatives,false_positives,loss,pr,precision,recall,true_negatives,true_positives,val_accuracy,val_auc,val_false_negatives,val_false_positives,val_loss,val_pr,val_precision,val_recall,val_true_negatives,val_true_positives
0,0.8997916579246521,0.96309894323349,242.0,239.0,0.24680048649509748,0.9642850160598755,0.9002920389175415,0.8991666436195374,2161.0,2158.0,0.9590812921524048,0.0,0.0,155.0,0.10985557711363594,0.0,0.0,0.0,3633.0,0.0
1,0.9337499737739563,0.9837111830711365,157.0,161.0,0.17321354831258456,0.9841054081916809,0.9330282807350159,0.934583306312561,2239.0,2243.0,0.9918162822723389,0.0,0.0,31.0,0.03149703478218384,0.0,0.0,0.0,3757.0,0.0
2,0.950208306312561,0.9896788001060486,108.0,131.0,0.14742025800049305,0.9898461699485779,0.9459347724914551,0.9549999833106995,2269.0,2292.0,0.9717528820037842,0.0,0.0,107.0,0.07732882709050631,0.0,0.0,0.0,3681.0,0.0
3,0.9581249952316284,0.9916150569915771,105.0,96.0,0.13312206767499446,0.9920756816864014,0.9598494172096252,0.956250011920929,2304.0,2295.0,0.970168948173523,0.0,0.0,113.0,0.07456137822132554,0.0,0.0,0.0,3675.0,0.0
4,0.971666693687439,0.9954059720039368,63.0,73.0,0.1088079928730925,0.9956083297729492,0.9697095155715942,0.9737499952316284,2327.0,2337.0,0.9770327210426331,0.0,0.0,87.0,0.06476045370794274,0.0,0.0,0.0,3701.0,0.0
5,0.9779166579246521,0.9978394508361816,49.0,57.0,0.08856683844079574,0.997890293598175,0.9763289093971252,0.9795833230018616,2343.0,2351.0,0.9778246879577637,0.0,0.0,84.0,0.0584979004127297,0.0,0.0,0.0,3704.0,0.0
6,0.9806249737739563,0.9984645843505859,46.0,47.0,0.08455305454631647,0.9985106587409973,0.9804248213768005,0.9808333516120911,2353.0,2354.0,0.9759767651557922,0.0,0.0,91.0,0.06136979107620094,0.0,0.0,0.0,3697.0,0.0
