,accuracy,auc,false_negatives,false_positives,loss,pr,precision,recall,true_negatives,true_positives,val_accuracy,val_auc,val_false_negatives,val_false_positives,val_loss,val_pr,val_precision,val_recall,val_true_negatives,val_true_positives
0,0.9004166722297668,0.9634822607040405,234.0,244.0,0.24393810595075288,0.9615540504455566,0.8987551927566528,0.9024999737739563,2156.0,2166.0,0.7370221614837646,0.3465981185436249,1083.0,1146.0,1.1310468656435053,0.09084666520357132,0.01121656596660614,0.011861314065754414,6234.0,13.0
1,0.9516666531562805,0.9901659488677979,106.0,126.0,0.13969057761132717,0.9903504848480225,0.9479339122772217,0.9558333158493042,2274.0,2294.0,0.7669891715049744,0.3484198749065399,1072.0,903.0,1.0510344381825212,0.09116129577159882,0.025889968499541283,0.021897809579968452,6477.0,24.0
2,0.9674999713897705,0.9958097338676453,72.0,84.0,0.1052510903775692,0.99580979347229,0.96517413854599,0.9700000286102295,2316.0,2328.0,0.7216847538948059,0.33010146021842957,1057.0,1302.0,1.1334247759852336,0.08878877013921738,0.029082773253321648,0.035583943128585815,6078.0,39.0
3,0.9750000238418579,0.9974466562271118,53.0,67.0,0.08748242542147637,0.9974627494812012,0.9722452163696289,0.9779166579246521,2333.0,2347.0,0.6604530215263367,0.309634268283844,1037.0,1841.0,1.2355636858951375,0.08635932952165604,0.03105263225734234,0.05383211746811867,5539.0,59.0
4,0.9831249713897705,0.998812735080719,35.0,46.0,0.07116392031311988,0.998805820941925,0.9809207916259766,0.9854166507720947,2354.0,2365.0,0.758022665977478,0.3670318126678467,1080.0,971.0,1.058585571266672,0.09358122944831848,0.01621074043214321,0.014598540030419827,6409.0,16.0
5,0.9860416650772095,0.9989743232727051,28.0,39.0,0.06751794405281544,0.9990343451499939,0.9838241338729858,0.9883333444595337,2361.0,2372.0,0.6459414958953857,0.3095686137676239,1033.0,1968.0,1.2999066113019226,0.08637078106403351,0.03101920150220394,0.05748175084590912,5412.0,63.0
6,0.9893749952316284,0.9996199011802673,15.0,36.0,0.05520042361070712,0.999619722366333,0.9851301312446594,0.9937499761581421,2364.0,2385.0,0.7313591241836548,0.3391975164413452,1064.0,1213.0,1.1414162553442486,0.08989201486110687,0.025702811777591705,0.029197080060839653,6167.0,32.0
