,accuracy,auc,false_negatives,false_positives,loss,pr,precision,recall,true_negatives,true_positives,val_accuracy,val_auc,val_false_negatives,val_false_positives,val_loss,val_pr,val_precision,val_recall,val_true_negatives,val_true_positives
0,0.893750011920929,0.9566168785095215,251.0,259.0,0.26768340200185775,0.9585463404655457,0.8924418687820435,0.8954166769981384,2141.0,2149.0,0.8825811147689819,0.8846162557601929,394.0,272.0,0.29278104026159546,0.6011204123497009,0.610315203666687,0.5195121765136719,4580.0,426.0
1,0.9335416555404663,0.9828206300735474,150.0,169.0,0.17491244172056516,0.9828999638557434,0.9301364421844482,0.9375,2231.0,2250.0,0.8187587857246399,0.8946186900138855,128.0,900.0,0.424685562741437,0.6066346764564514,0.43467336893081665,0.8439024686813354,3952.0,692.0
2,0.9510416388511658,0.9902990460395813,108.0,127.0,0.14157829066117605,0.9902083873748779,0.9474989771842957,0.9549999833106995,2273.0,2292.0,0.8526093363761902,0.8979573249816895,145.0,691.0,0.37015382888791254,0.6157877445220947,0.4941434860229492,0.8231707215309143,4161.0,675.0
3,0.9641666412353516,0.9940908551216125,82.0,90.0,0.11903159548838933,0.99409019947052,0.9626246094703674,0.965833306312561,2310.0,2318.0,0.8496121168136597,0.8947027921676636,171.0,682.0,0.3754031276080773,0.6040963530540466,0.4876033067703247,0.7914634346961975,4170.0,649.0
4,0.9677083492279053,0.9954411387443542,72.0,83.0,0.10751545856396358,0.995551347732544,0.9655744433403015,0.9700000286102295,2317.0,2328.0,0.8540197610855103,0.8911276459693909,187.0,641.0,0.3633260575184869,0.5932389497756958,0.4968602955341339,0.7719511985778809,4211.0,633.0
5,0.9783333539962769,0.997818648815155,47.0,57.0,0.09102276681611936,0.9978917241096497,0.9763485193252563,0.9804166555404663,2343.0,2353.0,0.8515514731407166,0.8882105946540833,195.0,647.0,0.37139696834874253,0.5785475969314575,0.4913522005081177,0.7621951103210449,4205.0,625.0
