,accuracy,auc,false_negatives,false_positives,loss,pr,precision,recall,true_negatives,true_positives,val_accuracy,val_auc,val_false_negatives,val_false_positives,val_loss,val_pr,val_precision,val_recall,val_true_negatives,val_true_positives
0,0.8456818461418152,0.921227753162384,310.0,369.0,0.35624238740314135,0.9118036031723022,0.8366534113883972,0.8590909242630005,1831.0,1890.0,0.8064018487930298,0.7504523992538452,1066.0,942.0,0.49905090572436744,0.4177793860435486,0.3686327040195465,0.3403465449810028,7814.0,550.0
1,0.914545476436615,0.9720634818077087,141.0,235.0,0.23074481969529934,0.96784907579422,0.897558867931366,0.9359090924263,1965.0,2059.0,0.8315657377243042,0.72287917137146,1086.0,661.0,0.48269570221771757,0.4434341788291931,0.4450041949748993,0.3279702961444855,8095.0,530.0
2,0.9404545426368713,0.9837568998336792,105.0,157.0,0.18415969117121264,0.9818563461303711,0.9302842020988464,0.9522727131843567,2043.0,2095.0,0.7876976728439331,0.748331606388092,986.0,1216.0,0.5017188172708411,0.433410108089447,0.34127843379974365,0.38985148072242737,7540.0,630.0
3,0.9534090757369995,0.9907855987548828,75.0,130.0,0.1556663458997553,0.9905904531478882,0.9423503279685974,0.9659090638160706,2070.0,2125.0,0.8062090277671814,0.7289594411849976,954.0,1056.0,0.4979874303889835,0.4604553282260895,0.38533177971839905,0.4096534550189972,7700.0,662.0
4,0.9643181562423706,0.9940561056137085,53.0,104.0,0.13329004301266237,0.9937336444854736,0.9537982940673828,0.9759091138839722,2096.0,2147.0,0.76976478099823,0.7642545104026794,852.0,1536.0,0.5364081416806337,0.4713681638240814,0.3321739137172699,0.4727722704410553,7220.0,764.0
5,0.9684090614318848,0.9953055381774902,52.0,87.0,0.12133737455714833,0.9952136874198914,0.9610738158226013,0.9763636589050293,2113.0,2148.0,0.7726571559906006,0.7589766979217529,882.0,1476.0,0.5343900530312082,0.46454694867134094,0.3321267068386078,0.4542079269886017,7280.0,734.0
6,0.9788636565208435,0.9974671602249146,31.0,62.0,0.10085045034235174,0.9973742961883545,0.9722097516059875,0.985909104347229,2138.0,2169.0,0.7869263291358948,0.7752399444580078,894.0,1316.0,0.5194582850620225,0.4769221544265747,0.354268878698349,0.4467821717262268,7440.0,722.0
