,accuracy,auc,false_negatives,false_positives,loss,pr,precision,recall,true_negatives,true_positives,val_accuracy,val_auc,val_false_negatives,val_false_positives,val_loss,val_pr,val_precision,val_recall,val_true_negatives,val_true_positives
0,0.822954535484314,0.9078919887542725,352.0,427.0,0.4039075973900882,0.9075371623039246,0.8123077154159546,0.8399999737739563,1773.0,1848.0,0.7359236478805542,0.6119250059127808,1251.0,1488.0,0.5120870052871674,0.25008419156074524,0.1969778686761856,0.22586633265018463,7268.0,365.0
1,0.8970454335212708,0.9651440382003784,178.0,275.0,0.30087969238107853,0.9639187455177307,0.8802786469459534,0.9190909266471863,1925.0,2022.0,0.7120131254196167,0.5634013414382935,1218.0,1769.0,0.571185181051711,0.2412748783826828,0.18366405367851257,0.24628712236881256,6987.0,398.0
2,0.9293181896209717,0.9797743558883667,115.0,196.0,0.24995265234600414,0.9790566563606262,0.9140727519989014,0.9477272629737854,2004.0,2085.0,0.6913806200027466,0.6336244344711304,1061.0,2140.0,0.5870401954678462,0.27211135625839233,0.20593692362308502,0.34344059228897095,6616.0,555.0
3,0.9420454502105713,0.9871583580970764,100.0,155.0,0.2179556982083754,0.9866487383842468,0.9312638640403748,0.9545454382896423,2045.0,2100.0,0.6800038814544678,0.6044158935546875,1121.0,2198.0,0.6205138760646521,0.2733801603317261,0.18380987644195557,0.30631187558174133,6558.0,495.0
4,0.9543181657791138,0.9924722909927368,65.0,136.0,0.1894802183454687,0.9914883375167847,0.9401144981384277,0.9704545736312866,2064.0,2135.0,0.6681450009346008,0.5879325270652771,1146.0,2296.0,0.6499964972283451,0.26353755593299866,0.16992045938968658,0.29084157943725586,6460.0,470.0
5,0.9665908813476562,0.9946705102920532,59.0,88.0,0.17151251922954214,0.994576632976532,0.9605203866958618,0.9731818437576294,2112.0,2141.0,0.6731585264205933,0.5889487862586975,1142.0,2248.0,0.6693383657732297,0.2571214735507965,0.1741366684436798,0.2933168411254883,6508.0,474.0
