,accuracy,auc,false_negatives,false_positives,loss,pr,precision,recall,true_negatives,true_positives,val_accuracy,val_auc,val_false_negatives,val_false_positives,val_loss,val_pr,val_precision,val_recall,val_true_negatives,val_true_positives
0,0.9350000023841858,0.9823342561721802,138.0,174.0,0.18992288505037624,0.9809946417808533,0.9285714030265808,0.9424999952316284,2226.0,2262.0,0.7764084339141846,0.6597251296043396,123.0,639.0,0.8623558166721057,0.10404282063245773,0.1174033135175705,0.4086538553237915,2561.0,85.0
1,0.9504166841506958,0.9897284507751465,96.0,142.0,0.1577190641562144,0.9888583421707153,0.9419460296630859,0.9599999785423279,2258.0,2304.0,0.8230633735656738,0.6217398047447205,131.0,472.0,0.7985163844527213,0.09820833057165146,0.14025500416755676,0.3701923191547394,2728.0,77.0
2,0.9591666460037231,0.9926338791847229,81.0,115.0,0.142879179418087,0.9922510385513306,0.9527526497840881,0.9662500023841858,2285.0,2319.0,0.8057511448860168,0.6492254137992859,129.0,533.0,0.8295300773611651,0.10241267085075378,0.129084974527359,0.3798076808452606,2667.0,79.0
3,0.9647916555404663,0.9955410361289978,77.0,92.0,0.12534661365052063,0.9951909184455872,0.961904764175415,0.9679166674613953,2308.0,2323.0,0.8180751204490662,0.6431092023849487,127.0,493.0,0.8158277733505052,0.10225684940814972,0.1411149799823761,0.38942307233810425,2707.0,81.0
4,0.9752083420753479,0.9964343905448914,48.0,71.0,0.11645347806314628,0.9963581562042236,0.9706974625587463,0.9800000190734863,2329.0,2352.0,0.8160211443901062,0.6350361108779907,131.0,496.0,0.8334390830266084,0.10094138979911804,0.13438045978546143,0.3701923191547394,2704.0,77.0
5,0.9770833253860474,0.9971693158149719,45.0,65.0,0.10758387071390947,0.9970788955688477,0.9731404781341553,0.981249988079071,2335.0,2355.0,0.7670187950134277,0.6281400918960571,121.0,673.0,0.9277070732043943,0.09921301156282425,0.11447368562221527,0.41826921701431274,2527.0,87.0
6,0.9793750047683716,0.9983341693878174,41.0,58.0,0.09788004825512568,0.9983165264129639,0.9760032892227173,0.9829166531562805,2342.0,2359.0,0.809272289276123,0.6341759562492371,124.0,526.0,0.86003625057113,0.10053013265132904,0.13770492374897003,0.4038461446762085,2674.0,84.0
