,accuracy,auc,false_negatives,false_positives,loss,pr,precision,recall,true_negatives,true_positives,val_accuracy,val_auc,val_false_negatives,val_false_positives,val_loss,val_pr,val_precision,val_recall,val_true_negatives,val_true_positives
0,0.8488636612892151,0.9259544014930725,316.0,349.0,0.3474125639958815,0.9229217767715454,0.8437080383300781,0.8563636541366577,1851.0,1884.0,0.8334940075874329,0.75822913646698,979.0,748.0,0.44073167228924,0.48772889375686646,0.4599277973175049,0.3941831588745117,8008.0,637.0
1,0.9161363840103149,0.97347491979599,159.0,210.0,0.22478876850821755,0.9725305438041687,0.9067081212997437,0.9277272820472717,1990.0,2041.0,0.7491322755813599,0.7757804989814758,737.0,1865.0,0.6334701790411501,0.4346342384815216,0.3203352689743042,0.5439356565475464,6891.0,879.0
2,0.9381818175315857,0.9832122921943665,118.0,154.0,0.1860104183175347,0.982118546962738,0.9311270117759705,0.946363627910614,2046.0,2082.0,0.7464327216148376,0.7454455494880676,833.0,1797.0,0.5683980747910825,0.4606974422931671,0.3034883737564087,0.4845297038555145,6959.0,783.0
3,0.9549999833106995,0.9907169342041016,82.0,116.0,0.151081134270538,0.9899548292160034,0.9480751752853394,0.9627272486686707,2084.0,2118.0,0.7334169149398804,0.7088520526885986,878.0,1887.0,0.6933039001922234,0.3923840820789337,0.28114286065101624,0.4566831588745117,6869.0,738.0
4,0.9615908861160278,0.9937493801116943,68.0,101.0,0.13026539772748946,0.9932610988616943,0.9547693729400635,0.9690909385681152,2099.0,2132.0,0.7549170851707458,0.720774233341217,935.0,1607.0,0.6285584841169218,0.41694867610931396,0.2976398468017578,0.4214108884334564,7149.0,681.0
5,0.9725000262260437,0.99616539478302,41.0,80.0,0.11205464804714377,0.9960076212882996,0.964269757270813,0.9813636541366577,2120.0,2159.0,0.7709217071533203,0.7429678440093994,948.0,1428.0,0.5737339403182901,0.44337108731269836,0.3187022805213928,0.4133663475513458,7328.0,668.0
