,accuracy,auc,false_negatives,false_positives,loss,pr,precision,recall,true_negatives,true_positives,val_accuracy,val_auc,val_false_negatives,val_false_positives,val_loss,val_pr,val_precision,val_recall,val_true_negatives,val_true_positives
0,0.9012500047683716,0.9652833938598633,232.0,242.0,0.24036177103718123,0.9672987461090088,0.8995850682258606,0.903333306312561,2158.0,2168.0,0.9897043108940125,0.0,0.0,39.0,0.04517746539324239,0.0,0.0,0.0,3749.0,0.0
1,0.940416693687439,0.9850814342498779,131.0,155.0,0.16362760280569394,0.9849812984466553,0.9360560774803162,0.9454166889190674,2245.0,2269.0,0.9928722381591797,0.0,0.0,27.0,0.03298315584144251,0.0,0.0,0.0,3761.0,0.0
2,0.9527083039283752,0.9911532998085022,100.0,127.0,0.13349197670817375,0.9915058016777039,0.9476720094680786,0.9583333134651184,2273.0,2300.0,0.9849525094032288,0.0,0.0,57.0,0.06557598585359273,0.0,0.0,0.0,3731.0,0.0
3,0.9622916579246521,0.9943311214447021,90.0,91.0,0.1159306584795316,0.9943521618843079,0.9620991349220276,0.9624999761581421,2309.0,2310.0,0.9883843660354614,0.0,0.0,44.0,0.04078549846668492,0.0,0.0,0.0,3744.0,0.0
4,0.9731249809265137,0.9961121082305908,66.0,63.0,0.09891388562818368,0.9962812662124634,0.9737171530723572,0.9725000262260437,2337.0,2334.0,0.9825765490531921,0.0,0.0,66.0,0.06234393804997929,0.0,0.0,0.0,3722.0,0.0
5,0.9764583110809326,0.9977445602416992,55.0,58.0,0.08596138382951418,0.9978764653205872,0.975863516330719,0.9770833253860474,2342.0,2345.0,0.9825765490531921,0.0,0.0,66.0,0.05500145545848886,0.0,0.0,0.0,3722.0,0.0
6,0.9800000190734863,0.9984443783760071,48.0,48.0,0.07727342172215382,0.9985289573669434,0.9800000190734863,0.9800000190734863,2352.0,2352.0,0.9770327210426331,0.0,0.0,87.0,0.07106224128852551,0.0,0.0,0.0,3701.0,0.0
