,accuracy,auc,false_negatives,false_positives,loss,pr,precision,recall,true_negatives,true_positives,val_accuracy,val_auc,val_false_negatives,val_false_positives,val_loss,val_pr,val_precision,val_recall,val_true_negatives,val_true_positives
0,0.934374988079071,0.9830408692359924,141.0,174.0,0.16822676298518977,0.9819431304931641,0.9284833669662476,0.9412500262260437,2226.0,2259.0,0.8069248795509338,0.6567022204399109,117.0,541.0,0.9811443753645454,0.1120511069893837,0.14398734271526337,0.4375,2659.0,91.0
1,0.9495833516120911,0.9892444610595703,113.0,129.0,0.1397264131779472,0.9886977672576904,0.9466059803962708,0.95291668176651,2271.0,2287.0,0.7972418069839478,0.6342683434486389,114.0,577.0,1.0208371010184847,0.10670662671327591,0.14008942246437073,0.45192307233810425,2623.0,94.0
2,0.9641666412353516,0.9948961138725281,80.0,92.0,0.10915598447124163,0.9943494200706482,0.9618573784828186,0.9666666388511658,2308.0,2320.0,0.7681924700737,0.6563641428947449,109.0,681.0,1.0606187753414325,0.11183562129735947,0.1269230842590332,0.4759615361690521,2519.0,99.0
3,0.9714583158493042,0.9965816736221313,60.0,77.0,0.09555838786065579,0.9964545369148254,0.9681423306465149,0.9750000238418579,2323.0,2340.0,0.7969483733177185,0.6372633576393127,111.0,581.0,1.01888151487834,0.10846297442913055,0.1430678516626358,0.4663461446762085,2619.0,97.0
4,0.9779166579246521,0.9976484179496765,48.0,58.0,0.08422026502589385,0.997725248336792,0.9759336113929749,0.9800000190734863,2342.0,2352.0,0.7444248795509338,0.6465790867805481,103.0,768.0,1.1529967681343007,0.10822951793670654,0.12027491629123688,0.504807710647583,2432.0,105.0
5,0.9837499856948853,0.9986540079116821,36.0,42.0,0.0717285552745064,0.998717188835144,0.9825436472892761,0.9850000143051147,2358.0,2364.0,0.8078051805496216,0.634548544883728,120.0,535.0,0.9972614266782859,0.10617698729038239,0.14125201106071472,0.42307692766189575,2665.0,88.0
