,accuracy,auc,false_negatives,false_positives,loss,pr,precision,recall,true_negatives,true_positives,val_accuracy,val_auc,val_false_negatives,val_false_positives,val_loss,val_pr,val_precision,val_recall,val_true_negatives,val_true_positives
0,0.9362499713897705,0.9799889922142029,140.0,166.0,0.17974552114804584,0.977787971496582,0.9315745830535889,0.9416666626930237,2234.0,2260.0,0.620192289352417,0.9548755884170532,5.0,706.0,0.916685560829619,0.7763097882270813,0.2058492749929428,0.9734042286872864,978.0,183.0
1,0.9508333206176758,0.9885808229446411,108.0,128.0,0.14089980078240236,0.9861566424369812,0.9471074342727661,0.9549999833106995,2272.0,2292.0,0.7163461446762085,0.9618246555328369,7.0,524.0,0.6459146620880845,0.8152130246162415,0.2567375898361206,0.9627659320831299,1160.0,181.0
2,0.9612500071525574,0.9925726652145386,90.0,96.0,0.1193410633628567,0.9912761449813843,0.9600997567176819,0.9624999761581421,2304.0,2310.0,0.5320512652397156,0.9656292200088501,1.0,875.0,1.134546265642867,0.7966373562812805,0.17608286440372467,0.9946808218955994,809.0,187.0
3,0.9725000262260437,0.9959452152252197,62.0,70.0,0.09744942617913087,0.9950937032699585,0.9709302186965942,0.9741666913032532,2330.0,2338.0,0.5560897588729858,0.9567077159881592,2.0,829.0,1.114675754155868,0.7586924433708191,0.18325123190879822,0.9893617033958435,855.0,186.0
4,0.9762499928474426,0.9967639446258545,54.0,60.0,0.08950480171789725,0.996085524559021,0.975062370300293,0.9775000214576721,2340.0,2346.0,0.5363247990608215,0.9556953310966492,3.0,865.0,1.1943018263221805,0.729188084602356,0.17619048058986664,0.9840425252914429,819.0,185.0
5,0.9785416722297668,0.9976194500923157,46.0,57.0,0.08103169810026883,0.9969823360443115,0.9763583540916443,0.9808333516120911,2343.0,2354.0,0.5934829115867615,0.9511927366256714,4.0,757.0,1.03940522365081,0.7167233228683472,0.19553665816783905,0.978723406791687,927.0,184.0
6,0.9860416650772095,0.9986763000488281,34.0,33.0,0.06900050284961859,0.9980454444885254,0.986244261264801,0.9858333468437195,2367.0,2366.0,0.625534176826477,0.9572288990020752,5.0,696.0,0.9086604928359007,0.769683301448822,0.2081911265850067,0.9734042286872864,988.0,183.0
