,accuracy,auc,false_negatives,false_positives,loss,pr,precision,recall,true_negatives,true_positives,val_accuracy,val_auc,val_false_negatives,val_false_positives,val_loss,val_pr,val_precision,val_recall,val_true_negatives,val_true_positives
0,0.7634375095367432,0.8329889178276062,378.0,379.0,0.5413862094283104,0.8027201890945435,0.7632729411125183,0.7637500166893005,1221.0,1222.0,0.5767065286636353,0.7421407103538513,412.0,4400.0,1.275149894045911,0.43699198961257935,0.329677015542984,0.840062141418457,4392.0,2164.0
1,0.8865625262260437,0.953433632850647,157.0,206.0,0.28697183683514593,0.9509207010269165,0.8750758171081543,0.9018750190734863,1394.0,1443.0,0.6535890102386475,0.7607933282852173,554.0,3384.0,0.8890894878757915,0.45935970544815063,0.37402886152267456,0.784937858581543,5408.0,2022.0
2,0.921875,0.9795094132423401,95.0,155.0,0.2097866328060627,0.9783273935317993,0.9066265225410461,0.940625011920929,1445.0,1505.0,0.7225545644760132,0.7610193490982056,1111.0,2043.0,0.6318027062117424,0.4531788229942322,0.4176168739795685,0.5687111616134644,6749.0,1465.0
3,0.9518749713897705,0.9907679557800293,45.0,109.0,0.16401842676103115,0.990430474281311,0.934495210647583,0.971875011920929,1491.0,1555.0,0.709535539150238,0.7468553185462952,1153.0,2149.0,0.6742789428222355,0.433427631855011,0.3983762562274933,0.5524068474769592,6643.0,1423.0
4,0.9649999737739563,0.9947641491889954,41.0,71.0,0.13545123025774955,0.9947471618652344,0.9564417004585266,0.9743750095367432,1529.0,1559.0,0.7084799408912659,0.7176494598388672,1413.0,1901.0,0.6947022416405406,0.4076969027519226,0.3795692026615143,0.4514751434326172,6891.0,1163.0
5,0.9759374856948853,0.9972308874130249,20.0,57.0,0.11356095187366008,0.9972171187400818,0.9651802182197571,0.987500011920929,1543.0,1580.0,0.7063687443733215,0.7119446396827698,1470.0,1868.0,0.7233866458204244,0.4002813696861267,0.37188971042633057,0.42934781312942505,6924.0,1106.0
6,0.9825000166893005,0.9983336329460144,20.0,36.0,0.09813379518687725,0.9983880519866943,0.9777227640151978,0.987500011920929,1564.0,1580.0,0.7211470603942871,0.7117220759391785,1583.0,1587.0,0.7092127227850316,0.40410280227661133,0.38488373160362244,0.3854813575744629,7205.0,993.0
7,0.9834374785423279,0.99898362159729,20.0,33.0,0.08678647417575121,0.9990023970603943,0.9795412421226501,0.987500011920929,1567.0,1580.0,0.7141977548599243,0.7120426893234253,1552.0,1697.0,0.742035942292398,0.40314945578575134,0.37633222341537476,0.39751553535461426,7095.0,1024.0
