,accuracy,auc,false_negatives,false_positives,loss,pr,precision,recall,true_negatives,true_positives,val_accuracy,val_auc,val_false_negatives,val_false_positives,val_loss,val_pr,val_precision,val_recall,val_true_negatives,val_true_positives
0,0.9058333039283752,0.9646578431129456,218.0,234.0,0.2435419739286105,0.9660845398902893,0.9031456708908081,0.909166693687439,2166.0,2182.0,0.8295133709907532,0.8542160391807556,252.0,715.0,0.42580187829324323,0.5676847100257874,0.4427123963832855,0.6926829218864441,4137.0,568.0
1,0.9474999904632568,0.9867360591888428,122.0,130.0,0.14910113759338856,0.9869786500930786,0.9460132718086243,0.9491666555404663,2270.0,2278.0,0.8709449768066406,0.8604584336280823,351.0,381.0,0.34849221481086506,0.568253219127655,0.551764726638794,0.5719512104988098,4471.0,469.0
2,0.9620833396911621,0.9925536513328552,88.0,94.0,0.11955839273830254,0.992192804813385,0.9609310030937195,0.9633333086967468,2306.0,2312.0,0.843265175819397,0.8487581610679626,286.0,603.0,0.40441410245612913,0.5319995880126953,0.4696570038795471,0.6512194871902466,4249.0,534.0
3,0.9714583158493042,0.9960732460021973,60.0,77.0,0.09725554733226696,0.996042013168335,0.9681423306465149,0.9750000238418579,2323.0,2340.0,0.8753526210784912,0.857178807258606,385.0,322.0,0.3507409687817349,0.5455959439277649,0.574636697769165,0.5304877758026123,4530.0,435.0
4,0.9777083396911621,0.9972412586212158,53.0,54.0,0.08637649600704511,0.9973271489143372,0.9775093793869019,0.9779166579246521,2346.0,2347.0,0.8439703583717346,0.8426468968391418,343.0,542.0,0.4159714665332197,0.5092307925224304,0.4681059718132019,0.5817072987556458,4310.0,477.0
5,0.9808333516120911,0.9977529644966125,43.0,49.0,0.07929685351749262,0.9978924989700317,0.9796342253684998,0.9820833206176758,2351.0,2357.0,0.8577221632003784,0.8550741672515869,341.0,466.0,0.3713645365914101,0.5527148246765137,0.5068783164024353,0.5841463208198547,4386.0,479.0
6,0.9854166507720947,0.9988683462142944,26.0,44.0,0.06895985517650843,0.998803973197937,0.9818031191825867,0.9891666769981384,2356.0,2374.0,0.8453808426856995,0.8322520852088928,358.0,519.0,0.41728682141378,0.4939882755279541,0.4709480106830597,0.5634146332740784,4333.0,462.0
