,accuracy,auc,false_negatives,false_positives,loss,precision,recall,true_negatives,true_positives,val_accuracy,val_auc,val_false_negatives,val_false_positives,val_loss,val_precision,val_recall,val_true_negatives,val_true_positives
0,0.8377272486686707,0.918256402015686,317.0,397.0,0.3626571569659493,0.8258771896362305,0.8559091091156006,1803.0,1883.0,0.7912649512290955,0.6677393317222595,1028.0,1137.0,0.606848289113315,0.34086957573890686,0.3638613820075989,7619.0,588.0
1,0.9072727560997009,0.9686315655708313,170.0,238.0,0.23945584985342894,0.895061731338501,0.9227272868156433,1962.0,2030.0,0.7027574181556702,0.6676734685897827,922.0,2161.0,0.7024863511036594,0.24308231472969055,0.4294554591178894,6595.0,694.0
2,0.9418181777000427,0.9847189784049988,100.0,156.0,0.18028143828565424,0.9308510422706604,0.9545454382896423,2044.0,2100.0,0.7649440765380859,0.730157732963562,938.0,1500.0,0.5527123215457808,0.3112947642803192,0.4195544421672821,7256.0,678.0
3,0.956818163394928,0.9910866618156433,75.0,115.0,0.14856686253439297,0.9486607313156128,0.9659090638160706,2085.0,2125.0,0.7427690029144287,0.7597386837005615,871.0,1797.0,0.5946756932141696,0.2930763065814972,0.46101483702659607,6959.0,745.0
4,0.9652272462844849,0.9947900772094727,50.0,103.0,0.12566291855140166,0.9542831778526306,0.9772727489471436,2097.0,2150.0,0.7589664459228516,0.7452192902565002,913.0,1587.0,0.5673970480108648,0.30698689818382263,0.4350247383117676,7169.0,703.0
5,0.9731818437576294,0.9961660504341125,53.0,65.0,0.11116424658081749,0.9706148505210876,0.9759091138839722,2135.0,2147.0,0.7733320593833923,0.7451374530792236,932.0,1419.0,0.565377434374419,0.32524964213371277,0.42326733469963074,7337.0,684.0
6,0.980681836605072,0.9977568984031677,36.0,49.0,0.09516520565206354,0.9778581261634827,0.9836363792419434,2151.0,2164.0,0.7367913722991943,0.7519062757492065,849.0,1881.0,0.6238682138565834,0.289652556180954,0.4746287167072296,6875.0,767.0
7,0.9861363768577576,0.9989151358604431,27.0,34.0,0.08218659549951553,0.984594464302063,0.9877272844314575,2166.0,2173.0,0.7104704976081848,0.6969050765037537,885.0,2118.0,0.7266258773222606,0.25658124685287476,0.45235148072242737,6638.0,731.0
