,accuracy,auc,false_negatives,false_positives,loss,precision,recall,true_negatives,true_positives,val_accuracy,val_auc,val_false_negatives,val_false_positives,val_loss,val_precision,val_recall,val_true_negatives,val_true_positives
0,0.9610416889190674,0.9909602403640747,90.0,97.0,0.11581562108981112,0.959700882434845,0.9624999761581421,2303.0,2310.0,0.8723591566085815,0.6291113495826721,174.0,261.0,0.5869663243002735,0.1152542382478714,0.16346153616905212,2939.0,34.0
1,0.9737499952316284,0.9962008595466614,59.0,67.0,0.07077315723523497,0.9721760749816895,0.9754166603088379,2333.0,2341.0,0.8333333134651184,0.6664746999740601,142.0,426.0,0.7870556398036894,0.13414634764194489,0.3173076808452606,2774.0,66.0
2,0.9783333539962769,0.9973332285881042,47.0,57.0,0.05687529360021775,0.9763485193252563,0.9804166555404663,2343.0,2353.0,0.7793427109718323,0.6295604705810547,133.0,619.0,1.4198520377348287,0.10806916654109955,0.36057692766189575,2581.0,75.0
3,0.984375,0.9974590539932251,38.0,37.0,0.04992350716299067,0.9845768809318542,0.98416668176651,2363.0,2362.0,0.7667253613471985,0.6679086089134216,120.0,675.0,1.5083134182741944,0.11533420532941818,0.42307692766189575,2525.0,88.0
4,0.9900000095367432,0.9996190667152405,26.0,22.0,0.02643266415766751,0.9908180236816406,0.9891666769981384,2378.0,2374.0,0.7863849997520447,0.6875886917114258,128.0,600.0,0.9613093865309523,0.11764705926179886,0.38461539149284363,2600.0,80.0
5,0.9935416579246521,0.9993122816085815,17.0,14.0,0.021529647554658974,0.9941593408584595,0.9929166436195374,2386.0,2383.0,0.84272301197052,0.6262553930282593,146.0,390.0,1.2253354206471376,0.13716813921928406,0.29807692766189575,2810.0,62.0
