,accuracy,auc,false_negatives,false_positives,loss,precision,recall,true_negatives,true_positives,val_accuracy,val_auc,val_false_negatives,val_false_positives,val_loss,val_precision,val_recall,val_true_negatives,val_true_positives
0,0.8100000023841858,0.8656847476959229,292.0,316.0,0.5828785608708859,0.8054187297821045,0.8174999952316284,1284.0,1308.0,0.6801548004150391,0.7326518297195435,646.0,2990.0,1.448932520777805,0.39227643609046936,0.7492235898971558,5802.0,1930.0
1,0.9246875047683716,0.969071626663208,108.0,133.0,0.2253465585410595,0.9181538224220276,0.9325000047683716,1467.0,1492.0,0.7046973705291748,0.6285243034362793,1669.0,1688.0,0.7187445878479197,0.3495182991027832,0.3520962595939636,7104.0,907.0
2,0.9481250047683716,0.9836743474006653,67.0,99.0,0.15532831341028214,0.939338207244873,0.9581249952316284,1501.0,1533.0,0.7171885967254639,0.5501148700714111,1865.0,1350.0,0.9379060338870645,0.3449781537055969,0.27600932121276855,7442.0,711.0
3,0.9643750190734863,0.9925680160522461,45.0,69.0,0.10222294040955603,0.9575123190879822,0.971875011920929,1531.0,1555.0,0.7168367505073547,0.5821877121925354,1995.0,1224.0,0.8893741050880615,0.3218836486339569,0.22554348409175873,7568.0,581.0
4,0.9771875143051147,0.9945524334907532,36.0,37.0,0.08079818439669907,0.976889431476593,0.9775000214576721,1563.0,1564.0,0.7197396159172058,0.5965040922164917,2063.0,1123.0,0.8675999300401032,0.31356969475746155,0.19914595782756805,7669.0,513.0
5,0.9778125286102295,0.9967605471611023,31.0,40.0,0.06577969833277166,0.975139856338501,0.9806249737739563,1560.0,1569.0,0.7090957164764404,0.6576452255249023,1661.0,1646.0,1.2814716766788288,0.3572823107242584,0.3552018702030182,7146.0,915.0
6,0.9803125262260437,0.9970212578773499,33.0,30.0,0.06072576009435579,0.9812147617340088,0.9793750047683716,1570.0,1567.0,0.7128782272338867,0.6120534539222717,2113.0,1151.0,0.7381685379103486,0.2868649363517761,0.17973601818084717,7641.0,463.0
