,accuracy,auc,false_negatives,false_positives,loss,precision,recall,true_negatives,true_positives,val_accuracy,val_auc,val_false_negatives,val_false_positives,val_loss,val_precision,val_recall,val_true_negatives,val_true_positives
0,0.9306250214576721,0.976104736328125,159.0,174.0,0.2154196146596223,0.9279503226280212,0.9337499737739563,2226.0,2241.0,0.7466965317726135,0.4185759723186493,1036.0,1111.0,1.6858065335353403,0.05123825743794441,0.054744526743888855,6269.0,60.0
1,0.9629166722297668,0.9927204251289368,87.0,91.0,0.10432989334066708,0.9621464014053345,0.9637500047683716,2309.0,2313.0,0.7943605184555054,0.6085851788520813,1049.0,694.0,0.6215844590633531,0.06342779844999313,0.04288320988416672,6686.0,47.0
2,0.9754166603088379,0.9961745142936707,58.0,60.0,0.06826436793121199,0.9750208258628845,0.9758333563804626,2340.0,2342.0,0.7192071676254272,0.6139978170394897,803.0,1577.0,0.5503657093133607,0.1566844880580902,0.26733577251434326,5803.0,293.0
3,0.981458306312561,0.9980601668357849,48.0,41.0,0.05299626670156916,0.9828667044639587,0.9800000190734863,2359.0,2352.0,0.8192543387413025,0.6040016412734985,1076.0,456.0,0.48633142783991734,0.042016807943582535,0.018248174339532852,6924.0,20.0
4,0.987500011920929,0.9989492893218994,39.0,21.0,0.03696209220060458,0.991183876991272,0.9837499856948853,2379.0,2361.0,0.8187824487686157,0.4235430359840393,1079.0,457.0,1.9521489818402447,0.03586497902870178,0.015510949306190014,6923.0,17.0
5,0.9866666793823242,0.999151349067688,28.0,36.0,0.03357148719544057,0.985049843788147,0.9883333444595337,2364.0,2372.0,0.6979707479476929,0.36274275183677673,1050.0,1510.0,2.3533606548363335,0.02956298179924488,0.04197080433368683,5870.0,46.0
6,0.9908333420753479,0.9990940690040588,21.0,23.0,0.029046704165327054,0.990424633026123,0.9912499785423279,2377.0,2379.0,0.6053562760353088,0.36590737104415894,995.0,2350.0,4.068144883114868,0.04120767116546631,0.09215328097343445,5030.0,101.0
7,0.9910416603088379,0.9991995692253113,19.0,24.0,0.025484160718236427,0.9900208115577698,0.9920833110809326,2376.0,2381.0,0.6606889963150024,0.6768555045127869,480.0,2396.0,0.5543278247160189,0.204515278339386,0.5620437860488892,4984.0,616.0
8,0.9925000071525574,0.9993343353271484,16.0,20.0,0.021090181670927754,0.9916805028915405,0.9933333396911621,2380.0,2384.0,0.8283388614654541,0.45919397473335266,1054.0,401.0,1.8986445647919723,0.09480812400579453,0.03832116723060608,6979.0,42.0
