,accuracy,auc,false_negatives,false_positives,loss,precision,recall,true_negatives,true_positives,val_accuracy,val_auc,val_false_negatives,val_false_positives,val_loss,val_precision,val_recall,val_true_negatives,val_true_positives
0,0.8859090805053711,0.9413391947746277,248.0,254.0,0.3373149010809985,0.8848595023155212,0.8872727155685425,1946.0,1952.0,0.8667566776275635,0.822804868221283,1101.0,281.0,0.3541633536682866,0.6469849348068237,0.31868812441825867,8475.0,515.0
1,0.9459090828895569,0.9857169985771179,103.0,135.0,0.14746453751217234,0.9395161271095276,0.953181803226471,2065.0,2097.0,0.8086193799972534,0.780068039894104,940.0,1045.0,0.6295892633713216,0.3927948772907257,0.4183168411254883,7711.0,676.0
2,0.9606817960739136,0.9925116300582886,75.0,98.0,0.10471701685677876,0.9559154510498047,0.9659090638160706,2102.0,2125.0,0.8118973970413208,0.7830475568771362,1047.0,904.0,0.5648691964411524,0.38628649711608887,0.35210394859313965,7852.0,569.0
3,0.9709091186523438,0.9960939884185791,56.0,72.0,0.07845560558478941,0.9675090312957764,0.9745454788208008,2128.0,2144.0,0.7903972268104553,0.7733689546585083,1023.0,1151.0,0.6820008720347972,0.3400229215621948,0.3669554591178894,7605.0,593.0
4,0.980681836605072,0.9971558451652527,43.0,42.0,0.06177088301713494,0.9809004068374634,0.9804545640945435,2158.0,2157.0,0.7661974430084229,0.7209214568138123,985.0,1440.0,1.3222655517642121,0.30468371510505676,0.3904702961444855,7316.0,631.0
5,0.9854545593261719,0.9983690977096558,30.0,34.0,0.04670029994946989,0.984573483467102,0.9863636493682861,2166.0,2170.0,0.7891438603401184,0.7778208255767822,962.0,1225.0,0.8508304284890554,0.34805747866630554,0.40470296144485474,7531.0,654.0
