,accuracy,auc,false_negatives,false_positives,loss,precision,recall,true_negatives,true_positives,val_accuracy,val_auc,val_false_negatives,val_false_positives,val_loss,val_precision,val_recall,val_true_negatives,val_true_positives
0,0.93770831823349,0.9769706130027771,142.0,157.0,0.21196783183763424,0.9349896311759949,0.940833330154419,2243.0,2258.0,0.9984160661697388,0.0,0.0,6.0,0.004592496171838329,0.0,0.0,3782.0,0.0
1,0.9616666436195374,0.9931620359420776,90.0,94.0,0.10092078772063057,0.9608985185623169,0.9624999761581421,2306.0,2310.0,0.9868004322052002,0.0,0.0,50.0,0.03879428310334533,0.0,0.0,3738.0,0.0
2,0.9783333539962769,0.9963501691818237,49.0,55.0,0.06735701660004755,0.977140486240387,0.9795833230018616,2345.0,2351.0,0.9456177353858948,0.0,0.0,206.0,0.34830508982996755,0.0,0.0,3582.0,0.0
3,0.9797916412353516,0.9973351955413818,49.0,48.0,0.05852688685583416,0.9799916744232178,0.9795833230018616,2352.0,2351.0,0.9978880882263184,0.0,0.0,8.0,0.01403008097263472,0.0,0.0,3780.0,0.0
4,0.9858333468437195,0.9985795617103577,35.0,33.0,0.04054274535815542,0.9862385392189026,0.9854166507720947,2367.0,2365.0,0.9941921830177307,0.0,0.0,22.0,0.033748165282411965,0.0,0.0,3766.0,0.0
5,0.9897916913032532,0.9992302656173706,26.0,23.0,0.0306954680957521,0.9904046654701233,0.9891666769981384,2377.0,2374.0,0.9960401058197021,0.0,0.0,15.0,0.010533294090516652,0.0,0.0,3773.0,0.0
