,accuracy,auc,false_negatives,false_positives,loss,precision,recall,true_negatives,true_positives,val_accuracy,val_auc,val_false_negatives,val_false_positives,val_loss,val_precision,val_recall,val_true_negatives,val_true_positives
0,0.949791669845581,0.9858444333076477,115.0,126.0,0.15250074384423593,0.9477395415306091,0.9520833492279053,2274.0,2285.0,0.41826921701431274,0.7934613227844238,0.0,1089.0,3.8422165018880468,0.14722004532814026,1.0,595.0,188.0
1,0.9714583158493042,0.9947598576545715,68.0,69.0,0.08433360644305746,0.9712619781494141,0.971666693687439,2331.0,2332.0,0.4337606728076935,0.8163377642631531,2.0,1058.0,2.9548994007273617,0.14951768517494202,0.9893617033958435,626.0,186.0
2,0.9791666865348816,0.9964027404785156,48.0,52.0,0.06801450877528016,0.9783693552017212,0.9800000190734863,2348.0,2352.0,0.6517093777656555,0.9158048629760742,6.0,646.0,1.2788420813715355,0.2198067605495453,0.9680851101875305,1038.0,182.0
3,0.9833333492279053,0.9981258511543274,43.0,37.0,0.048403023976522186,0.9845446944236755,0.9820833206176758,2363.0,2357.0,0.4770299196243286,0.9024280309677124,6.0,973.0,1.1465086335809822,0.15757575631141663,0.9680851101875305,711.0,182.0
4,0.987500011920929,0.9980666637420654,31.0,29.0,0.04386273725346352,0.9879065752029419,0.9870833158493042,2371.0,2369.0,0.5769230723381042,0.8685863018035889,5.0,787.0,2.0474759350475082,0.18865978717803955,0.9734042286872864,897.0,183.0
5,0.9891666769981384,0.9988184571266174,21.0,31.0,0.03361683726514457,0.9871369004249573,0.9912499785423279,2369.0,2379.0,0.5486111044883728,0.824397087097168,9.0,836.0,2.4659256033408337,0.17635467648506165,0.9521276354789734,848.0,179.0
6,0.9918749928474426,0.9992530941963196,20.0,19.0,0.02607039620372234,0.99208003282547,0.9916666746139526,2381.0,2380.0,0.5336538553237915,0.867266058921814,7.0,866.0,1.3664904119621994,0.17287488281726837,0.9627659320831299,818.0,181.0
7,0.9920833110809326,0.9992421269416809,18.0,20.0,0.025272024036385118,0.9916735887527466,0.9925000071525574,2380.0,2382.0,0.5357906222343445,0.8287385702133179,5.0,864.0,3.2201052659597154,0.17478510737419128,0.9734042286872864,820.0,183.0
8,0.9954166412353516,0.9996124505996704,14.0,8.0,0.018412041164313754,0.9966583251953125,0.9941666722297668,2392.0,2386.0,0.558226466178894,0.8533775806427002,7.0,820.0,2.144745800230238,0.18081918358802795,0.9627659320831299,864.0,181.0
