,accuracy,auc,false_negatives,false_positives,loss,pr,precision,recall,true_negatives,true_positives,val_accuracy,val_auc,val_false_negatives,val_false_positives,val_loss,val_pr,val_precision,val_recall,val_true_negatives,val_true_positives
0,0.8770833611488342,0.949489176273346,294.0,296.0,0.29070922871430716,0.9478604793548584,0.8767693638801575,0.8774999976158142,2104.0,2106.0,0.7663992643356323,0.33745110034942627,1089.0,891.0,0.8242302012927356,0.08985833078622818,0.007795100100338459,0.006386861205101013,6489.0,7.0
1,0.9350000023841858,0.9846721291542053,137.0,175.0,0.18903300379713375,0.9846243858337402,0.9282198548316956,0.9429166913032532,2225.0,2263.0,0.7258140444755554,0.3113112151622772,1087.0,1237.0,0.8828334884859583,0.08671049773693085,0.007223113905638456,0.008211678825318813,6143.0,9.0
2,0.9527083039283752,0.9912354946136475,100.0,127.0,0.15774096712470054,0.9909500479698181,0.9476720094680786,0.9583333134651184,2273.0,2300.0,0.7197970747947693,0.31387215852737427,1083.0,1292.0,0.8772164921594038,0.0868954285979271,0.009961686097085476,0.011861314065754414,6088.0,13.0
3,0.9645833373069763,0.9949853420257568,74.0,96.0,0.13537866204977037,0.994891345500946,0.9603633284568787,0.9691666960716248,2304.0,2326.0,0.7310051918029785,0.3207610845565796,1083.0,1197.0,0.8854522653321378,0.0878644585609436,0.010743801482021809,0.011861314065754414,6183.0,13.0
4,0.9727083444595337,0.9963933229446411,56.0,75.0,0.12009751816590628,0.9963651895523071,0.9689954519271851,0.9766666889190674,2325.0,2344.0,0.7010382413864136,0.3262439966201782,1059.0,1475.0,0.895955298407115,0.08845437318086624,0.024470899254083633,0.03375912457704544,5905.0,37.0
5,0.9768750071525574,0.9976856708526611,46.0,65.0,0.10762245414157709,0.9976810216903687,0.973129391670227,0.9808333516120911,2335.0,2354.0,0.7157857418060303,0.3266884386539459,1071.0,1338.0,0.9081079652141771,0.088462233543396,0.018341893330216408,0.02281021885573864,6042.0,25.0
