,accuracy,auc,false_negatives,false_positives,loss,pr,precision,recall,true_negatives,true_positives,val_accuracy,val_auc,val_false_negatives,val_false_positives,val_loss,val_pr,val_precision,val_recall,val_true_negatives,val_true_positives
0,0.8995833396911621,0.9626239538192749,230.0,252.0,0.25737311542034147,0.9616355299949646,0.8959537744522095,0.9041666388511658,2148.0,2170.0,0.9875923991203308,0.0,0.0,47.0,0.06513555299140583,0.0,0.0,0.0,3741.0,0.0
1,0.9375,0.9824290871620178,148.0,152.0,0.1964165542523066,0.9819278717041016,0.9367720484733582,0.9383333325386047,2248.0,2252.0,0.9767687320709229,0.0,0.0,88.0,0.10307649194155727,0.0,0.0,0.0,3700.0,0.0
2,0.9493749737739563,0.9891156554222107,112.0,131.0,0.17138988842566807,0.9888733625411987,0.945845365524292,0.95333331823349,2269.0,2288.0,0.9762407541275024,0.0,0.0,90.0,0.08999955236376779,0.0,0.0,0.0,3698.0,0.0
3,0.9520833492279053,0.9905842542648315,106.0,124.0,0.15926274428764978,0.990470826625824,0.9487179517745972,0.9558333158493042,2276.0,2294.0,0.9809926152229309,0.0,0.0,72.0,0.0843809900575228,0.0,0.0,0.0,3716.0,0.0
4,0.9620833396911621,0.9930098652839661,84.0,98.0,0.1449340032041073,0.992842435836792,0.9594034552574158,0.9649999737739563,2302.0,2316.0,0.9738648533821106,0.0,0.0,99.0,0.11346831599126522,0.0,0.0,0.0,3689.0,0.0
5,0.9691666960716248,0.9955229759216309,66.0,82.0,0.12879879139363765,0.9956144094467163,0.9660596251487732,0.9725000262260437,2318.0,2334.0,0.975712776184082,0.0,0.0,92.0,0.10276056156191805,0.0,0.0,0.0,3696.0,0.0
