,accuracy,auc,false_negatives,false_positives,loss,pr,precision,recall,true_negatives,true_positives,val_accuracy,val_auc,val_false_negatives,val_false_positives,val_loss,val_pr,val_precision,val_recall,val_true_negatives,val_true_positives
0,0.8222727179527283,0.9070031046867371,359.0,423.0,0.4073634119467302,0.9044453501701355,0.8131625652313232,0.8368181586265564,1777.0,1841.0,0.7246432900428772,0.6044467091560364,1214.0,1642.0,0.5364198021294755,0.20794905722141266,0.196673184633255,0.2487623691558838,7114.0,402.0
1,0.889090895652771,0.9593591690063477,194.0,294.0,0.31378055420788853,0.9598952531814575,0.8721739053726196,0.9118182063102722,1906.0,2006.0,0.7164481282234192,0.5724421739578247,1188.0,1753.0,0.5937165605300098,0.18756520748138428,0.19624026119709015,0.26485148072242737,7003.0,428.0
2,0.9172727465629578,0.9773120880126953,139.0,225.0,0.26442206447774713,0.9778468608856201,0.9015747904777527,0.9368181824684143,1975.0,2061.0,0.6752796173095703,0.5734758377075195,1083.0,2285.0,0.6681483251175916,0.188264861702919,0.18914122879505157,0.3298267424106598,6471.0,533.0
3,0.9352272748947144,0.9841094613075256,107.0,178.0,0.2345450969175859,0.983688235282898,0.9216204285621643,0.9513636231422424,2022.0,2093.0,0.6935981512069702,0.5718393325805664,1120.0,2058.0,0.6600657783095275,0.19598987698554993,0.1942051649093628,0.30693069100379944,6698.0,496.0
4,0.9490908980369568,0.990070104598999,82.0,142.0,0.20423254495317286,0.9900007843971252,0.9371681213378906,0.9627272486686707,2058.0,2118.0,0.7143270373344421,0.584230899810791,1137.0,1826.0,0.6103351262088821,0.2234310656785965,0.20780910551548004,0.2964108884334564,6930.0,479.0
5,0.9565908908843994,0.9919575452804565,69.0,122.0,0.19018841299143704,0.991966962814331,0.9458499550819397,0.9686363339424133,2078.0,2131.0,0.6889703273773193,0.5730783343315125,1105.0,2121.0,0.6772627019992539,0.20853501558303833,0.1941489428281784,0.31621286273002625,6635.0,511.0
