,accuracy,auc,false_negatives,false_positives,loss,pr,precision,recall,true_negatives,true_positives,val_accuracy,val_auc,val_false_negatives,val_false_positives,val_loss,val_pr,val_precision,val_recall,val_true_negatives,val_true_positives
0,0.9179166555404663,0.9714906811714172,183.0,211.0,0.22860406165321667,0.9692984819412231,0.9130972027778625,0.9237499833106995,2189.0,2217.0,0.5844017267227173,0.9474260210990906,6.0,772.0,0.8388976459829216,0.8384178876876831,0.19077567756175995,0.9680851101875305,912.0,182.0
1,0.9362499713897705,0.9820705652236938,135.0,171.0,0.19432860593001047,0.979375958442688,0.9298029541969299,0.9437500238418579,2229.0,2265.0,0.5422008633613586,0.94742751121521,4.0,853.0,0.9295645717881683,0.8347632884979248,0.17743490636348724,0.978723406791687,831.0,184.0
2,0.9483333230018616,0.98609459400177,115.0,133.0,0.175518197119236,0.9828128814697266,0.9449958801269531,0.9520833492279053,2267.0,2285.0,0.4930555522441864,0.9495202302932739,3.0,946.0,1.0236256703352318,0.8317580223083496,0.1635720580816269,0.9840425252914429,738.0,185.0
3,0.956458330154419,0.9902046918869019,90.0,119.0,0.15792585169275603,0.9875745177268982,0.9510086178779602,0.9624999761581421,2281.0,2310.0,0.4594016969203949,0.9502829909324646,3.0,1009.0,1.1229118027238765,0.8273009061813354,0.1549413800239563,0.9840425252914429,675.0,185.0
4,0.9606249928474426,0.9920821785926819,87.0,102.0,0.1459312404692173,0.9895685911178589,0.9577639698982239,0.9637500047683716,2298.0,2313.0,0.48771366477012634,0.9527641534805298,3.0,956.0,1.0834030137102828,0.8354536294937134,0.16213847696781158,0.9840425252914429,728.0,185.0
5,0.965833306312561,0.993674635887146,63.0,101.0,0.13606339352826277,0.9916834235191345,0.9585726261138916,0.9737499952316284,2299.0,2337.0,0.47489315271377563,0.9575336575508118,2.0,981.0,1.0893207508274632,0.8455580472946167,0.15938302874565125,0.9893617033958435,703.0,186.0
