,accuracy,auc,false_negatives,false_positives,loss,precision,recall,true_negatives,true_positives,val_accuracy,val_auc,val_false_negatives,val_false_positives,val_loss,val_precision,val_recall,val_true_negatives,val_true_positives
0,0.9236363768577576,0.9752385020256042,165.0,171.0,0.200104177756743,0.9224841594696045,0.925000011920929,2029.0,2035.0,0.7616416811943054,0.882368803024292,305.0,2111.0,0.6267839190803745,0.5475782155990601,0.8933566212654114,5165.0,2555.0
1,0.953181803226471,0.9902393817901611,87.0,119.0,0.13669772462411361,0.9466845989227295,0.960454523563385,2081.0,2113.0,0.8148184418678284,0.882209062576294,796.0,1081.0,0.43331519117389217,0.6562798023223877,0.7216783165931702,6195.0,2064.0
2,0.9686363339424133,0.9953057169914246,49.0,89.0,0.10489461451768875,0.9602678418159485,0.9777272939682007,2111.0,2151.0,0.8067284822463989,0.877887487411499,884.0,1075.0,0.4519430168425839,0.6476565003395081,0.6909090876579285,6201.0,1976.0
3,0.9752272963523865,0.997004508972168,46.0,63.0,0.09084442421793938,0.9715832471847534,0.9790909290313721,2137.0,2154.0,0.800611674785614,0.8714690804481506,794.0,1227.0,0.4968700504199482,0.6273914575576782,0.722377598285675,6049.0,2066.0
4,0.9811363816261292,0.9980454444885254,38.0,45.0,0.08084533375095238,0.9796103239059448,0.9827272891998291,2155.0,2162.0,0.7999210953712463,0.8664244413375854,970.0,1058.0,0.4761027033016638,0.6411126255989075,0.6608391404151917,6218.0,1890.0
5,0.9838636517524719,0.9991161823272705,29.0,42.0,0.06808719868687066,0.9810212254524231,0.9868181943893433,2158.0,2171.0,0.8145225048065186,0.8817722201347351,865.0,1015.0,0.4492397831007544,0.6627907156944275,0.6975524425506592,6261.0,1995.0
6,0.9909090995788574,0.99951171875,12.0,28.0,0.05672225811264732,0.987364649772644,0.9945454597473145,2172.0,2188.0,0.8097869157791138,0.8806979060173035,823.0,1105.0,0.473229731150095,0.6483131647109985,0.7122377753257751,6171.0,2037.0
