,accuracy,auc,false_negatives,false_positives,loss,precision,recall,true_negatives,true_positives,val_accuracy,val_auc,val_false_negatives,val_false_positives,val_loss,val_precision,val_recall,val_true_negatives,val_true_positives
0,0.7571874856948853,0.8271008133888245,353.0,424.0,0.5506621880829334,0.7462597489356995,0.7793750166893005,1176.0,1247.0,0.7733110189437866,0.7924313545227051,1292.0,1285.0,0.5623784540070353,0.49980536103248596,0.4984472095966339,7507.0,1284.0
1,0.8862500190734863,0.9556560516357422,138.0,226.0,0.2798194420337677,0.8661137223243713,0.9137499928474426,1374.0,1462.0,0.6885995864868164,0.6964917778968811,1264.0,2276.0,0.7884255508714625,0.3656633198261261,0.5093167424201965,6516.0,1312.0
2,0.9262499809265137,0.9815523624420166,88.0,148.0,0.20104471817612649,0.9108433723449707,0.9449999928474426,1452.0,1512.0,0.7108550071716309,0.7204882502555847,1442.0,1845.0,0.7214157174457386,0.3806646466255188,0.44021740555763245,6947.0,1134.0
3,0.9481250047683716,0.990898847579956,53.0,113.0,0.1571754352375865,0.9319277405738831,0.9668750166893005,1487.0,1547.0,0.7076882719993591,0.72055584192276,1292.0,2031.0,0.7632740060893857,0.3873303234577179,0.4984472095966339,6761.0,1284.0
4,0.9643750190734863,0.9955863356590271,42.0,72.0,0.12692208223044874,0.9558282494544983,0.9737499952316284,1528.0,1558.0,0.6932618021965027,0.6977929472923279,1458.0,2029.0,0.8084017807207503,0.355258971452713,0.4340062141418457,6763.0,1118.0
5,0.9696875214576721,0.9969030022621155,31.0,66.0,0.1121959125995636,0.9596330523490906,0.9806249737739563,1534.0,1569.0,0.6920302510261536,0.6694581508636475,1530.0,1971.0,0.8679830065753408,0.3467020094394684,0.40605589747428894,6821.0,1046.0
