,accuracy,auc,false_negatives,false_positives,loss,pr,precision,recall,true_negatives,true_positives,val_accuracy,val_auc,val_false_negatives,val_false_positives,val_loss,val_pr,val_precision,val_recall,val_true_negatives,val_true_positives
0,0.8186363577842712,0.9027119278907776,375.0,423.0,0.3929179438677701,0.896271288394928,0.8118327260017395,0.8295454382896423,1777.0,1825.0,0.8043771982192993,0.6997129321098328,1030.0,999.0,0.49555050137187356,0.4021599292755127,0.369716078042984,0.36262375116348267,7757.0,586.0
1,0.9049999713897705,0.9645493626594543,173.0,245.0,0.2578459492596713,0.9612624645233154,0.89216548204422,0.9213636517524719,1955.0,2027.0,0.7423833608627319,0.6743244528770447,997.0,1675.0,0.6168426937559053,0.35547876358032227,0.26983433961868286,0.3830445408821106,7081.0,619.0
2,0.9236363768577576,0.9784659147262573,128.0,208.0,0.21159265035932714,0.9765222072601318,0.9087719321250916,0.9418181777000427,1992.0,2072.0,0.7296567559242249,0.647901713848114,1004.0,1800.0,0.638625959585957,0.35738807916641235,0.2537313401699066,0.37871286273002625,6956.0,612.0
3,0.9434090852737427,0.9875126481056213,96.0,153.0,0.1735524451190775,0.9867254495620728,0.9322109222412109,0.9563636183738708,2047.0,2104.0,0.7542421817779541,0.7322758436203003,940.0,1609.0,0.5720462147972549,0.38283225893974304,0.2958424389362335,0.4183168411254883,7147.0,676.0
4,0.9534090757369995,0.9909915924072266,87.0,118.0,0.14993172840638594,0.990680456161499,0.9471089243888855,0.960454523563385,2082.0,2113.0,0.774971067905426,0.7005819082260132,1000.0,1334.0,0.551815455725558,0.3894416093826294,0.3158974349498749,0.38118812441825867,7422.0,616.0
5,0.9611363410949707,0.9941831827163696,67.0,104.0,0.13141817220232704,0.9941288828849792,0.9535091519355774,0.9695454835891724,2096.0,2133.0,0.7603162527084351,0.6697402000427246,1061.0,1425.0,0.6220823558851232,0.35289278626441956,0.280303031206131,0.34344059228897095,7331.0,555.0
