,accuracy,auc,false_negatives,false_positives,loss,pr,precision,recall,true_negatives,true_positives,val_accuracy,val_auc,val_false_negatives,val_false_positives,val_loss,val_pr,val_precision,val_recall,val_true_negatives,val_true_positives
0,0.9311363697052002,0.9763352274894714,144.0,159.0,0.19504843316294931,0.9762652516365051,0.9282166957855225,0.9345454573631287,2041.0,2056.0,0.7794001698493958,0.8499610424041748,847.0,1389.0,0.5435144808599115,0.669446587562561,0.5917107462882996,0.7038461565971375,5887.0,2013.0
1,0.9549999833106995,0.9893460869789124,92.0,106.0,0.14050540425560692,0.9893612861633301,0.9521228671073914,0.9581817984580994,2094.0,2108.0,0.7760457992553711,0.8321060538291931,1160.0,1110.0,0.5377883551246836,0.671184778213501,0.6049821972846985,0.5944055914878845,6166.0,1700.0
2,0.9659090638160706,0.9946292638778687,59.0,91.0,0.10964252978563309,0.9946549534797668,0.9592294096946716,0.9731818437576294,2109.0,2141.0,0.7651933431625366,0.8345209956169128,952.0,1428.0,0.5838026550216946,0.6483744978904724,0.5719424486160278,0.6671328544616699,5848.0,1908.0
3,0.9781818389892578,0.9976666569709778,44.0,52.0,0.08802473405545408,0.9976871609687805,0.9764492511749268,0.9800000190734863,2148.0,2156.0,0.7677584886550903,0.8324618339538574,1049.0,1305.0,0.5686242726720405,0.657319962978363,0.5811938643455505,0.6332167983055115,5971.0,1811.0
4,0.9802272915840149,0.9984109401702881,38.0,49.0,0.07926124943928285,0.9984251260757446,0.9778380990028381,0.9827272891998291,2151.0,2162.0,0.7672652006149292,0.8306440711021423,1167.0,1192.0,0.5768234690249954,0.6495568752288818,0.5868284106254578,0.5919580459594727,6084.0,1693.0
5,0.9845454692840576,0.9986315369606018,27.0,41.0,0.0725026120651852,0.9985214471817017,0.9814814925193787,0.9877272844314575,2159.0,2173.0,0.7656866908073425,0.8234500885009766,1213.0,1162.0,0.5978127824291057,0.6392327547073364,0.5863296389579773,0.5758741497993469,6114.0,1647.0
6,0.989545464515686,0.9995279908180237,18.0,28.0,0.06076867780902169,0.999539852142334,0.9873303174972534,0.9918181896209717,2172.0,2182.0,0.7795974612236023,0.8423426151275635,1221.0,1013.0,0.5561535680209357,0.6638877391815186,0.6180241107940674,0.5730769038200378,6263.0,1639.0
