,accuracy,auc,false_negatives,false_positives,loss,pr,precision,recall,true_negatives,true_positives,val_accuracy,val_auc,val_false_negatives,val_false_positives,val_loss,val_pr,val_precision,val_recall,val_true_negatives,val_true_positives
0,0.9275000095367432,0.9809005856513977,163.0,185.0,0.1838732846826315,0.9809135794639587,0.9236168265342712,0.9320833086967468,2215.0,2237.0,0.7461854219436646,0.6881303191184998,98.0,767.0,1.1438072816306997,0.127408966422081,0.12542758882045746,0.5288461446762085,2433.0,110.0
1,0.9495833516120911,0.9893094301223755,95.0,147.0,0.1475086483359337,0.9895450472831726,0.9400489330291748,0.9604166746139526,2253.0,2305.0,0.7723004817962646,0.7105603814125061,101.0,675.0,1.0073021826609758,0.13002710044384003,0.13682864606380463,0.5144230723381042,2525.0,107.0
2,0.9585416913032532,0.9930440187454224,89.0,110.0,0.12861143792668978,0.9928303956985474,0.9545642137527466,0.9629166722297668,2290.0,2311.0,0.8057511448860168,0.7142481207847595,103.0,559.0,0.9393024307461412,0.1274956315755844,0.15813252329826355,0.504807710647583,2641.0,105.0
3,0.9712499976158142,0.9960407614707947,63.0,75.0,0.10690630716582139,0.9959362149238586,0.9689054489135742,0.9737499952316284,2325.0,2337.0,0.78227698802948,0.7132353186607361,102.0,640.0,1.0326834486124101,0.1296979933977127,0.14209115505218506,0.5096153616905212,2560.0,106.0
4,0.9737499952316284,0.9972801208496094,51.0,75.0,0.09474987864494323,0.99726802110672,0.969059407711029,0.9787499904632568,2325.0,2349.0,0.7599765062332153,0.6921483874320984,100.0,718.0,1.121313343585377,0.1288532018661499,0.1307506114244461,0.5192307829856873,2482.0,108.0
5,0.9785416722297668,0.997800886631012,49.0,54.0,0.0875868192811807,0.9978018403053284,0.977546751499176,0.9795833230018616,2346.0,2351.0,0.7723004817962646,0.6947904229164124,102.0,674.0,1.0752359597895627,0.12739607691764832,0.1358974426984787,0.5096153616905212,2526.0,106.0
6,0.9789583086967468,0.9981341361999512,40.0,61.0,0.08235475404808919,0.9981180429458618,0.9748038053512573,0.9833333492279053,2339.0,2360.0,0.7831572890281677,0.6967899799346924,105.0,634.0,1.0539611598975223,0.1248793751001358,0.13975577056407928,0.4951923191547394,2566.0,103.0
7,0.9833333492279053,0.9986515045166016,35.0,45.0,0.07423598395039638,0.9986711144447327,0.9813277721405029,0.9854166507720947,2355.0,2365.0,0.7541079521179199,0.688170850276947,97.0,741.0,1.1599010524335602,0.12725767493247986,0.13028168678283691,0.5336538553237915,2459.0,111.0
