,accuracy,auc,false_negatives,false_positives,loss,pr,precision,recall,true_negatives,true_positives,val_accuracy,val_auc,val_false_negatives,val_false_positives,val_loss,val_pr,val_precision,val_recall,val_true_negatives,val_true_positives
0,0.7728124856948853,0.8397744297981262,354.0,373.0,0.5147042973339557,0.8015406727790833,0.7696108818054199,0.7787500023841858,1227.0,1246.0,0.7037297487258911,0.7351243495941162,1326.0,2042.0,0.7437830024898933,0.3922463059425354,0.3797083795070648,0.4852484464645386,6750.0,1250.0
1,0.8915625214576721,0.9577615261077881,143.0,204.0,0.2768484719097614,0.9556978940963745,0.8771824240684509,0.9106249809265137,1396.0,1457.0,0.6737332940101624,0.7102139592170715,1262.0,2447.0,0.8201134484851134,0.362531453371048,0.3493751585483551,0.5100931525230408,6345.0,1314.0
2,0.9193750023841858,0.980088472366333,93.0,165.0,0.21017625518143176,0.9793750047683716,0.9013158082962036,0.9418749809265137,1435.0,1507.0,0.6982758641242981,0.7069503664970398,1401.0,2029.0,0.7592659983351396,0.3613874316215515,0.36672908067703247,0.45613354444503784,6763.0,1175.0
3,0.9418749809265137,0.9871286749839783,68.0,118.0,0.17657972700893879,0.9865686893463135,0.9284848570823669,0.9574999809265137,1482.0,1532.0,0.6988036632537842,0.6906037330627441,1628.0,1796.0,0.7600889368471673,0.3457421660423279,0.3454810380935669,0.3680124282836914,6996.0,948.0
4,0.9618750214576721,0.9936480522155762,40.0,82.0,0.14248237065970898,0.9934639930725098,0.9500609040260315,0.9750000238418579,1518.0,1560.0,0.6989796161651611,0.6962289214134216,1618.0,1804.0,0.7811278902272117,0.351923406124115,0.34685009717941284,0.3718944191932678,6988.0,958.0
5,0.971875011920929,0.996296226978302,32.0,58.0,0.11784483518451452,0.9961330890655518,0.9643296599388123,0.9800000190734863,1542.0,1568.0,0.700299084186554,0.6997888684272766,1542.0,1865.0,0.7994028115297689,0.3512857258319855,0.3566747009754181,0.4013975262641907,6927.0,1034.0
