,accuracy,auc,false_negatives,false_positives,loss,pr,precision,recall,true_negatives,true_positives,val_accuracy,val_auc,val_false_negatives,val_false_positives,val_loss,val_pr,val_precision,val_recall,val_true_negatives,val_true_positives
0,0.8985416889190674,0.9630031585693359,225.0,262.0,0.247173651928703,0.9616201519966125,0.8924907445907593,0.90625,2138.0,2175.0,0.7239263653755188,0.286681205034256,1077.0,1263.0,1.022117543411795,0.08392984420061111,0.014820592477917671,0.017335766926407814,6117.0,19.0
1,0.9477083086967468,0.9887571334838867,109.0,142.0,0.15049672596156596,0.98860102891922,0.9416358470916748,0.9545833468437195,2258.0,2291.0,0.7131901979446411,0.25718486309051514,1066.0,1365.0,1.095142107855998,0.08114781230688095,0.02150537632405758,0.027372263371944427,6015.0,30.0
2,0.9643750190734863,0.994225263595581,77.0,94.0,0.1185274901241064,0.9940718412399292,0.9611088037490845,0.9679166674613953,2306.0,2323.0,0.7625058889389038,0.3105008006095886,1091.0,922.0,0.9854517634492148,0.08690572530031204,0.005393743049353361,0.004562043584883213,6458.0,5.0
3,0.9733333587646484,0.9956191182136536,60.0,68.0,0.10328774159153302,0.9951016902923584,0.9717608094215393,0.9750000238418579,2332.0,2340.0,0.7048135995864868,0.2870059013366699,1081.0,1421.0,1.070836748307243,0.0840500146150589,0.01044568233191967,0.013686131685972214,5959.0,15.0
4,0.9758333563804626,0.9978138208389282,50.0,66.0,0.0904000823944807,0.9978214502334595,0.9726821184158325,0.9791666865348816,2334.0,2350.0,0.7347805500030518,0.31308701634407043,1089.0,1159.0,1.0338415763129485,0.08700297027826309,0.00600343057885766,0.006386861205101013,6221.0,7.0
5,0.981249988079071,0.9985849857330322,31.0,59.0,0.07788246046751737,0.9985575079917908,0.9757001399993896,0.9870833158493042,2341.0,2369.0,0.7286455631256104,0.273984432220459,1058.0,1242.0,1.1163018442876724,0.08282489329576492,0.02968749962747097,0.03467153385281563,6138.0,38.0
6,0.9852083325386047,0.998852014541626,24.0,47.0,0.07047171940406163,0.9988653659820557,0.9806025624275208,0.9900000095367432,2353.0,2376.0,0.7129542231559753,0.304807186126709,1084.0,1349.0,1.095942998506259,0.08596286177635193,0.008817045949399471,0.010948904789984226,6031.0,12.0
7,0.9891666769981384,0.999163806438446,23.0,29.0,0.06364795985321203,0.9991706609725952,0.9879468083381653,0.9904166460037231,2371.0,2377.0,0.6985606551170349,0.2933522164821625,1080.0,1475.0,1.1443489645381422,0.08476738631725311,0.010731052607297897,0.014598540030419827,5905.0,16.0
