,accuracy,auc,false_negatives,false_positives,loss,pr,precision,recall,true_negatives,true_positives,val_accuracy,val_auc,val_false_negatives,val_false_positives,val_loss,val_pr,val_precision,val_recall,val_true_negatives,val_true_positives
0,0.9045833349227905,0.9672948122024536,239.0,219.0,0.2338502680758635,0.9683603048324585,0.9079831838607788,0.9004166722297668,2181.0,2161.0,0.9976240992546082,0.0,0.0,9.0,0.016894366661993416,0.0,0.0,0.0,3779.0,0.0
1,0.9431250095367432,0.9867069125175476,144.0,129.0,0.16120803480346999,0.9870494604110718,0.9459119439125061,0.9399999976158142,2271.0,2256.0,0.987856388092041,0.0,0.0,46.0,0.04773344998980588,0.0,0.0,0.0,3742.0,0.0
2,0.9579166769981384,0.9920752048492432,96.0,106.0,0.13280560672283173,0.9921549558639526,0.9560166001319885,0.9599999785423279,2294.0,2304.0,0.9722808599472046,0.0,0.0,105.0,0.08060730588174923,0.0,0.0,0.0,3683.0,0.0
3,0.9608333110809326,0.9936730265617371,97.0,91.0,0.12367164457837741,0.9939681887626648,0.9619883298873901,0.9595833420753479,2309.0,2303.0,0.9860084652900696,0.0,0.0,53.0,0.04593916059547392,0.0,0.0,0.0,3735.0,0.0
4,0.9681249856948853,0.995526134967804,76.0,77.0,0.10719635054469108,0.9956953525543213,0.967930018901825,0.9683333039283752,2323.0,2324.0,0.9765047430992126,0.0,0.0,89.0,0.07586857654476871,0.0,0.0,0.0,3699.0,0.0
5,0.9747916460037231,0.9974889159202576,62.0,59.0,0.09280821261306604,0.9975767135620117,0.9753859043121338,0.9741666913032532,2341.0,2338.0,0.9817845821380615,0.0,0.0,69.0,0.05495953061465477,0.0,0.0,0.0,3719.0,0.0
