,accuracy,auc,false_negatives,false_positives,loss,pr,precision,recall,true_negatives,true_positives,val_accuracy,val_auc,val_false_negatives,val_false_positives,val_loss,val_pr,val_precision,val_recall,val_true_negatives,val_true_positives
0,0.8966666460037231,0.9590131044387817,245.0,251.0,0.26057922447721166,0.9590482711791992,0.8956774473190308,0.8979166746139526,2149.0,2155.0,0.8381523489952087,0.8716890811920166,224.0,694.0,0.37340983042259646,0.6283658742904663,0.4620155096054077,0.7268292903900146,4158.0,596.0
1,0.9291666746139526,0.9808065891265869,150.0,190.0,0.1837445167452097,0.9803946614265442,0.9221311211585999,0.9375,2210.0,2250.0,0.8397390842437744,0.847859799861908,304.0,605.0,0.3939988715692367,0.5421591997146606,0.46030330657958984,0.6292682886123657,4247.0,516.0
2,0.9510416388511658,0.9888924360275269,104.0,131.0,0.14810181953012944,0.9890185594558716,0.9460238814353943,0.9566666483879089,2269.0,2296.0,0.857898473739624,0.8731237053871155,268.0,538.0,0.3485401127124875,0.6028634309768677,0.5064220428466797,0.6731707453727722,4314.0,552.0
3,0.9566666483879089,0.9924905300140381,102.0,106.0,0.1302762364844481,0.9924679398536682,0.9559068083763123,0.9574999809265137,2294.0,2298.0,0.8459097146987915,0.8592932224273682,278.0,596.0,0.3813451386473243,0.563299834728241,0.47627416253089905,0.6609756350517273,4256.0,542.0
4,0.9677083492279053,0.995413601398468,71.0,84.0,0.11032883944610755,0.9954253435134888,0.9651885628700256,0.9704166650772095,2316.0,2329.0,0.8459097146987915,0.8547983765602112,276.0,598.0,0.3881235226505398,0.5721718072891235,0.47635728120803833,0.6634146571159363,4254.0,544.0
5,0.9712499976158142,0.9963728785514832,63.0,75.0,0.10206848646203677,0.9963196516036987,0.9689054489135742,0.9737499952316284,2325.0,2337.0,0.8245768547058105,0.8742266297340393,177.0,818.0,0.4317758966063915,0.6049765348434448,0.440109521150589,0.7841463685035706,4034.0,643.0
6,0.9745833277702332,0.9971804618835449,56.0,66.0,0.09419697930415472,0.9971335530281067,0.9726141095161438,0.9766666889190674,2334.0,2344.0,0.8418547511100769,0.8704583048820496,217.0,680.0,0.3995014432455152,0.5777347683906555,0.4699922204017639,0.7353658676147461,4172.0,603.0
7,0.9818750023841858,0.9983142018318176,40.0,47.0,0.08096395339816809,0.998193621635437,0.9804736375808716,0.9833333492279053,2353.0,2360.0,0.8358603715896606,0.8624436855316162,246.0,685.0,0.4011869471315268,0.5628060698509216,0.4559173882007599,0.699999988079071,4167.0,574.0
