,accuracy,auc,false_negatives,false_positives,loss,precision,recall,true_negatives,true_positives,val_accuracy,val_auc,val_false_negatives,val_false_positives,val_loss,val_precision,val_recall,val_true_negatives,val_true_positives
0,0.8493182063102722,0.9269171357154846,280.0,383.0,0.3457502368363467,0.8336951732635498,0.8727272748947144,1817.0,1920.0,0.8790011405944824,0.8421624898910522,1002.0,253.0,0.32653252425004836,0.7081891298294067,0.37995049357414246,8503.0,614.0
1,0.9040908813476562,0.9641836285591125,162.0,260.0,0.2571981621872295,0.8868581652641296,0.9263636469841003,1940.0,2038.0,0.8010026812553406,0.8313165307044983,508.0,1556.0,0.43232307763252303,0.41591590642929077,0.6856435537338257,7200.0,1108.0
2,0.9227272868156433,0.9751706123352051,118.0,222.0,0.22090718887069008,0.9036458134651184,0.946363627910614,1978.0,2082.0,0.7980138659477234,0.7915993332862854,672.0,1423.0,0.45501311350365287,0.3988170623779297,0.5841584205627441,7333.0,944.0
3,0.933863639831543,0.9830479621887207,110.0,181.0,0.19173257659782064,0.9202994108200073,0.949999988079071,2019.0,2090.0,0.8417855501174927,0.8171467781066895,708.0,933.0,0.3889952370594516,0.49321022629737854,0.5618811845779419,7823.0,908.0
4,0.9395454525947571,0.986889660358429,100.0,166.0,0.17567512327974494,0.9267431497573853,0.9545454382896423,2034.0,2100.0,0.7911685109138489,0.7925258278846741,657.0,1509.0,0.49009676705765715,0.3885737359523773,0.593440592288971,7247.0,959.0
5,0.9445454478263855,0.9887678623199463,93.0,151.0,0.1620174728469415,0.93312668800354,0.9577272534370422,2049.0,2107.0,0.829155445098877,0.7360284328460693,928.0,844.0,0.48829004960404,0.44908615946769714,0.42574256658554077,7912.0,688.0
