,accuracy,auc,false_negatives,false_positives,loss,precision,recall,true_negatives,true_positives,val_accuracy,val_auc,val_false_negatives,val_false_positives,val_loss,val_precision,val_recall,val_true_negatives,val_true_positives
0,0.8656250238418579,0.9355521202087402,318.0,327.0,0.32483569512764615,0.8642590045928955,0.8675000071525574,2073.0,2082.0,0.8577221632003784,0.8825708627700806,229.0,578.0,0.3325586497825695,0.5055602788925171,0.7207317352294922,4274.0,591.0
1,0.8924999833106995,0.9598907232284546,258.0,258.0,0.2651532609760761,0.8924999833106995,0.8924999833106995,2142.0,2142.0,0.8430888652801514,0.8743917942047119,223.0,667.0,0.3649006023561669,0.4723101258277893,0.7280488014221191,4185.0,597.0
2,0.9141666889190674,0.9701355695724487,211.0,201.0,0.23590059647957484,0.9158995747566223,0.9120833277702332,2199.0,2189.0,0.8547249436378479,0.8700199127197266,242.0,582.0,0.3532410711260205,0.49827587604522705,0.704878032207489,4270.0,578.0
3,0.9231250286102295,0.9778234958648682,178.0,191.0,0.21071149637301764,0.9208454489707947,0.9258333444595337,2209.0,2222.0,0.8420310020446777,0.8561879992485046,254.0,642.0,0.3851350755003847,0.46854305267333984,0.6902438998222351,4210.0,566.0
4,0.9312499761581421,0.9830980896949768,168.0,162.0,0.19047181566556295,0.932330846786499,0.9300000071525574,2238.0,2232.0,0.8425599336624146,0.8407772779464722,308.0,585.0,0.3737349487074003,0.46672743558883667,0.6243902444839478,4267.0,512.0
5,0.9397916793823242,0.9857804775238037,145.0,144.0,0.17757939303914705,0.9399749636650085,0.9395833611488342,2256.0,2255.0,0.8295133709907532,0.8639984726905823,223.0,744.0,0.40041041879669065,0.4451901614665985,0.7280488014221191,4108.0,597.0
