,accuracy,auc,false_negatives,false_positives,loss,precision,recall,true_negatives,true_positives,val_accuracy,val_auc,val_false_negatives,val_false_positives,val_loss,val_precision,val_recall,val_true_negatives,val_true_positives
0,0.8915908932685852,0.9563156366348267,239.0,238.0,0.2748566749421033,0.8917689919471741,0.8913636207580566,1962.0,1961.0,0.7910418510437012,0.8236599564552307,1094.0,1024.0,0.4881761787957626,0.6329749226570129,0.6174825429916382,6252.0,1766.0
1,0.9170454740524292,0.9750385880470276,181.0,184.0,0.21903020522811195,0.9164775013923645,0.9177272915840149,2016.0,2019.0,0.7909431457519531,0.8138225674629211,1283.0,836.0,0.5025508584661943,0.6535432934761047,0.5513985753059387,6440.0,1577.0
2,0.9325000047683716,0.9819164276123047,136.0,161.0,0.19163920554247768,0.927640438079834,0.9381818175315857,2039.0,2064.0,0.7986385226249695,0.8583568334579468,721.0,1320.0,0.4653873755975135,0.6183868050575256,0.7479020953178406,5956.0,2139.0
3,0.9440909028053284,0.9874001741409302,109.0,137.0,0.16812575546177952,0.9385098814964294,0.9504545331001282,2063.0,2091.0,0.7899565696716309,0.8508386611938477,710.0,1419.0,0.4980482158457659,0.6024096608161926,0.751748263835907,5857.0,2150.0
4,0.9545454382896423,0.9916583895683289,89.0,111.0,0.14456476536664095,0.9500449895858765,0.9595454335212708,2089.0,2111.0,0.7870954871177673,0.8382040858268738,990.0,1168.0,0.48888557064975446,0.6155365109443665,0.6538461446762085,6108.0,1870.0
5,0.9613636136054993,0.9931752681732178,73.0,97.0,0.1344815324924209,0.9563848972320557,0.9668181538581848,2103.0,2127.0,0.8011049628257751,0.8422327637672424,1055.0,961.0,0.4760227250883498,0.6525669097900391,0.631118893623352,6315.0,1805.0
6,0.9615908861160278,0.9937146306037903,67.0,102.0,0.1290747498924082,0.9543623924255371,0.9695454835891724,2098.0,2133.0,0.7813733220100403,0.8116311430931091,1244.0,972.0,0.5385900184970817,0.6244204044342041,0.5650349855422974,6304.0,1616.0
7,0.965681791305542,0.9959512948989868,58.0,93.0,0.11623522482135079,0.9583892822265625,0.9736363887786865,2107.0,2142.0,0.79222571849823,0.8321928977966309,1354.0,752.0,0.5231695446379089,0.6669619083404541,0.5265734195709229,6524.0,1506.0
