,accuracy,auc,false_negatives,false_positives,loss,precision,recall,true_negatives,true_positives,val_accuracy,val_auc,val_false_negatives,val_false_positives,val_loss,val_precision,val_recall,val_true_negatives,val_true_positives
0,0.6259375214576721,0.6990340352058411,924.0,273.0,0.6589416521787643,0.7123287916183472,0.42250001430511475,1327.0,676.0,0.7733989953994751,0.3712228834629059,2576.0,0.0,0.598682606119576,0.0,0.0,8792.0,0.0
1,0.8168749809265137,0.9045636653900146,360.0,226.0,0.45519079238176346,0.8458390235900879,0.7749999761581421,1374.0,1240.0,0.7733989953994751,0.39335256814956665,2576.0,0.0,0.5455935282828017,0.0,0.0,8792.0,0.0
2,0.8793749809265137,0.9546765685081482,201.0,185.0,0.36142104625701904,0.8832070827484131,0.8743749856948853,1415.0,1399.0,0.7733989953994751,0.42638418078422546,2576.0,0.0,0.5637609079469684,0.0,0.0,8792.0,0.0
3,0.9159374833106995,0.9740777611732483,114.0,155.0,0.30465165615081785,0.9055454134941101,0.9287499785423279,1445.0,1486.0,0.7726073265075684,0.514241099357605,2576.0,9.0,0.5639713413693551,0.0,0.0,8783.0,0.0
4,0.9309375286102295,0.9836784601211548,73.0,148.0,0.2631403517723083,0.9116417765617371,0.9543750286102295,1452.0,1527.0,0.7522871494293213,0.5952545404434204,2467.0,349.0,0.545782078243661,0.23799127340316772,0.04231366515159607,8443.0,109.0
5,0.948437511920929,0.9905334115028381,51.0,114.0,0.2296905443072319,0.9314491748809814,0.9681249856948853,1486.0,1549.0,0.7148135304450989,0.6260143518447876,2082.0,1160.0,0.5596118345594506,0.2986699044704437,0.19177018105983734,7632.0,494.0
6,0.9628124833106995,0.9933973550796509,39.0,80.0,0.20482344254851342,0.9512492418289185,0.9756249785423279,1520.0,1561.0,0.6754925847053528,0.623410701751709,1830.0,1859.0,0.6037754604801336,0.2863723635673523,0.2895962595939636,6933.0,746.0
