,accuracy,auc,false_negatives,false_positives,loss,precision,recall,true_negatives,true_positives,val_accuracy,val_auc,val_false_negatives,val_false_positives,val_loss,val_precision,val_recall,val_true_negatives,val_true_positives
0,0.9384090900421143,0.9792130589485168,155.0,116.0,0.18621274720538747,0.9463211297988892,0.9295454621315002,2084.0,2045.0,0.7351025938987732,0.7607210278511047,1330.0,1355.0,0.6355475885433387,0.5303292870521545,0.5349650382995605,5921.0,1530.0
1,0.9574999809265137,0.9906130433082581,95.0,92.0,0.1432135852629488,0.9581246972084045,0.956818163394928,2108.0,2105.0,0.7422059774398804,0.7663790583610535,1357.0,1256.0,0.6175482959472578,0.5447626113891602,0.5255244970321655,6020.0,1503.0
2,0.9654545187950134,0.9948427677154541,74.0,78.0,0.11912291705608367,0.9646098017692566,0.9663636088371277,2122.0,2126.0,0.7515785098075867,0.7830106019973755,1340.0,1178.0,0.6010707215521405,0.5633803009986877,0.5314685106277466,6098.0,1520.0
3,0.975454568862915,0.996674120426178,46.0,62.0,0.10615743217143145,0.9720216393470764,0.9790909290313721,2138.0,2154.0,0.7468429207801819,0.7818201184272766,1316.0,1250.0,0.6176990092906222,0.5526127219200134,0.5398601293563843,6026.0,1544.0
4,0.980681836605072,0.9976105690002441,31.0,54.0,0.09496815155852925,0.9757084846496582,0.985909104347229,2146.0,2169.0,0.7554262280464172,0.7693802118301392,1375.0,1104.0,0.6210993334074706,0.5735805034637451,0.5192307829856873,6172.0,1485.0
5,0.9831818342208862,0.9983679056167603,31.0,43.0,0.08446252064271406,0.9805606007575989,0.985909104347229,2157.0,2169.0,0.7538476586341858,0.7670862078666687,1417.0,1078.0,0.6176649420724295,0.572391927242279,0.5045454502105713,6198.0,1443.0
6,0.985909104347229,0.9986900091171265,26.0,36.0,0.08081156332384457,0.9837104082107544,0.9881818294525146,2164.0,2174.0,0.7515785098075867,0.7671980261802673,1450.0,1068.0,0.6548751745999283,0.5690072774887085,0.49300700426101685,6208.0,1410.0
7,0.9902272820472717,0.9990566372871399,17.0,26.0,0.07191477843983607,0.9882299900054932,0.9922727346420288,2174.0,2183.0,0.7586819529533386,0.7868384718894958,1460.0,986.0,0.6049218445004867,0.5867560505867004,0.4895104765892029,6290.0,1400.0
