,accuracy,auc,false_negatives,false_positives,loss,precision,recall,true_negatives,true_positives,val_accuracy,val_auc,val_false_negatives,val_false_positives,val_loss,val_precision,val_recall,val_true_negatives,val_true_positives
0,0.9310416579246521,0.9793102145195007,154.0,177.0,0.19059465299050013,0.9269500374794006,0.9358333349227905,2223.0,2246.0,0.566773533821106,0.9443526268005371,6.0,805.0,0.9616534669175107,0.1843971610069275,0.9680851101875305,879.0,182.0
1,0.9468749761581421,0.9869866371154785,125.0,130.0,0.16379583845535914,0.9459459185600281,0.9479166865348816,2270.0,2275.0,0.5865384340286255,0.9519760608673096,7.0,767.0,0.8965152176017435,0.19092826545238495,0.9627659320831299,917.0,181.0
2,0.95333331823349,0.9899736046791077,99.0,125.0,0.15129848957061767,0.9484748840332031,0.9587500095367432,2275.0,2301.0,0.6618589758872986,0.9557695388793945,5.0,628.0,0.7332316621755942,0.22564734518527985,0.9734042286872864,1056.0,183.0
3,0.9637500047683716,0.9940232038497925,85.0,89.0,0.13129956600566706,0.9629783630371094,0.9645833373069763,2311.0,2315.0,0.6939102411270142,0.9626616835594177,5.0,568.0,0.6531226996682648,0.243675097823143,0.9734042286872864,1116.0,183.0
4,0.9683333039283752,0.9953939318656921,72.0,80.0,0.12056705005466938,0.9667773842811584,0.9700000286102295,2320.0,2328.0,0.685363233089447,0.9596483707427979,6.0,583.0,0.655887065280197,0.2379084974527359,0.9680851101875305,1101.0,182.0
5,0.9758333563804626,0.9965669512748718,55.0,61.0,0.11136648893356323,0.9746466875076294,0.9770833253860474,2339.0,2345.0,0.5817307829856873,0.9606306552886963,2.0,781.0,0.9069687846379403,0.1923474669456482,0.9893617033958435,903.0,186.0
6,0.9783333539962769,0.9972717761993408,48.0,56.0,0.10513662700851759,0.9767441749572754,0.9800000190734863,2344.0,2352.0,0.6570512652397156,0.9530183672904968,5.0,637.0,0.7751325911436325,0.22317072749137878,0.9734042286872864,1047.0,183.0
7,0.9795833230018616,0.9981334209442139,38.0,60.0,0.09658181426425774,0.9752270579338074,0.98416668176651,2340.0,2362.0,0.6474359035491943,0.9623333215713501,4.0,656.0,0.7817381678992866,0.21904762089252472,0.978723406791687,1028.0,184.0
8,0.9862499833106995,0.9985530972480774,31.0,35.0,0.08981970742344857,0.9854409098625183,0.9870833158493042,2365.0,2369.0,0.6239316463470459,0.9557157754898071,2.0,702.0,0.8639681313791846,0.20945945382118225,0.9893617033958435,982.0,186.0
