,accuracy,auc,false_negatives,false_positives,loss,precision,recall,true_negatives,true_positives,val_accuracy,val_auc,val_false_negatives,val_false_positives,val_loss,val_precision,val_recall,val_true_negatives,val_true_positives
0,0.8820833563804626,0.9518284797668457,308.0,258.0,0.2859248504042625,0.8902127742767334,0.871666669845581,2142.0,2092.0,0.9860084652900696,0.0,0.0,53.0,0.06437994332034082,0.0,0.0,3735.0,0.0
1,0.9204166531562805,0.9767069816589355,194.0,188.0,0.21631968061129253,0.9214703440666199,0.9191666841506958,2212.0,2206.0,0.9897043108940125,0.0,0.0,39.0,0.061643684882800455,0.0,0.0,3749.0,0.0
2,0.9389583468437195,0.9844233989715576,144.0,149.0,0.18868990118304887,0.9380457401275635,0.9399999976158142,2251.0,2256.0,0.9870644211769104,0.0,0.0,49.0,0.06021263649433442,0.0,0.0,3739.0,0.0
3,0.9462500214576721,0.987853467464447,123.0,135.0,0.1727936634918054,0.9440298676490784,0.9487500190734863,2265.0,2277.0,0.9823125600814819,0.0,0.0,67.0,0.09377836161455358,0.0,0.0,3721.0,0.0
4,0.9622916579246521,0.9929049015045166,97.0,84.0,0.1471666807929675,0.9648093581199646,0.9595833420753479,2316.0,2303.0,0.9844244718551636,0.0,0.0,59.0,0.061513845876661755,0.0,0.0,3729.0,0.0
5,0.9608333110809326,0.9941247701644897,97.0,91.0,0.1393543799718221,0.9619883298873901,0.9595833420753479,2309.0,2303.0,0.9720168709754944,0.0,0.0,106.0,0.09599904262056572,0.0,0.0,3682.0,0.0
6,0.9695833325386047,0.9959531426429749,74.0,72.0,0.12738440642754237,0.9699749946594238,0.9691666960716248,2328.0,2326.0,0.9780886769294739,0.0,0.0,83.0,0.08410607358989519,0.0,0.0,3705.0,0.0
7,0.9785416722297668,0.997706949710846,56.0,47.0,0.11046929712096851,0.9803429245948792,0.9766666889190674,2353.0,2344.0,0.9802006483078003,0.0,0.0,75.0,0.08165071780351801,0.0,0.0,3713.0,0.0
