,accuracy,auc,false_negatives,false_positives,loss,precision,recall,true_negatives,true_positives,val_accuracy,val_auc,val_false_negatives,val_false_positives,val_loss,val_precision,val_recall,val_true_negatives,val_true_positives
0,0.9222916960716248,0.9732758402824402,181.0,192.0,0.22066104009747506,0.9203649759292603,0.9245833158493042,2208.0,2219.0,0.7964743375778198,0.9560443758964539,11.0,370.0,0.4708244637546376,0.32358318567276,0.9414893388748169,1314.0,177.0
1,0.9420833587646484,0.9822492003440857,140.0,138.0,0.18977017338077226,0.942452073097229,0.9416666626930237,2262.0,2260.0,0.7633547186851501,0.9573773145675659,11.0,432.0,0.5175735796363945,0.29064038395881653,0.9414893388748169,1252.0,177.0
2,0.9456250071525574,0.9867324829101562,123.0,138.0,0.1713769202431043,0.9428571462631226,0.9487500190734863,2262.0,2277.0,0.6752136945724487,0.9593814015388489,5.0,603.0,0.6998639998272953,0.2328244298696518,0.9734042286872864,1081.0,183.0
3,0.956041693687439,0.9908634424209595,100.0,111.0,0.1534232023358345,0.9539610147476196,0.9583333134651184,2289.0,2300.0,0.7088675498962402,0.9610602855682373,5.0,540.0,0.6290980546902387,0.2531120479106903,0.9734042286872864,1144.0,183.0
4,0.9635416865348816,0.9930621385574341,82.0,93.0,0.14094064069290957,0.9614267945289612,0.965833306312561,2307.0,2318.0,0.5913461446762085,0.9532741904258728,2.0,763.0,0.9611644969027267,0.1959957778453827,0.9893617033958435,921.0,186.0
5,0.965416669845581,0.9936714172363281,76.0,90.0,0.13357058684031167,0.9627174735069275,0.9683333039283752,2310.0,2324.0,0.629273533821106,0.9548851847648621,2.0,692.0,0.8625434453670795,0.21184509992599487,0.9893617033958435,992.0,186.0
