,accuracy,auc,false_negatives,false_positives,loss,precision,recall,true_negatives,true_positives,val_accuracy,val_auc,val_false_negatives,val_false_positives,val_loss,val_precision,val_recall,val_true_negatives,val_true_positives
0,0.8837500214576721,0.9518209099769592,291.0,267.0,0.28438560565312704,0.8876262903213501,0.8787500262260437,2133.0,2109.0,0.7475224137306213,0.25027158856391907,1091.0,1049.0,0.9167000014526544,0.004743833094835281,0.004562043584883213,6331.0,5.0
1,0.9360416531562805,0.9838471412658691,148.0,159.0,0.19035250470042228,0.9340522885322571,0.9383333325386047,2241.0,2252.0,0.7247522473335266,0.2563208341598511,1081.0,1252.0,0.9308482637490907,0.011838989332318306,0.013686131685972214,6128.0,15.0
2,0.9527083039283752,0.9900907874107361,105.0,122.0,0.1618838035315275,0.9495242238044739,0.956250011920929,2278.0,2295.0,0.7225106358528137,0.2821165919303894,1077.0,1275.0,0.9114823095525082,0.014683152548968792,0.017335766926407814,6105.0,19.0
3,0.9643750190734863,0.9940823912620544,74.0,97.0,0.13868468473354975,0.9599669575691223,0.9691666960716248,2303.0,2326.0,0.7218027114868164,0.288597047328949,1079.0,1279.0,0.8748810791980551,0.013117283582687378,0.015510949306190014,6101.0,17.0
4,0.96895831823349,0.9952194094657898,68.0,81.0,0.12587418367465336,0.9664318561553955,0.971666693687439,2319.0,2332.0,0.7184993028640747,0.27274811267852783,1076.0,1310.0,0.9204587252312193,0.015037594363093376,0.018248174339532852,6070.0,20.0
5,0.9731249809265137,0.9972711801528931,60.0,69.0,0.11212201620141665,0.9713574051856995,0.9750000238418579,2331.0,2340.0,0.7059934139251709,0.2581498920917511,1076.0,1416.0,0.9606643655267512,0.013927577063441277,0.018248174339532852,5964.0,20.0
6,0.9789583086967468,0.9977617263793945,52.0,49.0,0.10346063238879045,0.9795577526092529,0.9783333539962769,2351.0,2348.0,0.6986786127090454,0.3042919635772705,1064.0,1490.0,0.9333496437482307,0.02102496661245823,0.029197080060839653,5890.0,32.0
7,0.9862499833106995,0.9988205432891846,37.0,29.0,0.09120227922995885,0.9878762364387512,0.98458331823349,2371.0,2363.0,0.7029259204864502,0.27404525876045227,1067.0,1451.0,0.9769048457327965,0.019594594836235046,0.02645985409617424,5929.0,29.0
8,0.9864583611488342,0.9991406202316284,31.0,34.0,0.08516626877089341,0.985850989818573,0.9870833158493042,2366.0,2369.0,0.7067012786865234,0.3035375773906708,1077.0,1409.0,0.9423786544360997,0.013305322267115116,0.017335766926407814,5971.0,19.0
