,accuracy,auc,false_negatives,false_positives,loss,precision,recall,true_negatives,true_positives,val_accuracy,val_auc,val_false_negatives,val_false_positives,val_loss,val_precision,val_recall,val_true_negatives,val_true_positives
0,0.8960416913032532,0.9602739810943604,276.0,223.0,0.26332039003570873,0.9049850702285767,0.8849999904632568,2177.0,2124.0,0.9952481389045715,0.0,0.0,18.0,0.03561669187433428,0.0,0.0,3770.0,0.0
1,0.9325000047683716,0.9798623323440552,156.0,168.0,0.2063753442466259,0.93034827709198,0.9350000023841858,2232.0,2244.0,0.9944561719894409,0.0,0.0,21.0,0.046717965615462854,0.0,0.0,3767.0,0.0
2,0.9429166913032532,0.9866118431091309,133.0,141.0,0.17740081051985424,0.9414451718330383,0.9445833563804626,2259.0,2267.0,0.9920802712440491,0.0,0.0,30.0,0.06953890110270652,0.0,0.0,3758.0,0.0
3,0.9527083039283752,0.9896310567855835,101.0,126.0,0.1609996038178603,0.9480412602424622,0.9579166769981384,2274.0,2299.0,0.9928722381591797,0.0,0.0,27.0,0.052595321517811405,0.0,0.0,3761.0,0.0
4,0.9631249904632568,0.994028627872467,82.0,95.0,0.14014518097043038,0.960629940032959,0.965833306312561,2305.0,2318.0,0.9915522933006287,0.0,0.0,32.0,0.055702558788446335,0.0,0.0,3756.0,0.0
5,0.965833306312561,0.9947247505187988,78.0,86.0,0.13265418338278928,0.9642857313156128,0.9674999713897705,2314.0,2322.0,0.9897043108940125,0.0,0.0,39.0,0.05895981565904592,0.0,0.0,3749.0,0.0
