,accuracy,auc,false_negatives,false_positives,loss,precision,recall,true_negatives,true_positives,val_accuracy,val_auc,val_false_negatives,val_false_positives,val_loss,val_precision,val_recall,val_true_negatives,val_true_positives
0,0.909375011920929,0.9708065986633301,205.0,230.0,0.23148401354749998,0.9051546454429626,0.9145833253860474,2170.0,2195.0,0.8345070481300354,0.606094479560852,141.0,423.0,0.8059216353675009,0.13673469424247742,0.32211539149284363,2777.0,67.0
1,0.9285416603088379,0.9796757698059082,160.0,183.0,0.20324005703131356,0.9244738221168518,0.9333333373069763,2217.0,2240.0,0.8814554214477539,0.6249541640281677,160.0,244.0,0.6728996127633982,0.16438356041908264,0.23076923191547394,2956.0,48.0
2,0.9320833086967468,0.9823720455169678,153.0,173.0,0.1935883775850137,0.9285123944282532,0.9362499713897705,2227.0,2247.0,0.7406103014945984,0.597975492477417,123.0,761.0,0.9841234356584684,0.1004728153347969,0.4086538553237915,2439.0,85.0
3,0.9420833587646484,0.9860837459564209,139.0,139.0,0.17857170855005583,0.9420833587646484,0.9420833587646484,2261.0,2261.0,0.8174882531166077,0.591105043888092,139.0,483.0,0.8601800449577296,0.125,0.33173078298568726,2717.0,69.0
4,0.9420833587646484,0.9862358570098877,138.0,140.0,0.17423209140698115,0.9417152404785156,0.9424999952316284,2260.0,2262.0,0.8497652411460876,0.5752479434013367,145.0,367.0,0.7719877837969104,0.14651162922382355,0.30288460850715637,2833.0,63.0
5,0.9424999952316284,0.988417387008667,130.0,146.0,0.1674178293844064,0.9395695328712463,0.9458333253860474,2254.0,2270.0,0.8418427109718323,0.6039242148399353,147.0,392.0,0.7830490934107225,0.1346578299999237,0.29326921701431274,2808.0,61.0
6,0.9479166865348816,0.9895782470703125,114.0,136.0,0.16164060610036055,0.9438480734825134,0.9524999856948853,2264.0,2286.0,0.8292253613471985,0.58924800157547,141.0,441.0,0.8409547453195276,0.13188976049423218,0.32211539149284363,2759.0,67.0
