,accuracy,auc,false_negatives,false_positives,loss,precision,recall,true_negatives,true_positives,val_accuracy,val_auc,val_false_negatives,val_false_positives,val_loss,val_precision,val_recall,val_true_negatives,val_true_positives
0,0.9087499976158142,0.9643230438232422,208.0,230.0,0.25431558574239416,0.9050371646881104,0.9133333563804626,2170.0,2192.0,0.502136766910553,0.9498124122619629,5.0,927.0,1.009297813105787,0.16486486792564392,0.9734042286872864,757.0,183.0
1,0.9193750023841858,0.9707940816879272,187.0,200.0,0.2360126713414987,0.9171156287193298,0.92208331823349,2200.0,2213.0,0.5758547186851501,0.9501093029975891,6.0,788.0,0.8435280445294503,0.1876288652420044,0.9680851101875305,896.0,182.0
2,0.9245833158493042,0.9773941040039062,166.0,196.0,0.2155102051794529,0.9193415641784668,0.9308333396911621,2204.0,2234.0,0.48771366477012634,0.957606315612793,2.0,957.0,1.0072475192893264,0.1627296656370163,0.9893617033958435,727.0,186.0
3,0.9331250190734863,0.9803647398948669,158.0,163.0,0.20520635982354482,0.9322245121002197,0.934166669845581,2237.0,2242.0,0.7959401607513428,0.9628274440765381,11.0,371.0,0.464555781111758,0.3229927122592926,0.9414893388748169,1313.0,177.0
4,0.9399999976158142,0.9837789535522461,139.0,149.0,0.19232328707973162,0.9381742477416992,0.9420833587646484,2251.0,2261.0,0.5256410241127014,0.9552530646324158,3.0,885.0,0.9223657469464164,0.17289718985557556,0.9840425252914429,799.0,185.0
5,0.9422916769981384,0.9856961369514465,136.0,141.0,0.18474967509508133,0.9413721561431885,0.9433333277702332,2259.0,2264.0,0.49839743971824646,0.9527988433837891,3.0,936.0,1.0082909205021002,0.16503122448921204,0.9840425252914429,748.0,185.0
6,0.9443749785423279,0.9860366582870483,127.0,140.0,0.17987364095946154,0.9419809579849243,0.9470833539962769,2260.0,2273.0,0.4337606728076935,0.9548441171646118,2.0,1058.0,1.1511221767490745,0.14951768517494202,0.9893617033958435,626.0,186.0
7,0.9489583373069763,0.9879485368728638,112.0,133.0,0.17223909765481948,0.9450640082359314,0.95333331823349,2267.0,2288.0,0.6522436141967773,0.9630296230316162,3.0,648.0,0.6707266472343706,0.22208882868289948,0.9840425252914429,1036.0,185.0
8,0.949999988079071,0.9887211322784424,117.0,123.0,0.1667451409002145,0.9488778114318848,0.9512500166893005,2277.0,2283.0,0.49946582317352295,0.9537717700004578,2.0,935.0,0.9907145174140604,0.16592328250408173,0.9893617033958435,749.0,186.0
