,accuracy,auc,false_negatives,false_positives,loss,precision,recall,true_negatives,true_positives,val_accuracy,val_auc,val_false_negatives,val_false_positives,val_loss,val_precision,val_recall,val_true_negatives,val_true_positives
0,0.8870833516120911,0.955877423286438,282.0,260.0,0.2725780674815178,0.8906643986701965,0.8824999928474426,2140.0,2118.0,0.7621519565582275,0.33334797620773315,1087.0,929.0,0.8344407091238072,0.00959488283842802,0.008211678825318813,6451.0,9.0
1,0.9433333277702332,0.9872784614562988,139.0,133.0,0.17551357080539068,0.9444444179534912,0.9420833587646484,2267.0,2261.0,0.7367862462997437,0.32359716296195984,1081.0,1150.0,0.8836069626170209,0.01287553645670414,0.013686131685972214,6230.0,15.0
2,0.9599999785423279,0.9932730793952942,86.0,106.0,0.14274084051450095,0.9561983346939087,0.9641666412353516,2294.0,2314.0,0.7150778770446777,0.3243838846683502,1071.0,1344.0,0.8571016706346959,0.018261505290865898,0.02281021885573864,6036.0,25.0
3,0.9702083468437195,0.995895266532898,73.0,70.0,0.12322142812112967,0.9707968235015869,0.9695833325386047,2330.0,2327.0,0.6986786127090454,0.31376883387565613,1066.0,1488.0,0.9145296902772445,0.01976284570991993,0.027372263371944427,5892.0,30.0
4,0.9804166555404663,0.9975852966308594,37.0,57.0,0.10439494167764982,0.976446270942688,0.98458331823349,2343.0,2363.0,0.7179093956947327,0.33747413754463196,1080.0,1311.0,0.9082132041763731,0.012057271786034107,0.014598540030419827,6069.0,16.0
5,0.9856250286102295,0.9989543557167053,27.0,42.0,0.08995001909633478,0.9826086759567261,0.9887499809265137,2358.0,2373.0,0.7307692170143127,0.35474592447280884,1079.0,1203.0,0.8716688578620504,0.013934426009654999,0.015510949306190014,6177.0,17.0
