,accuracy,auc,false_negatives,false_positives,loss,pr,precision,recall,true_negatives,true_positives,val_accuracy,val_auc,val_false_negatives,val_false_positives,val_loss,val_pr,val_precision,val_recall,val_true_negatives,val_true_positives
0,0.8668749928474426,0.937901496887207,313.0,326.0,0.31897678683201475,0.9372049570083618,0.8648984432220459,0.8695833086967468,2074.0,2087.0,0.7919605374336243,0.8873209357261658,112.0,1068.0,0.48397459238977797,0.6202869415283203,0.3986486494541168,0.8634146451950073,3784.0,708.0
1,0.9160416722297668,0.9741446375846863,199.0,204.0,0.21733022436499597,0.973042368888855,0.9151766896247864,0.9170833230018616,2196.0,2201.0,0.7951340079307556,0.8893763422966003,115.0,1047.0,0.4673860828025721,0.6315538883209229,0.4023972749710083,0.8597561120986938,3805.0,705.0
2,0.9295833110809326,0.9814498424530029,151.0,187.0,0.18849391877651214,0.9817216396331787,0.9232348203659058,0.9370833039283752,2213.0,2249.0,0.8473201990127563,0.8741970062255859,227.0,639.0,0.3664132030457468,0.5803365111351013,0.4813311696052551,0.7231707572937012,4213.0,593.0
3,0.9447916746139526,0.9878531098365784,121.0,144.0,0.16044974461197853,0.9881247878074646,0.9405695199966431,0.9495833516120911,2256.0,2279.0,0.8473201990127563,0.8599090576171875,275.0,591.0,0.36761006485928266,0.5538479685783386,0.4797535240650177,0.6646341681480408,4261.0,545.0
4,0.9591666460037231,0.9938027858734131,91.0,105.0,0.1305303488175074,0.9940015077590942,0.9565037488937378,0.9620833396911621,2295.0,2309.0,0.8108251094818115,0.8829997777938843,149.0,924.0,0.4599273974871938,0.6072369813919067,0.4206896424293518,0.8182926774024963,3928.0,671.0
5,0.9633333086967468,0.994431734085083,91.0,85.0,0.12156344577670097,0.9944475889205933,0.9644945859909058,0.9620833396911621,2315.0,2309.0,0.852256715297699,0.8568019270896912,306.0,532.0,0.3803238977792401,0.5308578014373779,0.4913958013057709,0.6268292665481567,4320.0,514.0
6,0.9731249809265137,0.9968221783638,56.0,73.0,0.10302333023399114,0.9967203140258789,0.9697972536087036,0.9766666889190674,2327.0,2344.0,0.8288081884384155,0.8742797374725342,193.0,778.0,0.4315964900724306,0.5821743011474609,0.4462633430957794,0.7646341323852539,4074.0,627.0
7,0.9770833253860474,0.9982771277427673,48.0,62.0,0.08900738418102265,0.9983234405517578,0.9743164777755737,0.9800000190734863,2338.0,2352.0,0.8236953616142273,0.8901118040084839,152.0,848.0,0.4286448944606969,0.6237384676933289,0.44063323736190796,0.8146341443061829,4004.0,668.0
