,accuracy,auc,false_negatives,false_positives,loss,pr,precision,recall,true_negatives,true_positives,val_accuracy,val_auc,val_false_negatives,val_false_positives,val_loss,val_pr,val_precision,val_recall,val_true_negatives,val_true_positives
0,0.9379166960716248,0.9802614450454712,147.0,151.0,0.1838965698579947,0.9795315861701965,0.9371880292892456,0.9387500286102295,2249.0,2253.0,0.5779914259910583,0.9514517188072205,6.0,784.0,0.9136104013165857,0.8238482475280762,0.18840579688549042,0.9680851101875305,900.0,182.0
1,0.9558333158493042,0.9890440702438354,105.0,107.0,0.1521521753569444,0.9883619546890259,0.9554538130760193,0.956250011920929,2293.0,2295.0,0.627136766910553,0.946303129196167,8.0,690.0,0.8870401800188243,0.8017019629478455,0.2068965584039688,0.957446813583374,994.0,180.0
2,0.9585416913032532,0.9916369318962097,95.0,104.0,0.13790463961660862,0.991142988204956,0.9568285346031189,0.9604166746139526,2296.0,2305.0,0.6159188151359558,0.9575810432434082,2.0,717.0,0.8469537873553414,0.8179810047149658,0.2059800624847412,0.9893617033958435,967.0,186.0
3,0.96854168176651,0.9942709803581238,75.0,76.0,0.12461241478721301,0.9942030310630798,0.9683465361595154,0.96875,2324.0,2325.0,0.5763888955116272,0.9598015546798706,1.0,792.0,0.9183867833553216,0.820202112197876,0.1910112351179123,0.9946808218955994,892.0,187.0
4,0.9725000262260437,0.9957282543182373,57.0,75.0,0.11634646572172641,0.9954465627670288,0.9689826369285583,0.9762499928474426,2325.0,2343.0,0.6116452813148499,0.9620647430419922,1.0,726.0,0.8822951642875998,0.8215179443359375,0.20481927692890167,0.9946808218955994,958.0,187.0
5,0.9777083396911621,0.9967591762542725,49.0,58.0,0.10456289273997148,0.9967255592346191,0.9759235978126526,0.9795833230018616,2342.0,2351.0,0.5902777910232544,0.9587118029594421,1.0,766.0,0.9175279216888623,0.8130532503128052,0.1962224543094635,0.9946808218955994,918.0,187.0
6,0.9772916436195374,0.997077226638794,59.0,50.0,0.10315868141750495,0.9970911741256714,0.9790882468223572,0.9754166603088379,2350.0,2341.0,0.5625,0.9554553031921387,1.0,818.0,1.0528871814409893,0.773095428943634,0.18606965243816376,0.9946808218955994,866.0,187.0
7,0.9856250286102295,0.9987654089927673,30.0,39.0,0.08817087727288406,0.9987584948539734,0.9838107228279114,0.987500011920929,2361.0,2370.0,0.5101495981216431,0.9610492587089539,1.0,916.0,1.1429886379812517,0.8003249168395996,0.16953761875629425,0.9946808218955994,768.0,187.0
