,accuracy,auc,false_negatives,false_positives,loss,pr,precision,recall,true_negatives,true_positives,val_accuracy,val_auc,val_false_negatives,val_false_positives,val_loss,val_pr,val_precision,val_recall,val_true_negatives,val_true_positives
0,0.8274999856948853,0.9151411652565002,394.0,365.0,0.40006948579441415,0.9204895496368408,0.8318747282028198,0.8209090828895569,1835.0,1806.0,0.7082529664039612,0.593513548374176,1161.0,1865.0,0.5497401445196073,0.2303394377231598,0.19612069427967072,0.28155940771102905,6891.0,455.0
1,0.8959090709686279,0.9627807140350342,209.0,249.0,0.31030330712145027,0.9604853391647339,0.8888393044471741,0.9049999713897705,1951.0,1991.0,0.6576359272003174,0.5286870002746582,1154.0,2397.0,0.6512748364127836,0.21100883185863495,0.161594957113266,0.2858910858631134,6359.0,462.0
2,0.9206818342208862,0.9770767092704773,148.0,201.0,0.26401250221512534,0.9763842225074768,0.9107856154441833,0.9327272772789001,1999.0,2052.0,0.6912842392921448,0.5648281574249268,1166.0,2036.0,0.6227463711838993,0.22518710792064667,0.18101367354393005,0.2784653604030609,6720.0,450.0
3,0.9297727346420288,0.9823172688484192,135.0,174.0,0.23932015148076144,0.9819328188896179,0.9222867488861084,0.9386363625526428,2026.0,2065.0,0.6723871827125549,0.5568516850471497,1145.0,2253.0,0.6696317013837267,0.22159694135189056,0.1729074865579605,0.29146039485931396,6503.0,471.0
4,0.9472727179527283,0.9888975024223328,106.0,126.0,0.20879177391529083,0.9885862469673157,0.9432432651519775,0.9518181681632996,2074.0,2094.0,0.7180871367454529,0.5551244020462036,1224.0,1700.0,0.6144569564224255,0.23370671272277832,0.18738049268722534,0.24257425963878632,7056.0,392.0
5,0.9561363458633423,0.9929015040397644,85.0,108.0,0.1886943097006191,0.9930274486541748,0.9514170289039612,0.9613636136054993,2092.0,2115.0,0.6815464496612549,0.5837433934211731,1132.0,2171.0,0.6556334457099093,0.24579477310180664,0.18229755759239197,0.29950493574142456,6585.0,484.0
