,accuracy,auc,false_negatives,false_positives,loss,pr,precision,recall,true_negatives,true_positives,val_accuracy,val_auc,val_false_negatives,val_false_positives,val_loss,val_pr,val_precision,val_recall,val_true_negatives,val_true_positives
0,0.9493749737739563,0.9878298044204712,104.0,139.0,0.15660148568451404,0.9870830774307251,0.9429157972335815,0.9566666483879089,2261.0,2296.0,0.8259976506233215,0.6413926482200623,131.0,462.0,0.7558715078332614,0.10399298369884491,0.1428571492433548,0.3701923191547394,2738.0,77.0
1,0.9581249952316284,0.9920406937599182,80.0,121.0,0.1361885748555263,0.9916099905967712,0.950430154800415,0.9666666388511658,2279.0,2320.0,0.7614436745643616,0.6492149829864502,115.0,698.0,0.89578672432004,0.10517207533121109,0.11757269501686096,0.44711539149284363,2502.0,93.0
2,0.9660416841506958,0.9946087598800659,59.0,104.0,0.12188501842319965,0.9944866299629211,0.9574642181396484,0.9754166603088379,2296.0,2341.0,0.7928403615951538,0.6244681477546692,122.0,584.0,0.8344604890671135,0.10031092166900635,0.12835821509361267,0.4134615361690521,2616.0,86.0
3,0.9700000286102295,0.9956086277961731,60.0,84.0,0.11335519728561243,0.9954960346221924,0.9653465151786804,0.9750000238418579,2316.0,2340.0,0.8028169274330139,0.6347754001617432,122.0,550.0,0.8237283228428711,0.10158956795930862,0.13522012531757355,0.4134615361690521,2650.0,86.0
4,0.9756249785423279,0.997161328792572,39.0,78.0,0.10237313640614351,0.9971530437469482,0.9680196642875671,0.9837499856948853,2322.0,2361.0,0.7943075299263,0.6167473196983337,124.0,577.0,0.8604192799525642,0.09962628036737442,0.12708018720149994,0.4038461446762085,2623.0,84.0
5,0.9791666865348816,0.9976234436035156,44.0,56.0,0.09614376289149125,0.9975274205207825,0.9767827391624451,0.9816666841506958,2344.0,2356.0,0.7972418069839478,0.62445467710495,125.0,566.0,0.8468641497439622,0.09914828836917877,0.12788906693458557,0.3990384638309479,2634.0,83.0
