,accuracy,auc,false_negatives,false_positives,loss,precision,recall,true_negatives,true_positives,val_accuracy,val_auc,val_false_negatives,val_false_positives,val_loss,val_precision,val_recall,val_true_negatives,val_true_positives
0,0.8889583349227905,0.954872727394104,281.0,252.0,0.2724738938113054,0.8937157392501831,0.8829166889190674,2148.0,2119.0,0.8443229794502258,0.8571149706840515,286.0,597.0,0.38827773041718433,0.4721485376358032,0.6512194871902466,4255.0,534.0
1,0.9308333396911621,0.9818029999732971,163.0,169.0,0.18249936744570733,0.9297589063644409,0.9320833086967468,2231.0,2237.0,0.8566642999649048,0.8801254034042358,251.0,562.0,0.34735001999837556,0.5030946135520935,0.6939024329185486,4290.0,569.0
2,0.9449999928474426,0.9890079498291016,132.0,132.0,0.15034214787185193,0.9449999928474426,0.9449999928474426,2268.0,2268.0,0.8667137026786804,0.871942937374115,276.0,480.0,0.33335721253171796,0.53125,0.6634146571159363,4372.0,544.0
3,0.9620833396911621,0.9936230778694153,92.0,90.0,0.12650230807562668,0.9624687433242798,0.9616666436195374,2310.0,2308.0,0.835684061050415,0.8822982311248779,186.0,746.0,0.4038206619251262,0.4594202935695648,0.7731707096099854,4106.0,634.0
4,0.9704166650772095,0.996080219745636,68.0,74.0,0.10676884524524212,0.969243586063385,0.971666693687439,2326.0,2332.0,0.8538434505462646,0.8852682113647461,209.0,620.0,0.3655433202075689,0.4963444471359253,0.745121955871582,4232.0,611.0
5,0.9764583110809326,0.9974887371063232,51.0,62.0,0.09470016156633695,0.9742845296859741,0.9787499904632568,2338.0,2349.0,0.8444992899894714,0.8778140544891357,227.0,655.0,0.38582902020224397,0.47516027092933655,0.7231707572937012,4197.0,593.0
6,0.9831249713897705,0.9984447956085205,38.0,43.0,0.0837620423734188,0.9821205735206604,0.98416668176651,2357.0,2362.0,0.8444992899894714,0.8781540989875793,243.0,639.0,0.3895645352823946,0.47450658679008484,0.7036585211753845,4213.0,577.0
7,0.9852083325386047,0.9988676309585571,32.0,39.0,0.07393393155187368,0.9837972521781921,0.9866666793823242,2361.0,2368.0,0.8455570936203003,0.8805642127990723,212.0,664.0,0.3944154909913059,0.4779874086380005,0.7414634227752686,4188.0,608.0
