,accuracy,auc,false_negatives,false_positives,loss,precision,recall,true_negatives,true_positives,val_accuracy,val_auc,val_false_negatives,val_false_positives,val_loss,val_precision,val_recall,val_true_negatives,val_true_positives
0,0.8983333110809326,0.9627214074134827,236.0,252.0,0.2469360014051199,0.8956953883171082,0.9016666412353516,2148.0,2164.0,0.7484662532806396,0.3016846179962158,1089.0,1043.0,1.0626508484701325,0.006666666828095913,0.006386861205101013,6337.0,7.0
1,0.9481250047683716,0.9888270497322083,116.0,133.0,0.1481781544784705,0.9449731111526489,0.9516666531562805,2267.0,2284.0,0.7346625924110413,0.3046783208847046,1089.0,1160.0,1.0423632460053431,0.005998286418616772,0.006386861205101013,6220.0,7.0
2,0.9683333039283752,0.9955282807350159,60.0,92.0,0.11119821204493444,0.9621710777282715,0.9750000238418579,2308.0,2340.0,0.7304152846336365,0.29650038480758667,1089.0,1196.0,1.0815276507219653,0.0058187865652143955,0.006386861205101013,6184.0,7.0
3,0.9741666913032532,0.9963652491569519,63.0,61.0,0.0986877462764581,0.9745621085166931,0.9737499952316284,2339.0,2337.0,0.7214487791061401,0.30877479910850525,1079.0,1282.0,1.067452067696525,0.01308699045330286,0.015510949306190014,6098.0,17.0
4,0.9793750047683716,0.998091459274292,43.0,56.0,0.08489588387310505,0.9767923951148987,0.9820833206176758,2344.0,2357.0,0.7394997477531433,0.2952030897140503,1091.0,1117.0,1.1417050647139269,0.004456327762454748,0.004562043584883213,6263.0,5.0
5,0.9870833158493042,0.9991649985313416,24.0,38.0,0.06869960113118093,0.9842584729194641,0.9900000095367432,2362.0,2376.0,0.7151958346366882,0.2751230001449585,1079.0,1335.0,1.1604880028425832,0.012573964893817902,0.015510949306190014,6045.0,17.0
6,0.9852083325386047,0.9990777373313904,29.0,42.0,0.06672480239222447,0.9825942516326904,0.9879166483879089,2358.0,2371.0,0.7282916307449341,0.299594908952713,1091.0,1212.0,1.1637507234333033,0.004108463414013386,0.004562043584883213,6168.0,5.0
