,accuracy,auc,false_negatives,false_positives,loss,precision,recall,true_negatives,true_positives,val_accuracy,val_auc,val_false_negatives,val_false_positives,val_loss,val_precision,val_recall,val_true_negatives,val_true_positives
0,0.9347727298736572,0.9830157160758972,141.0,146.0,0.16749101622538132,0.9337868690490723,0.9359090924263,2054.0,2059.0,0.8018942475318909,0.8534917235374451,1158.0,850.0,0.48695225992490665,0.6669278740882874,0.5951048731803894,6426.0,1702.0
1,0.9634090662002563,0.9934478402137756,66.0,95.0,0.11476917440241033,0.9573799967765808,0.9700000286102295,2105.0,2134.0,0.7987371683120728,0.8673191666603088,823.0,1217.0,0.5149468566925393,0.6259987950325012,0.7122377753257751,6059.0,2037.0
2,0.9738636612892151,0.9963697195053101,49.0,66.0,0.09673829459331253,0.9702300429344177,0.9777272939682007,2134.0,2151.0,0.7861089110374451,0.8498607277870178,1105.0,1063.0,0.5158466496332104,0.6227821111679077,0.6136363744735718,6213.0,1755.0
3,0.9815909266471863,0.9984970092773438,32.0,49.0,0.07627424404702403,0.9778980612754822,0.9854545593261719,2151.0,2168.0,0.7947908639907837,0.8573933839797974,1108.0,972.0,0.5012237511710473,0.6431717872619629,0.6125873923301697,6304.0,1752.0
4,0.985909104347229,0.9989528059959412,25.0,37.0,0.06843935658985918,0.9832730293273926,0.9886363744735718,2163.0,2175.0,0.799723744392395,0.8649250268936157,1001.0,1029.0,0.49400159455512394,0.6436980366706848,0.6499999761581421,6247.0,1859.0
5,0.9886363744735718,0.9995514750480652,21.0,29.0,0.06002926444465464,0.9868659377098083,0.9904545545578003,2171.0,2179.0,0.7847276926040649,0.8591392040252686,892.0,1290.0,0.5285619398977405,0.6040515899658203,0.6881119012832642,5986.0,1968.0
