,accuracy,auc,false_negatives,false_positives,loss,precision,recall,true_negatives,true_positives,val_accuracy,val_auc,val_false_negatives,val_false_positives,val_loss,val_precision,val_recall,val_true_negatives,val_true_positives
0,0.9195833206176758,0.9720795750617981,195.0,191.0,0.21297892866035303,0.9202837944030762,0.918749988079071,2209.0,2205.0,0.9928722381591797,0.0,0.0,27.0,0.02465906399356274,0.0,0.0,3761.0,0.0
1,0.9491666555404663,0.9883009195327759,106.0,138.0,0.14475501902401447,0.9432565569877625,0.9558333158493042,2262.0,2294.0,0.9849525094032288,0.0,0.0,57.0,0.03865756928220533,0.0,0.0,3731.0,0.0
2,0.9595833420753479,0.9929211735725403,87.0,107.0,0.12095431812107563,0.9557850956916809,0.9637500047683716,2293.0,2313.0,0.9802006483078003,0.0,0.0,75.0,0.07171825608268081,0.0,0.0,3713.0,0.0
3,0.9693750143051147,0.9958827495574951,66.0,81.0,0.10138136717180411,0.9664596319198608,0.9725000262260437,2319.0,2334.0,0.9886483550071716,0.0,0.0,43.0,0.03166336487091629,0.0,0.0,3745.0,0.0
4,0.9727083444595337,0.9969109296798706,61.0,70.0,0.09233169956753651,0.9709423184394836,0.9745833277702332,2330.0,2339.0,0.9804646372795105,0.0,0.0,74.0,0.062380326795760534,0.0,0.0,3714.0,0.0
5,0.9795833230018616,0.9980559945106506,46.0,52.0,0.07955696318298579,0.9783873558044434,0.9808333516120911,2348.0,2354.0,0.9931362271308899,0.0,0.0,26.0,0.026666239710424366,0.0,0.0,3762.0,0.0
