,accuracy,auc,false_negatives,false_positives,loss,precision,recall,true_negatives,true_positives,val_accuracy,val_auc,val_false_negatives,val_false_positives,val_loss,val_precision,val_recall,val_true_negatives,val_true_positives
0,0.8508333563804626,0.9259863495826721,371.0,345.0,0.3472150221467018,0.8546756505966187,0.8454166650772095,2055.0,2029.0,0.8439703583717346,0.8599088191986084,278.0,607.0,0.35435563048455543,0.4717145264148712,0.6609756350517273,4245.0,542.0
1,0.8745833039283752,0.9486345052719116,291.0,311.0,0.3002468518416087,0.8714876174926758,0.8787500262260437,2089.0,2109.0,0.8587799668312073,0.8886505365371704,188.0,613.0,0.3386089612633957,0.5076305270195007,0.7707316875457764,4239.0,632.0
2,0.8868749737739563,0.9585014581680298,256.0,287.0,0.27588248322407405,0.8819416165351868,0.8933333158493042,2113.0,2144.0,0.8892806768417358,0.8840460181236267,354.0,274.0,0.2859320366079952,0.6297297477722168,0.5682926774024963,4578.0,466.0
3,0.9004166722297668,0.9650649428367615,235.0,243.0,0.258315964837869,0.8990863561630249,0.9020833373069763,2157.0,2165.0,0.8520804047584534,0.8778671026229858,223.0,616.0,0.34759039939374614,0.4921681880950928,0.7280488014221191,4236.0,597.0
4,0.9083333611488342,0.9730560779571533,203.0,237.0,0.23598640168706575,0.9026294350624084,0.9154166579246521,2163.0,2197.0,0.7991889715194702,0.8891738057136536,116.0,1023.0,0.43180828941894017,0.40764331817626953,0.8585366010665894,3829.0,704.0
5,0.9145833253860474,0.9746978878974915,205.0,205.0,0.22977486272652944,0.9145833253860474,0.9145833253860474,2195.0,2195.0,0.8206981420516968,0.8561081290245056,214.0,803.0,0.39954355346467163,0.4300922751426697,0.7390244007110596,4049.0,606.0
6,0.9208333492279053,0.9792875647544861,176.0,204.0,0.2144156420727571,0.9159802198410034,0.9266666769981384,2196.0,2224.0,0.8346262574195862,0.8734357357025146,205.0,733.0,0.3688370741809205,0.4562314450740814,0.75,4119.0,615.0
7,0.934374988079071,0.9834029674530029,160.0,155.0,0.19924572020769118,0.9352818131446838,0.9333333373069763,2245.0,2240.0,0.8118829131126404,0.8755432367324829,161.0,906.0,0.41518941126522124,0.42108625173568726,0.8036585450172424,3946.0,659.0
