,accuracy,auc,false_negatives,false_positives,loss,precision,recall,true_negatives,true_positives,val_accuracy,val_auc,val_false_negatives,val_false_positives,val_loss,val_precision,val_recall,val_true_negatives,val_true_positives
0,0.8518182039260864,0.9297950267791748,308.0,344.0,0.3446829879283905,0.8461538553237915,0.8600000143051147,1856.0,1892.0,0.8660817742347717,0.6959267854690552,1201.0,188.0,0.4278517043008981,0.6882255673408508,0.2568069398403168,8568.0,415.0
1,0.8902272582054138,0.9587222933769226,197.0,286.0,0.2797263609279286,0.8750545978546143,0.9104545712471008,1914.0,2003.0,0.8153682947158813,0.7290198802947998,898.0,1017.0,0.44446485495353544,0.4138328433036804,0.4443069398403168,7739.0,718.0
2,0.9022727012634277,0.9642854332923889,167.0,263.0,0.2592046867175536,0.8854529857635498,0.9240909218788147,1937.0,2033.0,0.8122830986976624,0.7016096711158752,932.0,1015.0,0.4778462571012574,0.4025897681713104,0.42326733469963074,7741.0,684.0
3,0.9220454692840576,0.9752905964851379,128.0,215.0,0.22775649943135,0.9059903621673584,0.9418181777000427,1985.0,2072.0,0.7222329378128052,0.7637990713119507,476.0,2405.0,0.7199955566987722,0.3215796947479248,0.7054455280303955,6351.0,1140.0
4,0.9252272844314575,0.9796910285949707,116.0,213.0,0.21146413415670395,0.9072703719139099,0.9472727179527283,1987.0,2084.0,0.7631122469902039,0.7250380516052246,817.0,1640.0,0.5758419255239366,0.32759326696395874,0.49443069100379944,7116.0,799.0
5,0.9331818222999573,0.9832306504249573,110.0,184.0,0.19838272257284684,0.9190853238105774,0.949999988079071,2016.0,2090.0,0.7651368975639343,0.7274569869041443,819.0,1617.0,0.5320349099194273,0.33015742897987366,0.4931930601596832,7139.0,797.0
