,accuracy,auc,false_negatives,false_positives,loss,precision,recall,true_negatives,true_positives,val_accuracy,val_auc,val_false_negatives,val_false_positives,val_loss,val_precision,val_recall,val_true_negatives,val_true_positives
0,0.8587499856948853,0.9321444034576416,362.0,316.0,0.3421920974055926,0.8657603859901428,0.8491666913032532,2084.0,2038.0,0.7297074198722839,0.36676838994026184,1091.0,1200.0,0.7398038247161567,0.004149377811700106,0.004562043584883213,6180.0,5.0
1,0.903333306312561,0.9668483734130859,233.0,231.0,0.2653158579270045,0.9036697149276733,0.902916669845581,2169.0,2167.0,0.699386477470398,0.3714832663536072,1076.0,1472.0,0.7898984760003812,0.013404825702309608,0.018248174339532852,5908.0,20.0
2,0.9197916388511658,0.9754288792610168,188.0,197.0,0.23691630452871323,0.9182233214378357,0.92166668176651,2203.0,2212.0,0.7095327973365784,0.34828415513038635,1075.0,1387.0,0.7964370996111573,0.014914772473275661,0.01916058361530304,5993.0,21.0
3,0.9337499737739563,0.9827597737312317,159.0,159.0,0.2091977773110072,0.9337499737739563,0.9337499737739563,2241.0,2241.0,0.7151958346366882,0.342981219291687,1070.0,1344.0,0.785016641323158,0.018978102132678032,0.023722628131508827,6036.0,26.0
4,0.9418749809265137,0.9875658750534058,142.0,137.0,0.1904340162873268,0.9427974820137024,0.940833330154419,2263.0,2258.0,0.7049315571784973,0.3603344261646271,1080.0,1421.0,0.7718124367426791,0.011134307831525803,0.014598540030419827,5959.0,16.0
5,0.9474999904632568,0.9882362484931946,121.0,131.0,0.18071377769112587,0.9456431269645691,0.9495833516120911,2269.0,2279.0,0.7130721807479858,0.35307323932647705,1086.0,1346.0,0.802745561278502,0.007374631240963936,0.009124087169766426,6034.0,10.0
