,accuracy,auc,false_negatives,false_positives,loss,precision,recall,true_negatives,true_positives,val_accuracy,val_auc,val_false_negatives,val_false_positives,val_loss,val_precision,val_recall,val_true_negatives,val_true_positives
0,0.8315908908843994,0.9161548018455505,379.0,362.0,0.3918329218300906,0.8341731429100037,0.8277272582054138,1838.0,1821.0,0.7962784171104431,0.7400428652763367,1247.0,866.0,0.46190848469596274,0.29878541827201843,0.22834157943725586,7890.0,369.0
1,0.8686363697052002,0.9412058591842651,243.0,335.0,0.34303330074657096,0.8538394570350647,0.8895454406738281,1865.0,1957.0,0.7916505932807922,0.7704417109489441,983.0,1178.0,0.4270558265981369,0.3495306372642517,0.3917079269886017,7578.0,633.0
2,0.8870454430580139,0.9526275396347046,205.0,292.0,0.3131954071738503,0.8723218441009521,0.9068182110786438,1908.0,1995.0,0.7649440765380859,0.7549850344657898,783.0,1655.0,0.5450793713894397,0.33480706810951233,0.5154703259468079,7101.0,833.0
3,0.8981817960739136,0.9598929286003113,182.0,266.0,0.29351492285728453,0.8835376501083374,0.9172727465629578,1934.0,2018.0,0.7512533664703369,0.6693679690361023,1018.0,1562.0,0.5097139634269571,0.2768518626689911,0.37004950642585754,7194.0,598.0
4,0.9027272462844849,0.9638399481773376,182.0,246.0,0.2777734396674416,0.8913427591323853,0.9172727465629578,1954.0,2018.0,0.7664867043495178,0.7310897707939148,949.0,1473.0,0.5062759748835661,0.31168225407600403,0.4127475321292877,7283.0,667.0
5,0.9081818461418152,0.9682478904724121,165.0,239.0,0.264110191301866,0.8948988318443298,0.925000011920929,1961.0,2035.0,0.7857694029808044,0.7179216742515564,1079.0,1143.0,0.4810543279883671,0.3196428716182709,0.3323019742965698,7613.0,537.0
6,0.9179545640945435,0.9714546799659729,144.0,217.0,0.2523176594214006,0.9045314788818359,0.9345454573631287,1983.0,2056.0,0.7565560936927795,0.7518378496170044,843.0,1682.0,0.4986153977100241,0.31486761569976807,0.47834157943725586,7074.0,773.0
