,accuracy,auc,false_negatives,false_positives,loss,precision,recall,true_negatives,true_positives,val_accuracy,val_auc,val_false_negatives,val_false_positives,val_loss,val_precision,val_recall,val_true_negatives,val_true_positives
0,0.8572916388511658,0.9278586506843567,390.0,295.0,0.35404468754927315,0.8720173239707947,0.8374999761581421,2105.0,2010.0,0.9685850143432617,0.0,0.0,119.0,0.16489295080823405,0.0,0.0,3669.0,0.0
1,0.8912500143051147,0.9579285383224487,279.0,243.0,0.2947584549585978,0.8972080945968628,0.8837500214576721,2157.0,2121.0,0.9736008644104004,0.0,0.0,100.0,0.18271621380398617,0.0,0.0,3688.0,0.0
2,0.9108333587646484,0.9702033400535583,223.0,205.0,0.2593492681781451,0.9139378666877747,0.9070833325386047,2195.0,2177.0,0.9788807034492493,0.0,0.0,80.0,0.13792099788737774,0.0,0.0,3708.0,0.0
3,0.9233333468437195,0.9763860702514648,200.0,168.0,0.2396361517906189,0.9290540814399719,0.9166666865348816,2232.0,2200.0,0.9606652855873108,0.0,0.0,149.0,0.17791450251810403,0.0,0.0,3639.0,0.0
4,0.9264583587646484,0.9791114926338196,184.0,169.0,0.22635391990343728,0.9291404485702515,0.9233333468437195,2231.0,2216.0,0.9617212414741516,0.0,0.0,145.0,0.17379941577298336,0.0,0.0,3643.0,0.0
5,0.9360416531562805,0.9829416275024414,159.0,148.0,0.2108074554304282,0.9380493760108948,0.9337499737739563,2252.0,2241.0,0.9619852304458618,0.0,0.0,144.0,0.16547135487120154,0.0,0.0,3644.0,0.0
6,0.9431250095367432,0.9865760803222656,156.0,117.0,0.19536066050330797,0.9504446983337402,0.9350000023841858,2283.0,2244.0,0.9522175192832947,0.0,0.0,181.0,0.18716649133653046,0.0,0.0,3607.0,0.0
7,0.9468749761581421,0.9887770414352417,134.0,121.0,0.18580726593732833,0.9493087530136108,0.9441666603088379,2279.0,2266.0,0.9588173031806946,0.0,0.0,156.0,0.16573703792555908,0.0,0.0,3632.0,0.0
