,accuracy,auc,false_negatives,false_positives,loss,precision,recall,true_negatives,true_positives,val_accuracy,val_auc,val_false_negatives,val_false_positives,val_loss,val_precision,val_recall,val_true_negatives,val_true_positives
0,0.857272744178772,0.9302783012390137,329.0,299.0,0.34676440406929365,0.8622120022773743,0.850454568862915,1901.0,1871.0,0.8452380895614624,0.7016213536262512,465.0,848.0,0.3858243260446555,0.2758326232433319,0.4098984897136688,6848.0,323.0
1,0.9043181538581848,0.9671137928962708,215.0,206.0,0.26632896065711975,0.9059789776802063,0.9022727012634277,1994.0,1985.0,0.8086987137794495,0.7232809662818909,438.0,1185.0,0.41433646225355975,0.2280130237340927,0.44416242837905884,6511.0,350.0
2,0.925000011920929,0.9775868058204651,160.0,170.0,0.23618424914099953,0.9230769276618958,0.9272727370262146,2030.0,2040.0,0.8213106989860535,0.6901642680168152,470.0,1046.0,0.419380603506564,0.2331378310918808,0.403553307056427,6650.0,318.0
3,0.9352272748947144,0.9821357131004333,144.0,141.0,0.21530756256797096,0.9358215928077698,0.9345454573631287,2059.0,2056.0,0.8281471133232117,0.7003734707832336,457.0,1001.0,0.4119398561866145,0.24849849939346313,0.4200507700443268,6695.0,331.0
4,0.947954535484314,0.9885196089744568,101.0,128.0,0.18944832948121157,0.9425235986709595,0.9540908932685852,2072.0,2099.0,0.8375766277313232,0.6914174556732178,477.0,901.0,0.4096684560271042,0.25660064816474915,0.3946700394153595,6795.0,311.0
5,0.9484090805053711,0.9906535744667053,100.0,127.0,0.17674986351620067,0.9429726004600525,0.9545454382896423,2073.0,2100.0,0.8450023531913757,0.6835628151893616,470.0,845.0,0.4044846870999244,0.27343079447746277,0.403553307056427,6851.0,318.0
