,accuracy,auc,false_negatives,false_positives,loss,precision,recall,true_negatives,true_positives,val_accuracy,val_auc,val_false_negatives,val_false_positives,val_loss,val_precision,val_recall,val_true_negatives,val_true_positives
0,0.9145833253860474,0.9725703597068787,182.0,228.0,0.2336526213089625,0.9067865610122681,0.9241666793823242,2172.0,2218.0,0.8078051805496216,0.6402795314788818,135.0,520.0,0.7705767123911862,0.12310286611318588,0.3509615361690521,2680.0,73.0
1,0.9258333444595337,0.9772905707359314,163.0,193.0,0.2168329556286335,0.9205761551856995,0.9320833086967468,2207.0,2237.0,0.6634389758110046,0.6162117123603821,112.0,1035.0,1.0285168547585537,0.08488063514232635,0.4615384638309479,2165.0,96.0
2,0.9329166412353516,0.9806526899337769,143.0,179.0,0.20397553165753682,0.9265188574790955,0.940416693687439,2221.0,2257.0,0.7796361446380615,0.6462281942367554,126.0,625.0,0.8277665109421726,0.1159830242395401,0.39423078298568726,2575.0,82.0
3,0.9322916865348816,0.9824650883674622,145.0,180.0,0.19763597364226976,0.9260780215263367,0.9395833611488342,2220.0,2255.0,0.7200704216957092,0.6208240389823914,120.0,834.0,0.9326655660436747,0.0954446867108345,0.42307692766189575,2366.0,88.0
4,0.9370833039283752,0.983988344669342,134.0,168.0,0.1916720746954282,0.9309778213500977,0.9441666603088379,2232.0,2266.0,0.8069248795509338,0.626024603843689,132.0,526.0,0.8042588933532786,0.12624584138393402,0.36538460850715637,2674.0,76.0
5,0.9389583468437195,0.9850998520851135,140.0,153.0,0.185095177590847,0.9365934729576111,0.9416666626930237,2247.0,2260.0,0.7596830725669861,0.6290722489356995,124.0,695.0,0.8789915988143061,0.10783055424690247,0.4038461446762085,2505.0,84.0
