,accuracy,auc,false_negatives,false_positives,loss,precision,recall,true_negatives,true_positives,val_accuracy,val_auc,val_false_negatives,val_false_positives,val_loss,val_precision,val_recall,val_true_negatives,val_true_positives
0,0.8668749928474426,0.9385334849357605,351.0,288.0,0.3225719174742699,0.8767650723457336,0.8537499904632568,2112.0,2049.0,0.7543652653694153,0.5136732459068298,1088.0,994.0,0.5987175121347879,0.007984031923115253,0.007299270015209913,6386.0,8.0
1,0.8962500095367432,0.9636072516441345,241.0,257.0,0.2594969515005747,0.8936258554458618,0.8995833396911621,2143.0,2159.0,0.6995044946670532,0.528637707233429,890.0,1657.0,0.6861884617310416,0.11057434231042862,0.18795619904994965,5723.0,206.0
2,0.9177083373069763,0.9766315817832947,197.0,198.0,0.21938304682572682,0.917534351348877,0.9179166555404663,2202.0,2203.0,0.7294714450836182,0.5455949902534485,991.0,1302.0,0.636118241136172,0.0746268630027771,0.0958029180765152,6078.0,105.0
3,0.9233333468437195,0.9789491891860962,187.0,181.0,0.20870257347822188,0.9243943095207214,0.92208331823349,2219.0,2213.0,0.7357243895530701,0.5033289194107056,1041.0,1199.0,0.6735549413156486,0.04385964944958687,0.05018248036503792,6181.0,55.0
4,0.9314583539962769,0.9830959439277649,150.0,179.0,0.19208690404891968,0.9263071417808533,0.9375,2221.0,2250.0,0.6513685584068298,0.5323307514190674,724.0,2231.0,0.7846335141430378,0.14291203022003174,0.3394160568714142,5149.0,372.0
5,0.940833330154419,0.9854604601860046,134.0,150.0,0.181128513092796,0.9379138946533203,0.9441666603088379,2250.0,2266.0,0.7518876791000366,0.5336850881576538,992.0,1111.0,0.6493358978577074,0.0855967104434967,0.09489051252603531,6269.0,104.0
