,accuracy,auc,false_negatives,false_positives,loss,precision,recall,true_negatives,true_positives,val_accuracy,val_auc,val_false_negatives,val_false_positives,val_loss,val_precision,val_recall,val_true_negatives,val_true_positives
0,0.8947727084159851,0.9582321643829346,221.0,242.0,0.27756793721155687,0.8910400867462158,0.899545431137085,1958.0,1979.0,0.7239542007446289,0.8014912009239197,984.0,1814.0,0.5837021671417857,0.508401095867157,0.6559440493583679,5462.0,1876.0
1,0.9131818413734436,0.9698304533958435,166.0,216.0,0.24008448253978382,0.9039999842643738,0.9245454668998718,1984.0,2034.0,0.6970205307006836,0.8627868890762329,262.0,2809.0,0.728082675066348,0.48048827052116394,0.9083915948867798,4467.0,2598.0
2,0.9245454668998718,0.9769447445869446,136.0,196.0,0.21653701489621943,0.913274347782135,0.9381818175315857,2004.0,2064.0,0.7771310210227966,0.8088878393173218,1307.0,952.0,0.5035930315433945,0.6199600696563721,0.5430070161819458,6324.0,1553.0
3,0.9306818246841431,0.9794431924819946,129.0,176.0,0.20465881537307393,0.9216733574867249,0.9413636326789856,2024.0,2071.0,0.7219810485839844,0.8058874607086182,942.0,1876.0,0.5965649139344833,0.5055350661277771,0.6706293821334839,5400.0,1918.0
4,0.9388636350631714,0.9845791459083557,110.0,159.0,0.1834521742842414,0.929301917552948,0.949999988079071,2041.0,2090.0,0.7749605178833008,0.820206344127655,1180.0,1101.0,0.5098325822799339,0.6040992736816406,0.5874125957489014,6175.0,1680.0
5,0.9461363554000854,0.986665666103363,91.0,146.0,0.17325530870394273,0.9352549910545349,0.9586363434791565,2054.0,2109.0,0.7334254384040833,0.8278125524520874,769.0,1933.0,0.5695874806737561,0.5196322202682495,0.7311188578605652,5343.0,2091.0
6,0.9497727155685425,0.9889841675758362,89.0,132.0,0.1623554302887483,0.9411502480506897,0.9595454335212708,2068.0,2111.0,0.7008681893348694,0.8339475989341736,427.0,2605.0,0.747896789704709,0.4829297363758087,0.8506993055343628,4671.0,2433.0
7,0.9518181681632996,0.9909583926200867,84.0,128.0,0.15366967672651463,0.9429590106010437,0.9618181586265564,2072.0,2116.0,0.7729873657226562,0.8226290345191956,1140.0,1161.0,0.5275446718474872,0.5970149040222168,0.6013985872268677,6115.0,1720.0
