,accuracy,auc,false_negatives,false_positives,loss,precision,recall,true_negatives,true_positives,val_accuracy,val_auc,val_false_negatives,val_false_positives,val_loss,val_precision,val_recall,val_true_negatives,val_true_positives
0,0.8415908813476562,0.9188492894172668,375.0,322.0,0.37689380158077584,0.8500232696533203,0.8295454382896423,1878.0,1825.0,0.8017444610595703,0.7157660126686096,345.0,1337.0,0.4618485361154998,0.2488764077425003,0.5621827244758606,6359.0,443.0
1,0.8709090948104858,0.9465487599372864,268.0,300.0,0.3248658301613548,0.8655914068222046,0.8781818151473999,1900.0,1932.0,0.7904290556907654,0.7229400873184204,343.0,1435.0,0.4697397229863697,0.23670212924480438,0.5647208094596863,6261.0,445.0
2,0.8872727155685425,0.9573162198066711,242.0,254.0,0.29633508172902195,0.8851717710494995,0.8899999856948853,1946.0,1958.0,0.8822489380836487,0.7076743245124817,482.0,517.0,0.3373700102254615,0.3718104362487793,0.38832488656044006,7179.0,306.0
3,0.9034090638160706,0.9653951525688171,216.0,209.0,0.2716315881772475,0.9046967625617981,0.9018181562423706,1991.0,1984.0,0.8354550004005432,0.7170332074165344,355.0,1041.0,0.43168441470025676,0.29375848174095154,0.549492359161377,6655.0,433.0
4,0.910909116268158,0.9698681831359863,175.0,217.0,0.2562836706638336,0.9032114148139954,0.9204545617103577,1983.0,2025.0,0.8335690498352051,0.7197982668876648,364.0,1048.0,0.4232334944365554,0.28804346919059753,0.5380710363388062,6648.0,424.0
5,0.9184091091156006,0.9738746285438538,168.0,191.0,0.24181992855938997,0.9140800833702087,0.9236363768577576,2009.0,2032.0,0.8745874762535095,0.7249853014945984,456.0,608.0,0.35275188093686205,0.3531914949417114,0.42131978273391724,7088.0,332.0
6,0.9195454716682434,0.9767475128173828,158.0,196.0,0.2309624649177898,0.9124218225479126,0.9281818270683289,2004.0,2042.0,0.8605610728263855,0.7102476358413696,430.0,753.0,0.37587297272564163,0.3222322165966034,0.4543147087097168,6943.0,358.0
7,0.9336363673210144,0.9799023866653442,127.0,165.0,0.21690993775020947,0.9262734651565552,0.9422727227210999,2035.0,2073.0,0.7458745837211609,0.7328188419342041,274.0,1882.0,0.5903691909803304,0.21452420949935913,0.6522842645645142,5814.0,514.0
