,accuracy,auc,false_negatives,false_positives,loss,precision,recall,true_negatives,true_positives,val_accuracy,val_auc,val_false_negatives,val_false_positives,val_loss,val_precision,val_recall,val_true_negatives,val_true_positives
0,0.9043750166893005,0.9644519686698914,214.0,245.0,0.2535302665332953,0.8992184400558472,0.9108333587646484,2155.0,2186.0,0.75,0.9354910850524902,15.0,453.0,0.5288097007661803,0.27635782957077026,0.9202127456665039,1231.0,173.0
1,0.9118750095367432,0.9699504971504211,189.0,234.0,0.23820214182138444,0.904294490814209,0.9212499856948853,2166.0,2211.0,0.5528846383094788,0.9348798990249634,8.0,829.0,0.8166614261447874,0.17839445173740387,0.957446813583374,855.0,180.0
2,0.9177083373069763,0.9722204804420471,184.0,211.0,0.23144846831758817,0.9130613803863525,0.9233333468437195,2189.0,2216.0,0.62767094373703,0.9356647729873657,10.0,687.0,0.7051389410964444,0.20578034222126007,0.9468085169792175,997.0,178.0
3,0.9268749952316284,0.9765943884849548,165.0,186.0,0.21625939294695853,0.9231722354888916,0.9312499761581421,2214.0,2235.0,0.7056623697280884,0.93999844789505,11.0,540.0,0.5935516153645312,0.24686191976070404,0.9414893388748169,1144.0,177.0
4,0.9266666769981384,0.978184700012207,160.0,192.0,0.2112369520465533,0.9210526347160339,0.9333333373069763,2208.0,2240.0,0.39423078298568726,0.9372140765190125,6.0,1128.0,1.091984915937114,0.1389313042163849,0.9680851101875305,556.0,182.0
5,0.934374988079071,0.9802043437957764,140.0,175.0,0.20295489619175594,0.9281314015388489,0.9416666626930237,2225.0,2260.0,0.4342948794364929,0.9430766105651855,5.0,1054.0,1.036550943668072,0.1479385644197464,0.9734042286872864,630.0,183.0
