,accuracy,auc,false_negatives,false_positives,loss,precision,recall,true_negatives,true_positives,val_accuracy,val_auc,val_false_negatives,val_false_positives,val_loss,val_precision,val_recall,val_true_negatives,val_true_positives
0,0.8472727537155151,0.9245849251747131,365.0,307.0,0.35464929353107105,0.8566759824752808,0.8340908885002136,1893.0,1835.0,0.9090051651000977,0.6707711815834045,737.0,35.0,0.36276247161794023,0.5930232405662537,0.06472080945968628,7661.0,51.0
1,0.8922727108001709,0.9594308733940125,217.0,257.0,0.27797448575496675,0.8852678537368774,0.9013636112213135,1943.0,1983.0,0.8942715525627136,0.6903343796730042,594.0,303.0,0.3340207613505799,0.3903420567512512,0.24619288742542267,7393.0,194.0
2,0.910909116268158,0.9728585481643677,180.0,212.0,0.2361402481252497,0.9050179123878479,0.918181836605072,1988.0,2020.0,0.8023338317871094,0.6801866888999939,428.0,1249.0,0.47422154946801576,0.22374145686626434,0.4568527936935425,6447.0,360.0
3,0.9231818318367004,0.9775463938713074,147.0,191.0,0.21725862513888966,0.9148841500282288,0.9331818222999573,2009.0,2053.0,0.8695191144943237,0.7100096344947815,470.0,637.0,0.3607577214624341,0.3329842984676361,0.403553307056427,7059.0,318.0
4,0.9329545497894287,0.9826457500457764,122.0,173.0,0.19734941720962523,0.9231452941894531,0.9445454478263855,2027.0,2078.0,0.8899103999137878,0.6779101490974426,521.0,413.0,0.3655695123584807,0.39264705777168274,0.3388324975967407,7283.0,267.0
5,0.9331818222999573,0.9846605658531189,125.0,169.0,0.18687990681691602,0.9246880412101746,0.9431818127632141,2031.0,2075.0,0.8583215475082397,0.6836028099060059,433.0,769.0,0.41090426383604145,0.3158363103866577,0.45050761103630066,6927.0,355.0
6,0.9470454454421997,0.9889450073242188,83.0,150.0,0.16974154328758068,0.9338332414627075,0.9622727036476135,2050.0,2117.0,0.8500707149505615,0.6749171614646912,451.0,821.0,0.42108651811941117,0.2910189926624298,0.42766496539115906,6875.0,337.0
