,accuracy,auc,false_negatives,false_positives,loss,precision,recall,true_negatives,true_positives,val_accuracy,val_auc,val_false_negatives,val_false_positives,val_loss,val_precision,val_recall,val_true_negatives,val_true_positives
0,0.8508333563804626,0.9229978322982788,402.0,314.0,0.36057766487201054,0.8641868233680725,0.8324999809265137,2086.0,1998.0,0.8651269674301147,0.8386377692222595,429.0,336.0,0.33856817903404346,0.537826657295227,0.47682926058769226,4516.0,391.0
1,0.8818749785423279,0.9523143172264099,291.0,276.0,0.3034375866254171,0.8842767477035522,0.8787500262260437,2124.0,2109.0,0.8751763105392456,0.8559122681617737,383.0,325.0,0.32659955715763217,0.5734907984733582,0.5329268574714661,4527.0,437.0
2,0.9052083492279053,0.9677314162254333,235.0,220.0,0.265898725092411,0.9077568054199219,0.9020833373069763,2180.0,2165.0,0.8448519110679626,0.840093731880188,311.0,569.0,0.38123343601213355,0.4721706807613373,0.6207317113876343,4283.0,509.0
3,0.9158333539962769,0.9760186076164246,199.0,205.0,0.24291093875964484,0.9147963523864746,0.9170833230018616,2195.0,2201.0,0.8656558394432068,0.8500484228134155,361.0,401.0,0.34270171915694586,0.5337209105491638,0.5597561001777649,4451.0,459.0
4,0.9258333444595337,0.979565441608429,176.0,180.0,0.22635230446855228,0.9251247644424438,0.9266666769981384,2220.0,2224.0,0.8319816589355469,0.8762379884719849,175.0,778.0,0.39167194999491717,0.45326775312423706,0.7865853905677795,4074.0,645.0
5,0.9385416507720947,0.9842647314071655,147.0,148.0,0.20902657106518746,0.9383590221405029,0.9387500286102295,2252.0,2253.0,0.8494358062744141,0.8540046215057373,277.0,577.0,0.3692594911214831,0.4848214387893677,0.6621951460838318,4275.0,543.0
6,0.9445833563804626,0.9875749945640564,122.0,144.0,0.19410767242312432,0.9405450224876404,0.9491666555404663,2256.0,2278.0,0.8422073125839233,0.8719428181648254,215.0,680.0,0.3694435059603918,0.47081711888313293,0.7378048896789551,4172.0,605.0
