,accuracy,auc,false_negatives,false_positives,loss,precision,recall,true_negatives,true_positives,val_accuracy,val_auc,val_false_negatives,val_false_positives,val_loss,val_precision,val_recall,val_true_negatives,val_true_positives
0,0.8829166889190674,0.9462780952453613,292.0,270.0,0.3064448458949725,0.886459231376648,0.878333330154419,2130.0,2108.0,0.9889123439788818,0.0,0.0,42.0,0.08396314991659701,0.0,0.0,3746.0,0.0
1,0.9006249904632568,0.9656392931938171,237.0,240.0,0.26178025369842844,0.9001248478889465,0.9012500047683716,2160.0,2163.0,0.9841604828834534,0.0,0.0,60.0,0.10550180401696323,0.0,0.0,3728.0,0.0
2,0.9181249737739563,0.9746785759925842,190.0,203.0,0.2371231138209502,0.91587233543396,0.9208333492279053,2197.0,2210.0,0.9944561719894409,0.0,0.0,21.0,0.06642965582585889,0.0,0.0,3767.0,0.0
3,0.9237499833106995,0.9776746034622192,173.0,193.0,0.22496547038356463,0.9202479124069214,0.9279166460037231,2207.0,2227.0,0.9931362271308899,0.0,0.0,26.0,0.058601604473660085,0.0,0.0,3762.0,0.0
4,0.9245833158493042,0.978233277797699,164.0,198.0,0.2196690740187963,0.9186524152755737,0.9316666722297668,2202.0,2236.0,0.9807286262512207,0.0,0.0,73.0,0.09543574598264795,0.0,0.0,3715.0,0.0
5,0.9293749928474426,0.9812252521514893,171.0,168.0,0.20909596408406894,0.9299123883247375,0.9287499785423279,2232.0,2229.0,0.9907602667808533,0.0,0.0,35.0,0.061968535607741654,0.0,0.0,3753.0,0.0
6,0.9300000071525574,0.9818605780601501,165.0,171.0,0.2038976137836774,0.9289276599884033,0.9312499761581421,2229.0,2235.0,0.9540654420852661,0.0,0.0,174.0,0.1716981847173561,0.0,0.0,3614.0,0.0
7,0.9339583516120911,0.9815543293952942,157.0,160.0,0.2010208628575007,0.9334165453910828,0.934583306312561,2240.0,2243.0,0.9672650694847107,0.0,0.0,124.0,0.11454089920586241,0.0,0.0,3664.0,0.0
8,0.9354166388511658,0.9847906231880188,151.0,159.0,0.18932504216829935,0.9339700937271118,0.9370833039283752,2241.0,2249.0,0.9728088974952698,0.0,0.0,103.0,0.10531068474070071,0.0,0.0,3685.0,0.0
