,accuracy,auc,false_negatives,false_positives,loss,precision,recall,true_negatives,true_positives,val_accuracy,val_auc,val_false_negatives,val_false_positives,val_loss,val_precision,val_recall,val_true_negatives,val_true_positives
0,0.8915908932685852,0.9587854146957397,253.0,224.0,0.2913146152279594,0.8968217372894287,0.8849999904632568,1976.0,1947.0,0.7177387475967407,0.822509229183197,455.0,2406.0,0.6106467919266874,0.4998960793018341,0.8409090638160706,4870.0,2405.0
1,0.9097727537155151,0.967982292175293,180.0,217.0,0.26131511336023155,0.9029951095581055,0.918181836605072,1983.0,2020.0,0.7571033835411072,0.8048508167266846,1195.0,1267.0,0.5008466951519651,0.5678717494010925,0.5821678042411804,6009.0,1665.0
2,0.9113636612892151,0.9700692296028137,184.0,206.0,0.25165034142407505,0.9072907567024231,0.9163636565208435,1994.0,2016.0,0.7788082361221313,0.8569926619529724,557.0,1685.0,0.49313582561104524,0.5774824619293213,0.8052447438240051,5591.0,2303.0
3,0.9184091091156006,0.9755855798721313,158.0,201.0,0.233102631948211,0.9103878736495972,0.9281818270683289,1999.0,2042.0,0.771112859249115,0.8559418320655823,615.0,1705.0,0.4991547492492265,0.5683544278144836,0.7849650382995605,5571.0,2245.0
4,0.9272727370262146,0.9781138300895691,148.0,172.0,0.22185924061320045,0.9226618409156799,0.9327272772789001,2028.0,2052.0,0.7687450647354126,0.8385112881660461,841.0,1503.0,0.49374039272388887,0.5732538104057312,0.7059440612792969,5773.0,2019.0
5,0.9361363649368286,0.9801334738731384,129.0,152.0,0.20972597011111,0.9316239356994629,0.9413636326789856,2048.0,2071.0,0.7594711780548096,0.8394957184791565,750.0,1688.0,0.5194889030874293,0.5555555820465088,0.7377622127532959,5588.0,2110.0
6,0.9368181824684143,0.9822622537612915,116.0,162.0,0.20023305789990858,0.9278717637062073,0.9472727179527283,2038.0,2084.0,0.7500986456871033,0.8243028521537781,855.0,1678.0,0.5313197141711695,0.5443931818008423,0.7010489702224731,5598.0,2005.0
7,0.9384090900421143,0.9836304187774658,119.0,152.0,0.19386254077607934,0.9319301247596741,0.9459090828895569,2048.0,2081.0,0.7258287072181702,0.8459398150444031,482.0,2297.0,0.6026481723775992,0.5086631178855896,0.8314685225486755,4979.0,2378.0
