,accuracy,auc,false_negatives,false_positives,loss,precision,recall,true_negatives,true_positives,val_accuracy,val_auc,val_false_negatives,val_false_positives,val_loss,val_precision,val_recall,val_true_negatives,val_true_positives
0,0.8899999856948853,0.9547783136367798,246.0,238.0,0.2958539683710445,0.8914233446121216,0.8881818056106567,1962.0,1954.0,0.7556235194206238,0.7606728672981262,1540.0,937.0,0.5285863121758321,0.5848471522331238,0.4615384638309479,6339.0,1320.0
1,0.9211363792419434,0.9751991629600525,182.0,165.0,0.2411402257464149,0.9244159460067749,0.9172727465629578,2035.0,2018.0,0.7699289917945862,0.8196840882301331,1115.0,1217.0,0.48334342630575655,0.5891289710998535,0.6101398468017578,6059.0,1745.0
2,0.9336363673210144,0.9822207093238831,130.0,162.0,0.21452811354940587,0.9274193644523621,0.9409090876579285,2038.0,2070.0,0.7633188366889954,0.819962739944458,1083.0,1316.0,0.5044842688183006,0.5745230913162231,0.6213286519050598,5960.0,1777.0
3,0.9395454525947571,0.9850125312805176,121.0,145.0,0.19877402072603054,0.9348021745681763,0.9449999928474426,2055.0,2079.0,0.7621349692344666,0.7968168258666992,1224.0,1187.0,0.5207575696984331,0.579525351524353,0.5720279812812805,6089.0,1636.0
4,0.9443181753158569,0.9875856041908264,119.0,126.0,0.18648234844207764,0.9429089426994324,0.9459090828895569,2074.0,2081.0,0.7563140988349915,0.771723747253418,1310.0,1160.0,0.557018871230221,0.5719557404518127,0.5419580340385437,6116.0,1550.0
5,0.9554545283317566,0.9915246963500977,88.0,108.0,0.16603592509573156,0.9513513445854187,0.9599999785423279,2092.0,2112.0,0.7733820080757141,0.8278380632400513,1075.0,1222.0,0.4943516902219807,0.5936148762702942,0.6241258978843689,6054.0,1785.0
6,0.9590908885002136,0.9922155141830444,79.0,101.0,0.16094605099071155,0.9545454382896423,0.964090883731842,2099.0,2121.0,0.7631215453147888,0.8311821222305298,994.0,1407.0,0.5179973732747708,0.5701191425323486,0.6524475812911987,5869.0,1866.0
