,accuracy,auc,false_negatives,false_positives,loss,pr,precision,recall,true_negatives,true_positives,val_accuracy,val_auc,val_false_negatives,val_false_positives,val_loss,val_pr,val_precision,val_recall,val_true_negatives,val_true_positives
0,0.9320833086967468,0.9828103184700012,146.0,180.0,0.17626204575101534,0.9820894002914429,0.926047682762146,0.9391666650772095,2220.0,2254.0,0.7728873491287231,0.6511726379394531,116.0,658.0,1.0134148536153802,0.10782067477703094,0.12266666442155838,0.4423076808452606,2542.0,92.0
1,0.9537500143051147,0.9899523258209229,97.0,125.0,0.1422366124888261,0.9894288182258606,0.9485173225402832,0.9595833420753479,2275.0,2303.0,0.8066314458847046,0.6669050455093384,125.0,534.0,0.887006231177021,0.10885091125965118,0.13452188670635223,0.3990384638309479,2666.0,83.0
2,0.9595833420753479,0.9922999143600464,87.0,107.0,0.12753339373817046,0.9920284152030945,0.9557850956916809,0.9637500047683716,2293.0,2313.0,0.73591548204422,0.6389724016189575,112.0,788.0,1.0916401234590951,0.10354740172624588,0.1085972860455513,0.4615384638309479,2412.0,96.0
3,0.9693750143051147,0.9959218502044678,65.0,82.0,0.10535801702489456,0.9961105585098267,0.9660736322402954,0.9729166626930237,2318.0,2335.0,0.7881455421447754,0.6413679122924805,123.0,599.0,0.9744256655095329,0.10582773387432098,0.12426900863647461,0.4086538553237915,2601.0,85.0
4,0.9743750095367432,0.9971924424171448,59.0,64.0,0.09338285100956757,0.9972467422485352,0.9733887910842896,0.9754166603088379,2336.0,2341.0,0.7931337952613831,0.6365271210670471,127.0,578.0,0.9733077799070609,0.10309883207082748,0.12291350215673447,0.38942307233810425,2622.0,81.0
5,0.9762499928474426,0.9975751042366028,55.0,59.0,0.08785949305941661,0.9974931478500366,0.9754575490951538,0.9770833253860474,2341.0,2345.0,0.7728873491287231,0.6262680888175964,123.0,651.0,1.0168966522239185,0.1016262024641037,0.11548913270235062,0.4086538553237915,2549.0,85.0
6,0.9837499856948853,0.9987719058990479,34.0,44.0,0.07468464651455482,0.998785138130188,0.9817427396774292,0.9858333468437195,2356.0,2366.0,0.7687793374061584,0.6243171095848083,123.0,665.0,1.0501998724512092,0.10176533460617065,0.1133333370089531,0.4086538553237915,2535.0,85.0
