,accuracy,auc,false_negatives,false_positives,loss,pr,precision,recall,true_negatives,true_positives,val_accuracy,val_auc,val_false_negatives,val_false_positives,val_loss,val_pr,val_precision,val_recall,val_true_negatives,val_true_positives
0,0.8384090662002563,0.9141581654548645,314.0,397.0,0.3710892650214109,0.9115415811538696,0.8261060118675232,0.857272744178772,1803.0,1886.0,0.8144041895866394,0.6253058314323425,1104.0,821.0,0.6230652969958375,0.3657851219177246,0.38409602642059326,0.31683167815208435,7935.0,512.0
1,0.9100000262260437,0.9679638743400574,162.0,234.0,0.24018147333101791,0.9668341279029846,0.8970070481300354,0.9263636469841003,1966.0,2038.0,0.7118203043937683,0.6944628953933716,905.0,2084.0,0.6670891686934924,0.385428249835968,0.25438281893730164,0.4399752616882324,6672.0,711.0
2,0.9381818175315857,0.9834229946136475,106.0,166.0,0.18488361017270522,0.9828189611434937,0.9265486598014832,0.9518181681632996,2034.0,2094.0,0.7705360651016235,0.7042801380157471,990.0,1390.0,0.5704379873547805,0.4040469527244568,0.3105158805847168,0.38737624883651733,7366.0,626.0
3,0.9497727155685425,0.9912832379341125,87.0,134.0,0.1500065405531363,0.9915673136711121,0.9403649568557739,0.960454523563385,2066.0,2113.0,0.7486501932144165,0.7320699095726013,937.0,1670.0,0.6226437638107525,0.4060845673084259,0.2890591621398926,0.4201732575893402,7086.0,679.0
4,0.9636363387107849,0.9945217370986938,64.0,96.0,0.12740675794807346,0.9946256875991821,0.9569892287254333,0.9709091186523438,2104.0,2136.0,0.7663902640342712,0.722997784614563,940.0,1483.0,0.5774690505854191,0.4145839214324951,0.3131079077720642,0.4183168411254883,7273.0,676.0
5,0.9661363363265991,0.996030330657959,60.0,89.0,0.11340793801979585,0.9959782361984253,0.9600718021392822,0.9727272987365723,2111.0,2140.0,0.7634978890419006,0.7117404341697693,952.0,1501.0,0.6196018545451976,0.40561822056770325,0.30669745802879333,0.4108910858631134,7255.0,664.0
6,0.9790909290313721,0.9977770447731018,46.0,46.0,0.09496315476569263,0.9977284073829651,0.9790909290313721,0.9790909290313721,2154.0,2154.0,0.7500964403152466,0.756892740726471,843.0,1749.0,0.6066891462518771,0.433651328086853,0.3065027892589569,0.47834157943725586,7007.0,773.0
7,0.9847727417945862,0.9991055130958557,23.0,44.0,0.08129559852860191,0.9991036653518677,0.9801890850067139,0.989545464515686,2156.0,2177.0,0.7242575883865356,0.6737138032913208,938.0,1922.0,0.7214912527369755,0.38044026494026184,0.26076921820640564,0.4195544421672821,6834.0,678.0
