,accuracy,auc,false_negatives,false_positives,loss,pr,precision,recall,true_negatives,true_positives,val_accuracy,val_auc,val_false_negatives,val_false_positives,val_loss,val_pr,val_precision,val_recall,val_true_negatives,val_true_positives
0,0.9265909194946289,0.9750490188598633,161.0,162.0,0.20181678381833162,0.975191593170166,0.9263970851898193,0.9268181920051575,2038.0,2039.0,0.7647000551223755,0.8468652963638306,561.0,1824.0,0.6112808653380613,0.6704824566841125,0.557603657245636,0.8038461804389954,5452.0,2299.0
1,0.9547727108001709,0.990989625453949,95.0,104.0,0.1354125988483429,0.9903104305267334,0.9529199004173279,0.956818163394928,2096.0,2105.0,0.7729873657226562,0.8346036672592163,950.0,1351.0,0.5594453174670851,0.6494410037994385,0.5857099294662476,0.6678321957588196,5925.0,1910.0
2,0.9715909361839294,0.9953678846359253,58.0,67.0,0.10615110076286575,0.9951993227005005,0.96966952085495,0.9736363887786865,2133.0,2142.0,0.7828531861305237,0.842948317527771,1169.0,1032.0,0.5207719087083225,0.6699708700180054,0.6210062503814697,0.5912587642669678,6244.0,1691.0
3,0.9768182039260864,0.9972557425498962,52.0,50.0,0.09081353824247014,0.997195839881897,0.9772520661354065,0.9763636589050293,2150.0,2148.0,0.7791041731834412,0.8343489170074463,1119.0,1120.0,0.5410926332366495,0.671738862991333,0.6085284948348999,0.608741283416748,6156.0,1741.0
4,0.9788636565208435,0.9981809854507446,39.0,54.0,0.08027073040604592,0.9980987310409546,0.9756207466125488,0.982272744178772,2146.0,2161.0,0.770224928855896,0.8250957131385803,1259.0,1070.0,0.5717826434355979,0.646916925907135,0.5994009971618652,0.5597901940345764,6206.0,1601.0
5,0.9879545569419861,0.9991852045059204,21.0,32.0,0.0678467728739435,0.9991911053657532,0.9855269193649292,0.9904545545578003,2168.0,2179.0,0.7752565145492554,0.8188978433609009,1296.0,982.0,0.5727837887822688,0.6574485301971436,0.6142969131469727,0.5468531250953674,6294.0,1564.0
6,0.9913636445999146,0.999614953994751,14.0,24.0,0.056678184961730785,0.9996073246002197,0.9891402721405029,0.9936363697052002,2176.0,2186.0,0.782162606716156,0.834399938583374,1322.0,886.0,0.5555191582690663,0.6660350561141968,0.6344884634017944,0.5377622246742249,6390.0,1538.0
7,0.9929545521736145,0.9997298121452332,12.0,19.0,0.052372891076586464,0.9997293949127197,0.9913910031318665,0.9945454597473145,2181.0,2188.0,0.7686464190483093,0.8199672102928162,1211.0,1134.0,0.5840570359081383,0.6513527631759644,0.5925260782241821,0.5765734314918518,6142.0,1649.0
