,accuracy,auc,false_negatives,false_positives,loss,pr,precision,recall,true_negatives,true_positives,val_accuracy,val_auc,val_false_negatives,val_false_positives,val_loss,val_pr,val_precision,val_recall,val_true_negatives,val_true_positives
0,0.9018750190734863,0.9612942934036255,239.0,232.0,0.25220043398439884,0.9620758295059204,0.9030505418777466,0.9004166722297668,2168.0,2161.0,0.8476727604866028,0.8489238023757935,292.0,572.0,0.37836154135225186,0.5267648696899414,0.47999998927116394,0.6439024209976196,4280.0,528.0
1,0.9422916769981384,0.9843680262565613,139.0,138.0,0.1643569690734148,0.9839277267456055,0.9424760341644287,0.9420833587646484,2262.0,2261.0,0.8593088984489441,0.8267733454704285,389.0,409.0,0.3719965528449824,0.5066937804222107,0.5130952596664429,0.5256097316741943,4443.0,431.0
2,0.956041693687439,0.9910861253738403,96.0,115.0,0.1334994561225176,0.9905918836593628,0.9524596929550171,0.9599999785423279,2285.0,2304.0,0.8533145189285278,0.8326790928840637,350.0,482.0,0.3915696324431173,0.49862968921661377,0.49369746446609497,0.5731707215309143,4370.0,470.0
3,0.9647916555404663,0.9945396780967712,79.0,90.0,0.11414230373998482,0.9946481585502625,0.9626711010932922,0.9670833349227905,2310.0,2321.0,0.8407968878746033,0.8256381750106812,348.0,555.0,0.4164954949753577,0.5028217434883118,0.4595910310745239,0.5756097435951233,4297.0,472.0
4,0.9737499952316284,0.9964662194252014,54.0,72.0,0.09830815772215526,0.9966689944267273,0.9702233076095581,0.9775000214576721,2328.0,2346.0,0.8270451426506042,0.8187121748924255,333.0,648.0,0.46368573658557133,0.47180792689323425,0.42907488346099854,0.5939024686813354,4204.0,487.0
5,0.9785416722297668,0.9975621104240417,48.0,55.0,0.08665317833423615,0.9976097345352173,0.9771499633789062,0.9800000190734863,2345.0,2352.0,0.8439703583717346,0.8370878100395203,346.0,539.0,0.414234198135953,0.5061224102973938,0.4679170846939087,0.5780487656593323,4313.0,474.0
6,0.9822916388511658,0.9984744787216187,40.0,45.0,0.07749033917983374,0.9984802007675171,0.9812889695167542,0.9833333492279053,2355.0,2360.0,0.8272214531898499,0.8189888000488281,347.0,633.0,0.4658441873128054,0.465108186006546,0.4276672601699829,0.5768292546272278,4219.0,473.0
