,accuracy,auc,false_negatives,false_positives,loss,precision,recall,true_negatives,true_positives,val_accuracy,val_auc,val_false_negatives,val_false_positives,val_loss,val_precision,val_recall,val_true_negatives,val_true_positives
0,0.8172727227210999,0.9088732600212097,395.0,409.0,0.4116560193625363,0.815266489982605,0.8204545378684998,1791.0,1805.0,0.8110296726226807,0.6115444898605347,1429.0,531.0,0.45384290908645397,0.2604456841945648,0.1157178208231926,8225.0,187.0
1,0.8949999809265137,0.9610755443572998,211.0,251.0,0.31895016074180604,0.8879464268684387,0.9040908813476562,1949.0,1989.0,0.7200154066085815,0.6034728288650513,1192.0,1712.0,0.535207235118941,0.19850187003612518,0.26237624883651733,7044.0,424.0
2,0.9156818389892578,0.9764771461486816,162.0,209.0,0.27139635974710635,0.9069870710372925,0.9263636469841003,1991.0,2038.0,0.7198225855827332,0.5846195816993713,1165.0,1741.0,0.5620854222034333,0.20574817061424255,0.27908414602279663,7015.0,451.0
3,0.9361363649368286,0.9846630096435547,112.0,169.0,0.23720590775663203,0.9251218438148499,0.9490908980369568,2031.0,2088.0,0.7120131254196167,0.6083014607429504,1176.0,1811.0,0.6098165543921611,0.19546867907047272,0.27227723598480225,6945.0,440.0
4,0.9502272605895996,0.9900885820388794,87.0,132.0,0.2093499034101313,0.941202700138092,0.960454523563385,2068.0,2113.0,0.6945622563362122,0.5970191359519958,1143.0,2025.0,0.6193789362079887,0.18935148417949677,0.2926980257034302,6731.0,473.0
5,0.9570454359054565,0.9932122230529785,79.0,110.0,0.18691086015918038,0.950694739818573,0.964090883731842,2090.0,2121.0,0.7111454010009766,0.6394954919815063,1099.0,1897.0,0.5939807870238157,0.21416735649108887,0.3199257552623749,6859.0,517.0
