,accuracy,auc,false_negatives,false_positives,loss,precision,recall,true_negatives,true_positives,val_accuracy,val_auc,val_false_negatives,val_false_positives,val_loss,val_precision,val_recall,val_true_negatives,val_true_positives
0,0.9460416436195374,0.9824069142341614,115.0,144.0,0.1785448651512464,0.9407163262367249,0.9520833492279053,2256.0,2285.0,0.6992521286010742,0.9545124173164368,6.0,557.0,0.6398884384041159,0.24627874791622162,0.9680851101875305,1127.0,182.0
1,0.9556249976158142,0.9888953566551208,98.0,115.0,0.1537238027403752,0.9524203538894653,0.9591666460037231,2285.0,2302.0,0.68482905626297,0.9551741480827332,7.0,583.0,0.6546012096934848,0.23691099882125854,0.9627659320831299,1101.0,181.0
2,0.9608333110809326,0.9917340874671936,86.0,102.0,0.1408101926992337,0.9577814340591431,0.9641666412353516,2298.0,2314.0,0.6816239356994629,0.9512653350830078,8.0,588.0,0.6575971154066232,0.234375,0.957446813583374,1096.0,180.0
3,0.96895831823349,0.9937880039215088,66.0,83.0,0.12771454378962516,0.9656599164009094,0.9725000262260437,2317.0,2334.0,0.7254273295402527,0.957284152507782,7.0,507.0,0.5775859131772294,0.2630814015865326,0.9627659320831299,1177.0,181.0
4,0.971875011920929,0.9949060082435608,60.0,75.0,0.1171371095875899,0.9689440727233887,0.9750000238418579,2325.0,2340.0,0.686965823173523,0.9521055817604065,7.0,579.0,0.6601358901741158,0.23815789818763733,0.9627659320831299,1105.0,181.0
5,0.9756249785423279,0.995417594909668,59.0,58.0,0.1119191628197829,0.9758232831954956,0.9754166603088379,2342.0,2341.0,0.6399572491645813,0.9551693797111511,4.0,670.0,0.7636695422677913,0.21545667946338654,0.978723406791687,1014.0,184.0
6,0.9847916960716248,0.9971559643745422,30.0,43.0,0.09684778024752935,0.9821798801422119,0.987500011920929,2357.0,2370.0,0.6575854420661926,0.9548061490058899,3.0,638.0,0.7263294198574164,0.2247873693704605,0.9840425252914429,1046.0,185.0
7,0.9833333492279053,0.9969940781593323,41.0,39.0,0.09610658749938011,0.9837364554405212,0.9829166531562805,2361.0,2359.0,0.6020299196243286,0.9515337944030762,3.0,742.0,0.8638150651230772,0.1995684951543808,0.9840425252914429,942.0,185.0
8,0.9816666841506958,0.9972293972969055,42.0,46.0,0.09065463436146577,0.9808652400970459,0.9825000166893005,2354.0,2358.0,0.6543803215026855,0.95256507396698,3.0,644.0,0.7508167492018806,0.22316043078899384,0.9840425252914429,1040.0,185.0
