,accuracy,auc,false_negatives,false_positives,loss,pr,precision,recall,true_negatives,true_positives,val_accuracy,val_auc,val_false_negatives,val_false_positives,val_loss,val_pr,val_precision,val_recall,val_true_negatives,val_true_positives
0,0.7275000214576721,0.8494749665260315,710.0,162.0,1.8579367578029633,0.8280584812164307,0.8460075855255127,0.5562499761581421,1438.0,890.0,0.7365411520004272,0.7741008996963501,988.0,2007.0,3.421306743955713,0.4053155779838562,0.44172462821006775,0.6164596080780029,6785.0,1588.0
1,0.8778125047683716,0.9673357605934143,318.0,73.0,0.8590687879920006,0.967151939868927,0.9461254477500916,0.8012499809265137,1527.0,1282.0,0.7365411520004272,0.7523916363716125,1972.0,1023.0,2.45284406367865,0.3830691874027252,0.3712354004383087,0.23447205126285553,7769.0,604.0
2,0.9259374737739563,0.9864542484283447,201.0,36.0,0.5853913652896882,0.9869441986083984,0.9749128818511963,0.8743749856948853,1564.0,1399.0,0.7465693354606628,0.7563582062721252,1588.0,1293.0,2.9228129956417734,0.387756884098053,0.43314334750175476,0.3835403621196747,7499.0,988.0
3,0.9534375071525574,0.9934780597686768,123.0,26.0,0.42367374151945114,0.9939512610435486,0.9827012419700623,0.9231250286102295,1574.0,1477.0,0.7284482717514038,0.7164413928985596,1862.0,1225.0,3.2902252738069766,0.35742610692977905,0.36823105812072754,0.2771739065647125,7567.0,714.0
4,0.9725000262260437,0.9977988004684448,75.0,13.0,0.2771056112647057,0.9978950023651123,0.9915474653244019,0.953125,1587.0,1525.0,0.711910605430603,0.7110472321510315,1725.0,1550.0,3.746167142654623,0.3437563478946686,0.35443565249443054,0.3303571343421936,7242.0,851.0
5,0.9778125286102295,0.9984476566314697,57.0,14.0,0.22646106608211994,0.9982759952545166,0.9910083413124084,0.9643750190734863,1586.0,1543.0,0.7163089513778687,0.6833235621452332,1917.0,1308.0,3.6485871157119343,0.3255176842212677,0.3350279629230499,0.2558229863643646,7484.0,659.0
6,0.9887499809265137,0.9996019005775452,29.0,7.0,0.14776688639074564,0.9996233582496643,0.9955639839172363,0.9818750023841858,1593.0,1571.0,0.7106791138648987,0.685120165348053,1888.0,1401.0,4.233208255982584,0.33285146951675415,0.3293441832065582,0.26708075404167175,7391.0,688.0
