,accuracy,auc,false_negatives,false_positives,loss,pr,precision,recall,true_negatives,true_positives,val_accuracy,val_auc,val_false_negatives,val_false_positives,val_loss,val_pr,val_precision,val_recall,val_true_negatives,val_true_positives
0,0.9108333587646484,0.975854754447937,335.0,93.0,0.7371589095393817,0.9740702509880066,0.9569045305252075,0.8604166507720947,2307.0,2065.0,0.6073718070983887,0.9502308964729309,8.0,727.0,6.313638306071615,0.838609516620636,0.19845645129680634,0.957446813583374,957.0,180.0
1,0.9402083158493042,0.9893577694892883,234.0,53.0,0.48779229720433553,0.9897473454475403,0.976115345954895,0.9024999737739563,2347.0,2166.0,0.629273533821106,0.9536943435668945,4.0,690.0,6.116326670361381,0.8381475806236267,0.21052631735801697,0.978723406791687,994.0,184.0
2,0.9589583277702332,0.995023787021637,168.0,29.0,0.35082644512255984,0.9953116178512573,0.9871737957000732,0.9300000071525574,2371.0,2232.0,0.48450854420661926,0.9468021988868713,2.0,963.0,10.048451657988068,0.8174563646316528,0.16187989711761475,0.9893617033958435,721.0,186.0
3,0.9733333587646484,0.9976547956466675,108.0,20.0,0.2568908433864514,0.9978561401367188,0.991349458694458,0.9549999833106995,2380.0,2292.0,0.5817307829856873,0.9494379758834839,4.0,779.0,8.05663667173467,0.8226718902587891,0.1910695731639862,0.978723406791687,905.0,184.0
4,0.9816666841506958,0.9990590214729309,80.0,8.0,0.18831124514341355,0.9990912675857544,0.9965635538101196,0.9666666388511658,2392.0,2320.0,0.6426281929016113,0.9454929232597351,4.0,665.0,7.448089599609375,0.8100442886352539,0.21672555804252625,0.978723406791687,1019.0,184.0
5,0.9879166483879089,0.9994495511054993,50.0,8.0,0.15291663932303587,0.9994713664054871,0.9966073036193848,0.9791666865348816,2392.0,2350.0,0.5982906222343445,0.9498202800750732,5.0,747.0,8.633897822127382,0.8196893930435181,0.1967741996049881,0.9734042286872864,937.0,183.0
6,0.9918749928474426,0.9998465776443481,35.0,4.0,0.11784028386076291,0.9998462200164795,0.9983115196228027,0.9854166507720947,2396.0,2365.0,0.5822649598121643,0.9499465823173523,4.0,778.0,10.256899047101665,0.8205837607383728,0.191268190741539,0.978723406791687,906.0,184.0
