,accuracy,auc,false_negatives,false_positives,loss,pr,precision,recall,true_negatives,true_positives,val_accuracy,val_auc,val_false_negatives,val_false_positives,val_loss,val_pr,val_precision,val_recall,val_true_negatives,val_true_positives
0,0.871666669845581,0.952228307723999,489.0,127.0,1.0094990233580272,0.9553165435791016,0.9376839995384216,0.7962499856948853,2273.0,1911.0,0.8868123888969421,0.8802528977394104,367.0,275.0,1.1249136561987598,0.6313592791557312,0.6222527623176575,0.5524390339851379,4577.0,453.0
1,0.9239583611488342,0.9839597940444946,299.0,66.0,0.5864731207489967,0.9849269986152649,0.9695431590080261,0.8754166960716248,2334.0,2101.0,0.8795838952064514,0.7967278957366943,592.0,91.0,1.3649862014356218,0.4962562322616577,0.7147335410118103,0.2780487835407257,4761.0,228.0
2,0.9510416388511658,0.9939677119255066,202.0,33.0,0.39277595082918804,0.9942365884780884,0.9852084517478943,0.9158333539962769,2367.0,2198.0,0.8757052421569824,0.8439241051673889,495.0,210.0,1.249032246629341,0.5437858700752258,0.6074766516685486,0.396341472864151,4642.0,325.0
3,0.9629166722297668,0.995852530002594,149.0,29.0,0.3187143168846766,0.9962005615234375,0.9872807264328003,0.9379166960716248,2371.0,2251.0,0.8667137026786804,0.8562252521514893,408.0,348.0,1.371499608955195,0.5709988474845886,0.5421052575111389,0.502439022064209,4504.0,412.0
4,0.9764583110809326,0.9985044598579407,101.0,12.0,0.2275333664317926,0.9985305070877075,0.9948074221611023,0.9579166769981384,2388.0,2299.0,0.880641758441925,0.8451352715492249,506.0,171.0,1.2476616316857223,0.5411542057991028,0.6474226713180542,0.3829268217086792,4681.0,314.0
5,0.9800000190734863,0.9986478090286255,82.0,14.0,0.2028276846309503,0.9986873865127563,0.9939965605735779,0.965833306312561,2386.0,2318.0,0.878349781036377,0.8579425811767578,492.0,198.0,1.3405543124179746,0.5570995807647705,0.6235741376876831,0.4000000059604645,4654.0,328.0
