,accuracy,auc,false_negatives,false_positives,loss,pr,precision,recall,true_negatives,true_positives,val_accuracy,val_auc,val_false_negatives,val_false_positives,val_loss,val_pr,val_precision,val_recall,val_true_negatives,val_true_positives
0,0.8797916769981384,0.9643962979316711,478.0,99.0,0.8575555606683095,0.9658891558647156,0.9510143399238586,0.8008333444595337,2301.0,1922.0,0.9965680837631226,0.0,0.0,13.0,0.07104004190599403,0.0,0.0,0.0,3775.0,0.0
1,0.9225000143051147,0.9836998581886292,309.0,63.0,0.5907030576467514,0.984876811504364,0.9707520604133606,0.8712499737739563,2337.0,2091.0,0.9912883043289185,0.0,0.0,33.0,0.17980500026247065,0.0,0.0,0.0,3755.0,0.0
2,0.95291668176651,0.9938002228736877,188.0,38.0,0.39348389113942783,0.994209349155426,0.9831110835075378,0.92166668176651,2362.0,2212.0,0.9912883043289185,0.0,0.0,33.0,0.21275276134681614,0.0,0.0,0.0,3755.0,0.0
3,0.9647916555404663,0.9961140751838684,146.0,23.0,0.3118830080330372,0.9964594841003418,0.9898989796638489,0.9391666650772095,2377.0,2254.0,0.9886483550071716,0.0,0.0,43.0,0.28122381853390144,0.0,0.0,0.0,3745.0,0.0
4,0.9785416722297668,0.9984311461448669,93.0,10.0,0.21926017346481483,0.9985529780387878,0.9956840872764587,0.9612500071525574,2390.0,2307.0,0.9881203770637512,0.0,0.0,45.0,0.21779019181806408,0.0,0.0,0.0,3743.0,0.0
5,0.9831249713897705,0.9989367723464966,72.0,9.0,0.1820726965367794,0.9990528225898743,0.9961488842964172,0.9700000286102295,2391.0,2328.0,0.9955121278762817,0.0,0.0,17.0,0.0772952997246649,0.0,0.0,0.0,3771.0,0.0
