,accuracy,auc,false_negatives,false_positives,loss,pr,precision,recall,true_negatives,true_positives,val_accuracy,val_auc,val_false_negatives,val_false_positives,val_loss,val_pr,val_precision,val_recall,val_true_negatives,val_true_positives
0,0.9220454692840576,0.9794063568115234,263.0,80.0,0.6842869435115294,0.9771195650100708,0.9603371620178223,0.8804545402526855,2120.0,1937.0,0.7789068818092346,0.8273470401763916,1810.0,431.0,2.2185501154709164,0.6545280814170837,0.7089804410934448,0.36713287234306335,6845.0,1050.0
1,0.962045431137085,0.9953963756561279,147.0,20.0,0.3402876556190577,0.995469331741333,0.9903521537780762,0.9331818222999573,2180.0,2053.0,0.7757498025894165,0.8360487818717957,1355.0,918.0,2.403741364038734,0.6644850969314575,0.6211308240890503,0.5262237787246704,6358.0,1505.0
2,0.9736363887786865,0.9983274340629578,94.0,22.0,0.22470783816142514,0.9983762502670288,0.9896616339683533,0.9572727084159851,2178.0,2106.0,0.782951831817627,0.8447492122650146,1331.0,869.0,2.3213126016773384,0.6862307190895081,0.6376146674156189,0.5346153974533081,6407.0,1529.0
3,0.9815909266471863,0.9989258050918579,66.0,15.0,0.186385626508431,0.9989234209060669,0.9930199980735779,0.9700000286102295,2185.0,2134.0,0.7752565145492554,0.8088856339454651,1581.0,697.0,2.8781810885070342,0.6300720572471619,0.64726722240448,0.44720280170440674,6579.0,1279.0
4,0.9888636469841003,0.9998185038566589,44.0,5.0,0.11387309230864048,0.9998160004615784,0.9976862668991089,0.9800000190734863,2195.0,2156.0,0.7805840373039246,0.8572816848754883,1394.0,830.0,2.4246993795942866,0.6862408518791199,0.638501763343811,0.5125874280929565,6446.0,1466.0
5,0.9929545521736145,0.9997596740722656,26.0,5.0,0.09867468965324488,0.9997884035110474,0.997705340385437,0.9881818294525146,2195.0,2174.0,0.7739739418029785,0.8352915048599243,1537.0,754.0,2.550364158430152,0.6643900871276855,0.636976420879364,0.4625874161720276,6522.0,1323.0
