,accuracy,auc,false_negatives,false_positives,loss,pr,precision,recall,true_negatives,true_positives,val_accuracy,val_auc,val_false_negatives,val_false_positives,val_loss,val_pr,val_precision,val_recall,val_true_negatives,val_true_positives
0,0.9125000238418579,0.9770859479904175,333.0,87.0,0.6970188341538112,0.9779597520828247,0.9596100449562073,0.8612499833106995,2313.0,2067.0,0.76613849401474,0.6359908580780029,114.0,683.0,7.328120074921371,0.10004958510398865,0.12097812443971634,0.45192307233810425,2517.0,94.0
1,0.9370833039283752,0.9904918670654297,246.0,56.0,0.47128886277476945,0.9907540082931519,0.9746606349945068,0.8974999785423279,2344.0,2154.0,0.8163145780563354,0.6193990707397461,127.0,499.0,6.742998887115801,0.09734079241752625,0.13965517282485962,0.38942307233810425,2701.0,81.0
2,0.9549999833106995,0.9953203797340393,185.0,31.0,0.35059974814454714,0.9954829812049866,0.9861977100372314,0.9229166507720947,2369.0,2215.0,0.7517605423927307,0.6204718351364136,108.0,738.0,7.951069699206823,0.09640074521303177,0.1193317398428917,0.48076921701431274,2462.0,100.0
3,0.9697916507720947,0.9973924160003662,130.0,15.0,0.2720980110764504,0.9974488019943237,0.9934354424476624,0.9458333253860474,2385.0,2270.0,0.7561619877815247,0.6295380592346191,109.0,722.0,8.657304001526095,0.09870398789644241,0.1205846518278122,0.4759615361690521,2478.0,99.0
4,0.98416668176651,0.999152421951294,69.0,7.0,0.18841043792665005,0.9991898536682129,0.9970059990882874,0.9712499976158142,2393.0,2331.0,0.8004694581031799,0.6078726053237915,122.0,558.0,7.850137305371638,0.09425715357065201,0.13354037702083588,0.4134615361690521,2642.0,86.0
5,0.9860416650772095,0.9992427825927734,60.0,7.0,0.16767878492673238,0.9992760419845581,0.9970174431800842,0.9750000238418579,2393.0,2340.0,0.7816901206970215,0.6262583136558533,123.0,621.0,8.973075286883144,0.09575799852609634,0.12039659917354584,0.4086538553237915,2579.0,85.0
6,0.9893749952316284,0.9997413754463196,44.0,7.0,0.12452516801655293,0.9997451901435852,0.9970376491546631,0.9816666841506958,2393.0,2356.0,0.7699530720710754,0.636566162109375,109.0,675.0,9.655806933210489,0.097959004342556,0.12790697813034058,0.4759615361690521,2525.0,99.0
