,accuracy,auc,false_negatives,false_positives,loss,pr,precision,recall,true_negatives,true_positives,val_accuracy,val_auc,val_false_negatives,val_false_positives,val_loss,val_pr,val_precision,val_recall,val_true_negatives,val_true_positives
0,0.8879166841506958,0.9669510126113892,435.0,103.0,0.8446557654937108,0.9674208164215088,0.9501934051513672,0.8187500238418579,2297.0,1965.0,0.756842851638794,0.2817280888557434,1092.0,969.0,4.524312382207945,0.08347324281930923,0.004110997077077627,0.0036496350076049566,6411.0,4.0
1,0.9464583396911621,0.9903367757797241,214.0,43.0,0.45666962961355845,0.9908510446548462,0.9807088375091553,0.9108333587646484,2357.0,2186.0,0.6511325836181641,0.2534581422805786,1088.0,1869.0,6.1787617410225035,0.08094627410173416,0.004262120462954044,0.007299270015209913,5511.0,8.0
2,0.9645833373069763,0.9966796040534973,146.0,24.0,0.2883196193228165,0.9967522621154785,0.9894644618034363,0.9391666650772095,2376.0,2254.0,0.7315950989723206,0.2784896492958069,1092.0,1183.0,5.222456008097427,0.08344952017068863,0.0033698398619890213,0.0036496350076049566,6197.0,4.0
3,0.9793750047683716,0.9990633726119995,90.0,9.0,0.18618374352653821,0.9991149306297302,0.9961190223693848,0.9624999761581421,2391.0,2310.0,0.7599103450775146,0.29101496934890747,1085.0,950.0,4.7087195483284665,0.08433964848518372,0.011446409858763218,0.010036496445536613,6430.0,11.0
4,0.9831249713897705,0.9990090131759644,66.0,15.0,0.17407469940682252,0.9989600777626038,0.9936143159866333,0.9725000262260437,2385.0,2334.0,0.7389098405838013,0.2473546415567398,1088.0,1125.0,5.543275860583462,0.08018844574689865,0.007060900330543518,0.007299270015209913,6255.0,8.0
5,0.9887499809265137,0.999469518661499,49.0,5.0,0.13123154098788897,0.9995152950286865,0.9978777766227722,0.9795833230018616,2395.0,2351.0,0.7789051532745361,0.2736107409000397,1091.0,783.0,5.520693313180979,0.08273140341043472,0.006345177534967661,0.004562043584883213,6597.0,5.0
