,accuracy,auc,false_negatives,false_positives,loss,pr,precision,recall,true_negatives,true_positives,val_accuracy,val_auc,val_false_negatives,val_false_positives,val_loss,val_pr,val_precision,val_recall,val_true_negatives,val_true_positives
0,0.8443182110786438,0.9183181524276733,312.0,373.0,0.3636634612625295,0.9157252907752991,0.8350287675857544,0.8581818342208862,1827.0,1888.0,0.7832626104354858,0.7869074940681458,815.0,1433.0,0.4724559640498222,0.4812905788421631,0.35854968428611755,0.49566832184791565,7323.0,801.0
1,0.9113636612892151,0.9713663458824158,156.0,234.0,0.2346368489482186,0.9704427719116211,0.8972783088684082,0.9290909171104431,1966.0,2044.0,0.7711145281791687,0.7764074802398682,854.0,1520.0,0.47970889817321344,0.48451393842697144,0.33391761779785156,0.4715346395969391,7236.0,762.0
2,0.9343181848526001,0.9841819405555725,131.0,158.0,0.18757151479070835,0.9835354089736938,0.9290525317192078,0.9404545426368713,2042.0,2069.0,0.7625337243080139,0.7262095808982849,904.0,1559.0,0.519652966500432,0.45859017968177795,0.3135182857513428,0.44059404730796814,7197.0,712.0
3,0.9504545331001282,0.9893307685852051,84.0,134.0,0.16289691727269778,0.9885367751121521,0.9404444694519043,0.9618181586265564,2066.0,2116.0,0.7784419655799866,0.7592840194702148,922.0,1376.0,0.5007492077543705,0.46931999921798706,0.3352656960487366,0.4294554591178894,7380.0,694.0
4,0.9643181562423706,0.9946742653846741,62.0,95.0,0.12983682878992775,0.9944694638252258,0.9574563503265381,0.971818208694458,2105.0,2138.0,0.7659082412719727,0.6973114013671875,998.0,1430.0,0.5907099321915568,0.421427845954895,0.3017578125,0.3824257552623749,7326.0,618.0
5,0.9711363911628723,0.9967966079711914,46.0,81.0,0.11229966754263097,0.9968137741088867,0.9637584090232849,0.9790909290313721,2119.0,2154.0,0.7458541989326477,0.7119086384773254,908.0,1728.0,0.6221216539193248,0.4283207654953003,0.29064038395881653,0.4381188154220581,7028.0,708.0
