,accuracy,auc,false_negatives,false_positives,loss,pr,precision,recall,true_negatives,true_positives,val_accuracy,val_auc,val_false_negatives,val_false_positives,val_loss,val_pr,val_precision,val_recall,val_true_negatives,val_true_positives
0,0.909583330154419,0.967887818813324,211.0,223.0,0.22919094155232111,0.9647800326347351,0.9075456261634827,0.9120833277702332,2177.0,2189.0,0.766045331954956,0.31361639499664307,1090.0,893.0,1.0975375172944495,0.08682409673929214,0.006674082484096289,0.005474452394992113,6487.0,6.0
1,0.9504166841506958,0.9894595146179199,112.0,126.0,0.14184585322936377,0.9892226457595825,0.9478044509887695,0.95333331823349,2274.0,2288.0,0.7430391907691956,0.2887367308139801,1083.0,1095.0,1.1510806463697487,0.08415932208299637,0.011732852086424828,0.011861314065754414,6285.0,13.0
2,0.9668750166893005,0.9944056868553162,85.0,74.0,0.11117842818299929,0.9944109916687012,0.9690247178077698,0.9645833373069763,2326.0,2315.0,0.6985606551170349,0.2820555567741394,1053.0,1502.0,1.1544576708355734,0.08342748880386353,0.02783171460032463,0.039233576506376266,5878.0,43.0
3,0.9747916460037231,0.9968820810317993,58.0,63.0,0.09304237020512422,0.9969687461853027,0.9738045930862427,0.9758333563804626,2337.0,2342.0,0.7226285934448242,0.28731396794319153,1073.0,1278.0,1.1867393615843271,0.08402217924594879,0.01767870783805847,0.020985402166843414,6102.0,23.0
4,0.9822916388511658,0.9982874393463135,43.0,42.0,0.07795711303750674,0.9982867240905762,0.9824926853179932,0.9820833206176758,2358.0,2357.0,0.7285276055335999,0.3019742965698242,1081.0,1220.0,1.1340299704942347,0.08552946150302887,0.012145749293267727,0.013686131685972214,6160.0,15.0
5,0.9891666769981384,0.9992771148681641,26.0,26.0,0.06484543820222219,0.9992859363555908,0.9891666769981384,0.9891666769981384,2374.0,2374.0,0.6899480819702148,0.31397777795791626,1071.0,1557.0,1.151947145981854,0.08691130578517914,0.015802782028913498,0.02281021885573864,5823.0,25.0
