,accuracy,auc,false_negatives,false_positives,loss,precision,recall,true_negatives,true_positives,val_accuracy,val_auc,val_false_negatives,val_false_positives,val_loss,val_precision,val_recall,val_true_negatives,val_true_positives
0,0.8789583444595337,0.9508552551269531,324.0,257.0,0.2864955255389214,0.8898413777351379,0.8650000095367432,2143.0,2076.0,0.7592024803161621,0.3794683814048767,1083.0,958.0,0.8228305954593372,0.013388259336352348,0.011861314065754414,6422.0,13.0
1,0.9325000047683716,0.9819610714912415,167.0,157.0,0.19519452184438704,0.9343096017837524,0.9304166436195374,2243.0,2233.0,0.7081170082092285,0.37370240688323975,1054.0,1420.0,0.8258099628259912,0.02872776985168457,0.03832116723060608,5960.0,42.0
2,0.9547916650772095,0.9912359714508057,113.0,104.0,0.1539733949303627,0.9565035700798035,0.95291668176651,2296.0,2287.0,0.7252241373062134,0.37489449977874756,1076.0,1253.0,0.818975591952084,0.015710918232798576,0.018248174339532852,6127.0,20.0
3,0.9639583230018616,0.9942955374717712,86.0,87.0,0.1337664918601513,0.9637650847434998,0.9641666412353516,2313.0,2314.0,0.7175554633140564,0.3720170259475708,1063.0,1331.0,0.8509642448893354,0.024193547666072845,0.03010948933660984,6049.0,33.0
4,0.9735416769981384,0.9959213137626648,61.0,66.0,0.12000537532071273,0.9725571870803833,0.9745833277702332,2334.0,2339.0,0.7147239446640015,0.38876593112945557,1045.0,1373.0,0.8226012468000469,0.03581460565328598,0.04653284698724747,6007.0,51.0
5,0.9777083396911621,0.9978588819503784,46.0,61.0,0.10466020283599695,0.9747412204742432,0.9808333516120911,2339.0,2354.0,0.707409143447876,0.3796848952770233,1059.0,1421.0,0.8584377818256125,0.02537722885608673,0.03375912457704544,5959.0,37.0
6,0.9825000166893005,0.9984645843505859,40.0,44.0,0.09460040251413981,0.981697142124176,0.9833333492279053,2356.0,2360.0,0.7090609073638916,0.3654433488845825,1060.0,1406.0,0.8809108279009031,0.024965325370430946,0.03284671530127525,5974.0,36.0
7,0.9864583611488342,0.9987161755561829,24.0,41.0,0.08758279452721278,0.9830368161201477,0.9900000095367432,2359.0,2376.0,0.731123149394989,0.37827709317207336,1081.0,1198.0,0.8453621950392568,0.012366035021841526,0.013686131685972214,6182.0,15.0
