,accuracy,auc,false_negatives,false_positives,loss,precision,recall,true_negatives,true_positives,val_accuracy,val_auc,val_false_negatives,val_false_positives,val_loss,val_precision,val_recall,val_true_negatives,val_true_positives
0,0.8941666483879089,0.9553182721138,272.0,236.0,0.2717697090903918,0.9001691937446594,0.8866666555404663,2164.0,2128.0,0.8795838952064514,0.884626030921936,370.0,313.0,0.2832301761981294,0.5897771716117859,0.5487805008888245,4539.0,450.0
1,0.9212499856948853,0.9768046140670776,198.0,180.0,0.21050856898228326,0.9244332313537598,0.9175000190734863,2220.0,2202.0,0.8809943795204163,0.8839613795280457,322.0,353.0,0.290151461244302,0.5851938724517822,0.6073170900344849,4499.0,498.0
2,0.9443749785423279,0.9866110682487488,137.0,130.0,0.17432566235462824,0.9456748962402344,0.9429166913032532,2270.0,2263.0,0.8709449768066406,0.8681473731994629,355.0,377.0,0.30646727422228653,0.5522565245628357,0.5670731663703918,4475.0,465.0
3,0.9522916674613953,0.9906664490699768,115.0,114.0,0.15661977504690489,0.9524801969528198,0.9520833492279053,2286.0,2285.0,0.8816995620727539,0.8795061707496643,370.0,301.0,0.28791944583817497,0.5992010831832886,0.5487805008888245,4551.0,450.0
4,0.9649999737739563,0.9940565824508667,89.0,79.0,0.13830620576937994,0.9669455885887146,0.9629166722297668,2321.0,2311.0,0.8735895752906799,0.8710417747497559,369.0,348.0,0.29812251455945254,0.5644555687904358,0.550000011920929,4504.0,451.0
5,0.9677083492279053,0.9960095286369324,73.0,82.0,0.12389828873177369,0.9659609794616699,0.9695833325386047,2318.0,2327.0,0.8672425746917725,0.8641284108161926,362.0,391.0,0.312423411940654,0.5394582152366638,0.5585365891456604,4461.0,458.0
