,accuracy,auc,false_negatives,false_positives,loss,precision,recall,true_negatives,true_positives,val_accuracy,val_auc,val_false_negatives,val_false_positives,val_loss,val_precision,val_recall,val_true_negatives,val_true_positives
0,0.8500000238418579,0.927262008190155,343.0,317.0,0.3701669560779225,0.8541858196258545,0.8440909385681152,1883.0,1857.0,0.7190513014793396,0.5519878268241882,1149.0,1765.0,0.5857396169468283,0.20922939479351044,0.28898516297340393,6991.0,467.0
1,0.9052272439002991,0.9705714583396912,174.0,243.0,0.2834780164198442,0.8929043412208557,0.9209091067314148,1957.0,2026.0,0.6651561856269836,0.5853252410888672,1080.0,2393.0,0.6342060526181408,0.18299761414527893,0.3316831588745117,6363.0,536.0
2,0.9311363697052002,0.9815351366996765,131.0,172.0,0.2409167182445526,0.9232485294342041,0.9404545426368713,2028.0,2069.0,0.6879097819328308,0.5920989513397217,1119.0,2118.0,0.6111603586819933,0.19005736708641052,0.30754950642585754,6638.0,497.0
3,0.946363627910614,0.9890961050987244,93.0,143.0,0.21098662186752667,0.9364444613456726,0.9577272534370422,2057.0,2107.0,0.6832818984985352,0.5472776889801025,1164.0,2121.0,0.6367192257108074,0.17567043006420135,0.27970296144485474,6635.0,452.0
4,0.9518181681632996,0.9915406107902527,87.0,125.0,0.19093959179791536,0.9441465735435486,0.960454523563385,2075.0,2113.0,0.6717122793197632,0.5876705646514893,1074.0,2331.0,0.6739630611348327,0.18865297734737396,0.33539605140686035,6425.0,542.0
5,0.9597727060317993,0.9946462512016296,66.0,111.0,0.1710458947040818,0.9505568146705627,0.9700000286102295,2089.0,2134.0,0.6836675405502319,0.5844454765319824,1134.0,2147.0,0.6718184004131542,0.1833396703004837,0.29826733469963074,6609.0,482.0
