,accuracy,auc,false_negatives,false_positives,loss,precision,recall,true_negatives,true_positives,val_accuracy,val_auc,val_false_negatives,val_false_positives,val_loss,val_precision,val_recall,val_true_negatives,val_true_positives
0,0.8916666507720947,0.9569432735443115,282.0,238.0,0.26765764887134236,0.8989813327789307,0.8824999928474426,2162.0,2118.0,0.8898096084594727,0.8743958473205566,327.0,298.0,0.2851080534656562,0.6232616901397705,0.6012195348739624,4554.0,493.0
1,0.925208330154419,0.979312539100647,182.0,177.0,0.2037895624836286,0.9260960221290588,0.9241666793823242,2223.0,2218.0,0.8928067684173584,0.8849723935127258,318.0,290.0,0.276571091879238,0.6338383555412292,0.6121951341629028,4562.0,502.0
2,0.9379166960716248,0.9862295389175415,152.0,146.0,0.17805521364013355,0.939014196395874,0.9366666674613953,2254.0,2248.0,0.8809943795204163,0.8662756681442261,344.0,331.0,0.2964583255760424,0.5898389220237732,0.5804877877235413,4521.0,476.0
3,0.9522916674613953,0.9907591342926025,111.0,118.0,0.15734930361310642,0.9509763121604919,0.9537500143051147,2282.0,2289.0,0.8762341141700745,0.8568772077560425,362.0,340.0,0.3062967533621364,0.5739348530769348,0.5585365891456604,4512.0,458.0
4,0.9595833420753479,0.9935455918312073,99.0,95.0,0.14207197643816472,0.9603505730628967,0.9587500095367432,2305.0,2301.0,0.8764104247093201,0.8703976273536682,341.0,360.0,0.2955980191614127,0.5709177851676941,0.5841463208198547,4492.0,479.0
5,0.9637500047683716,0.995306134223938,79.0,95.0,0.1291376099983851,0.9606788158416748,0.9670833349227905,2305.0,2321.0,0.8674188852310181,0.8639370799064636,308.0,444.0,0.3160812180116247,0.5355648398399353,0.6243902444839478,4408.0,512.0
6,0.9722916483879089,0.9966734051704407,70.0,63.0,0.11925976283848286,0.9736732244491577,0.9708333611488342,2337.0,2330.0,0.8852256536483765,0.8793911337852478,335.0,316.0,0.28383252245330676,0.6054931282997131,0.5914633870124817,4536.0,485.0
