,accuracy,auc,false_negatives,false_positives,loss,precision,recall,true_negatives,true_positives,val_accuracy,val_auc,val_false_negatives,val_false_positives,val_loss,val_precision,val_recall,val_true_negatives,val_true_positives
0,0.9287499785423279,0.9783380031585693,151.0,191.0,0.20842782845099767,0.921721339225769,0.9370833039283752,2209.0,2249.0,0.860035240650177,0.6971943378448486,139.0,338.0,0.6628542501881649,0.1695331633090973,0.33173078298568726,2862.0,69.0
1,0.940416693687439,0.9858904480934143,129.0,157.0,0.17772307271758717,0.9353377223014832,0.9462500214576721,2243.0,2271.0,0.8532863855361938,0.6994057893753052,133.0,367.0,0.695406263423078,0.16968326270580292,0.36057692766189575,2833.0,75.0
2,0.9527083039283752,0.9902849793434143,97.0,130.0,0.1557549849152565,0.9465680122375488,0.9595833420753479,2270.0,2303.0,0.8497652411460876,0.6585848331451416,139.0,373.0,0.7139153203494112,0.15610860288143158,0.33173078298568726,2827.0,69.0
3,0.9583333134651184,0.9933555126190186,85.0,115.0,0.1416982604563236,0.952674925327301,0.9645833373069763,2285.0,2315.0,0.8339201807975769,0.6764302849769592,122.0,444.0,0.7592218856856296,0.1622641533613205,0.4134615361690521,2756.0,86.0
4,0.9618750214576721,0.9941027164459229,85.0,98.0,0.13413084976375103,0.9593866467475891,0.9645833373069763,2302.0,2315.0,0.845950722694397,0.6853966116905212,130.0,395.0,0.7289891380099623,0.1649048626422882,0.375,2805.0,78.0
5,0.972083330154419,0.9970986843109131,56.0,78.0,0.11422097814579804,0.967795193195343,0.9766666889190674,2322.0,2344.0,0.8562206625938416,0.6646040081977844,143.0,347.0,0.703313839687428,0.15776698291301727,0.3125,2853.0,65.0
