,accuracy,auc,false_negatives,false_positives,loss,precision,recall,true_negatives,true_positives,val_accuracy,val_auc,val_false_negatives,val_false_positives,val_loss,val_precision,val_recall,val_true_negatives,val_true_positives
0,0.8343181610107422,0.918338418006897,358.0,371.0,0.3933411348949779,0.8323542475700378,0.8372727036476135,1829.0,1842.0,0.7689934372901917,0.6626036167144775,1196.0,1200.0,0.4738586031638928,0.25925925374031067,0.2599009871482849,7556.0,420.0
1,0.9009090662002563,0.9679513573646545,190.0,246.0,0.301837537613782,0.8909574747085571,0.9136363863945007,1954.0,2010.0,0.7015040516853333,0.6215832233428955,1116.0,1980.0,0.5887296521613095,0.2016129046678543,0.30940595269203186,6776.0,500.0
2,0.9220454692840576,0.9782746434211731,138.0,205.0,0.2633815019780939,0.9095721244812012,0.9372727274894714,1995.0,2062.0,0.6569610238075256,0.6103245615959167,1003.0,2555.0,0.6674947360745278,0.19349747896194458,0.37933167815208435,6201.0,613.0
3,0.9413636326789856,0.9863936305046082,103.0,155.0,0.22818220046433535,0.9311723113059998,0.953181803226471,2045.0,2097.0,0.6840532422065735,0.6380655169487,1040.0,2237.0,0.6086298373965651,0.20476359128952026,0.3564356565475464,6519.0,576.0
4,0.9565908908843994,0.9914674162864685,71.0,120.0,0.20028339277614246,0.9466429352760315,0.9677272439002991,2080.0,2129.0,0.6783648133277893,0.5933617949485779,1104.0,2232.0,0.6337659151206778,0.18658892810344696,0.31683167815208435,6524.0,512.0
5,0.960454523563385,0.9932476282119751,65.0,109.0,0.1813960550589995,0.9514260292053223,0.9704545736312866,2091.0,2135.0,0.729560375213623,0.6430404782295227,1136.0,1669.0,0.5668799862455227,0.22335970401763916,0.2970297038555145,7087.0,480.0
