,accuracy,auc,false_negatives,false_positives,loss,pr,precision,recall,true_negatives,true_positives,val_accuracy,val_auc,val_false_negatives,val_false_positives,val_loss,val_pr,val_precision,val_recall,val_true_negatives,val_true_positives
0,0.9129166603088379,0.9699490666389465,201.0,217.0,0.22469807197650274,0.9718011617660522,0.9101821184158325,0.9162499904632568,2183.0,2199.0,0.9889123439788818,0.0,0.0,42.0,0.03989226540399139,0.0,0.0,0.0,3746.0,0.0
1,0.9443749785423279,0.9869089126586914,119.0,148.0,0.15757778383791446,0.9873174428939819,0.9390695691108704,0.9504166841506958,2252.0,2281.0,0.987856388092041,0.0,0.0,46.0,0.04950239107705094,0.0,0.0,0.0,3742.0,0.0
2,0.9558333158493042,0.991714596748352,98.0,114.0,0.13268340349197388,0.9917877912521362,0.9528145790100098,0.9591666460037231,2286.0,2302.0,0.9812566041946411,0.0,0.0,71.0,0.0706847312741194,0.0,0.0,0.0,3717.0,0.0
3,0.9643750190734863,0.9947915077209473,80.0,91.0,0.11518634997308254,0.9950920343399048,0.9622563123703003,0.9666666388511658,2309.0,2320.0,0.983632504940033,0.0,0.0,62.0,0.05033185087152242,0.0,0.0,0.0,3726.0,0.0
4,0.9710416793823242,0.9959821105003357,65.0,74.0,0.10390059034029643,0.9960572719573975,0.9692818522453308,0.9729166626930237,2326.0,2335.0,0.9857444763183594,0.0,0.0,54.0,0.04941934576246262,0.0,0.0,0.0,3734.0,0.0
5,0.9787499904632568,0.9978980422019958,44.0,58.0,0.08750887329379718,0.9978854656219482,0.9759734869003296,0.9816666841506958,2342.0,2356.0,0.9831045269966125,0.0,0.0,64.0,0.05753092818874807,0.0,0.0,0.0,3724.0,0.0
