,accuracy,auc,false_negatives,false_positives,loss,pr,precision,recall,true_negatives,true_positives,val_accuracy,val_auc,val_false_negatives,val_false_positives,val_loss,val_pr,val_precision,val_recall,val_true_negatives,val_true_positives
0,0.9397916793823242,0.9804072380065918,144.0,145.0,0.177343023866415,0.9778869152069092,0.9396085143089294,0.9399999976158142,2255.0,2256.0,0.7467948794364929,0.9524465799331665,11.0,463.0,0.5940555028426342,0.8147885799407959,0.27656251192092896,0.9414893388748169,1221.0,177.0
1,0.9487500190734863,0.9870075583457947,109.0,137.0,0.1514687896023194,0.9851763844490051,0.9435749650001526,0.9545833468437195,2263.0,2291.0,0.6837607026100159,0.9574688673019409,4.0,588.0,0.7044049618590591,0.8211780786514282,0.23834197223186493,0.978723406791687,1096.0,184.0
2,0.9647916555404663,0.9933580160140991,74.0,95.0,0.11813569460064173,0.9913018345832825,0.9607599973678589,0.9691666960716248,2305.0,2326.0,0.6127136945724487,0.9581432342529297,3.0,722.0,0.890613756628118,0.7751047611236572,0.20396913588047028,0.9840425252914429,962.0,185.0
3,0.971666693687439,0.9956111311912537,60.0,76.0,0.10400444430609544,0.9942250847816467,0.9685430526733398,0.9750000238418579,2324.0,2340.0,0.6346153616905212,0.9644937515258789,3.0,681.0,0.7944796706876184,0.835625410079956,0.21362586319446564,0.9840425252914429,1003.0,185.0
4,0.9729166626930237,0.9958444833755493,55.0,75.0,0.0984112044920524,0.9937231540679932,0.9690082669258118,0.9770833253860474,2325.0,2345.0,0.6773504018783569,0.9597699046134949,6.0,598.0,0.72257331191984,0.816248893737793,0.23333333432674408,0.9680851101875305,1086.0,182.0
5,0.9766666889190674,0.9968767166137695,58.0,54.0,0.0908941217015187,0.9954632520675659,0.9774624109268188,0.9758333563804626,2346.0,2342.0,0.7174145579338074,0.9610476493835449,7.0,522.0,0.6091426014900208,0.842467188835144,0.25746798515319824,0.9627659320831299,1162.0,181.0
