,accuracy,auc,false_negatives,false_positives,loss,pr,precision,recall,true_negatives,true_positives,val_accuracy,val_auc,val_false_negatives,val_false_positives,val_loss,val_pr,val_precision,val_recall,val_true_negatives,val_true_positives
0,0.8647727370262146,0.9326032996177673,270.0,325.0,0.33343335184183986,0.9312151670455933,0.8558758497238159,0.8772727251052856,1875.0,1930.0,0.7757424116134644,0.7240861654281616,972.0,1354.0,0.5061161824697079,0.4341614246368408,0.3223223090171814,0.39851483702659607,7402.0,644.0
1,0.9279545545578003,0.97853022813797,140.0,177.0,0.20985523906621065,0.9778288006782532,0.920876145362854,0.9363636374473572,2023.0,2060.0,0.7230042219161987,0.6554105877876282,975.0,1898.0,0.6425654410258528,0.377185583114624,0.25246161222457886,0.39665842056274414,6858.0,641.0
2,0.9452272653579712,0.9885258674621582,96.0,145.0,0.1685614736513658,0.9883224964141846,0.9355269074440002,0.9563636183738708,2055.0,2104.0,0.7676436305046082,0.6943609714508057,1032.0,1378.0,0.5740328305162061,0.38969674706459045,0.29765546321868896,0.36138615012168884,7378.0,584.0
3,0.956818163394928,0.9915872812271118,78.0,112.0,0.14798275137489492,0.9915337562561035,0.9498656988143921,0.9645454287528992,2088.0,2122.0,0.7303316593170166,0.6703858971595764,966.0,1831.0,0.6409658632635197,0.38454654812812805,0.26199114322662354,0.4022277295589447,6925.0,650.0
4,0.9690909385681152,0.9956659078598022,54.0,82.0,0.1195289734005928,0.9954094290733337,0.9631956815719604,0.975454568862915,2118.0,2146.0,0.7634978890419006,0.7485151290893555,952.0,1501.0,0.5740518030562182,0.40557408332824707,0.30669745802879333,0.4108910858631134,7255.0,664.0
5,0.9697727560997009,0.9965934753417969,56.0,77.0,0.1112200984900648,0.9965897798538208,0.965330958366394,0.9745454788208008,2123.0,2144.0,0.7448900938034058,0.6691310405731201,994.0,1652.0,0.679236869823735,0.35738858580589294,0.2735268175601959,0.3849009871482849,7104.0,622.0
