,accuracy,auc,false_negatives,false_positives,loss,pr,precision,recall,true_negatives,true_positives,val_accuracy,val_auc,val_false_negatives,val_false_positives,val_loss,val_pr,val_precision,val_recall,val_true_negatives,val_true_positives
0,0.9243749976158142,0.9788931012153625,165.0,198.0,0.20523498649398486,0.9791073203086853,0.9186189770698547,0.9312499761581421,2202.0,2235.0,0.81044602394104,0.6472671031951904,122.0,524.0,0.7837805770372561,0.10771819949150085,0.14098361134529114,0.4134615361690521,2676.0,86.0
1,0.9433333277702332,0.9869441390037537,116.0,156.0,0.17547475010156632,0.9870515465736389,0.9360655546188354,0.9516666531562805,2244.0,2284.0,0.7772887349128723,0.6280596256256104,118.0,641.0,0.8369643647625973,0.10421356558799744,0.12311901152133942,0.4326923191547394,2559.0,90.0
2,0.956041693687439,0.9911033511161804,94.0,117.0,0.15452531340221565,0.9910054206848145,0.9517127275466919,0.9608333110809326,2283.0,2306.0,0.8213028311729431,0.6386485695838928,127.0,482.0,0.7470981147087795,0.1049809455871582,0.14387211203575134,0.38942307233810425,2718.0,81.0
3,0.9631249904632568,0.9933909177780151,85.0,92.0,0.14124105848371982,0.9935450553894043,0.9617781639099121,0.9645833373069763,2308.0,2315.0,0.7866784334182739,0.6473775506019592,121.0,606.0,0.8357080527594392,0.10603196918964386,0.12554112076759338,0.41826921701431274,2594.0,87.0
4,0.9637500047683716,0.9944758415222168,74.0,100.0,0.1327507911622524,0.9946819543838501,0.9587798714637756,0.9691666960716248,2300.0,2326.0,0.811326265335083,0.6265902519226074,126.0,517.0,0.7949823884057327,0.10305056720972061,0.1368948221206665,0.39423078298568726,2683.0,82.0
5,0.971875011920929,0.9965105652809143,70.0,65.0,0.11608988424142201,0.996643602848053,0.9728600978851318,0.9708333611488342,2335.0,2330.0,0.7837441563606262,0.6234456896781921,121.0,616.0,0.865785559997872,0.10342138260602951,0.12375533580780029,0.41826921701431274,2584.0,87.0
6,0.9785416722297668,0.9974402785301208,46.0,57.0,0.10653934838871161,0.9974244832992554,0.9763583540916443,0.9808333516120911,2343.0,2354.0,0.7901995182037354,0.6449692249298096,119.0,596.0,0.8436130023618259,0.10602350533008575,0.12992700934410095,0.42788460850715637,2604.0,89.0
7,0.9779166579246521,0.9982464909553528,55.0,51.0,0.10103061211605867,0.9983154535293579,0.9787145256996155,0.9770833253860474,2349.0,2345.0,0.7910798192024231,0.6454228758811951,119.0,593.0,0.8538567626700155,0.10596831887960434,0.13049852848052979,0.42788460850715637,2607.0,89.0
