,accuracy,auc,false_negatives,false_positives,loss,pr,precision,recall,true_negatives,true_positives,val_accuracy,val_auc,val_false_negatives,val_false_positives,val_loss,val_pr,val_precision,val_recall,val_true_negatives,val_true_positives
0,0.8847916722297668,0.9550750255584717,293.0,260.0,0.276037034591039,0.9553521871566772,0.8901563286781311,0.877916693687439,2140.0,2107.0,0.7323029637336731,0.2525409758090973,1086.0,1183.0,0.9881761953368283,0.08053188771009445,0.008382230065762997,0.009124087169766426,6197.0,10.0
1,0.940416693687439,0.9867042303085327,143.0,143.0,0.17921524008115133,0.9869647026062012,0.940416693687439,0.940416693687439,2257.0,2257.0,0.7297074198722839,0.3011229932308197,1088.0,1203.0,0.9124913567245541,0.08559475094079971,0.006606110837310553,0.007299270015209913,6177.0,8.0
2,0.9556249976158142,0.9916865229606628,96.0,117.0,0.15453941682974498,0.9918329119682312,0.9516728520393372,0.9599999785423279,2283.0,2304.0,0.7172015309333801,0.2901313602924347,1080.0,1317.0,0.9347251779687692,0.08430816233158112,0.01200300082564354,0.014598540030419827,6063.0,16.0
3,0.9620833396911621,0.994229793548584,89.0,93.0,0.13823833045860132,0.9943804144859314,0.9613144993782043,0.9629166722297668,2307.0,2311.0,0.7085889577865601,0.2784157395362854,1075.0,1395.0,0.9557642837974922,0.08302900940179825,0.014830508269369602,0.01916058361530304,5985.0,21.0
4,0.9750000238418579,0.9974476099014282,58.0,62.0,0.11228947597245376,0.9974352717399597,0.9742096662521362,0.9758333563804626,2338.0,2342.0,0.718853235244751,0.3076033890247345,1079.0,1304.0,0.9214164032976602,0.08618273586034775,0.012869038619101048,0.015510949306190014,6076.0,17.0
5,0.981458306312561,0.9979916214942932,42.0,47.0,0.10209003128111363,0.9980429410934448,0.9804573655128479,0.9825000166893005,2353.0,2358.0,0.7328928709030151,0.3036758601665497,1087.0,1177.0,0.932370982484021,0.08577847480773926,0.007588532753288746,0.008211678825318813,6203.0,9.0
6,0.9835416674613953,0.9987955093383789,35.0,44.0,0.09246104538440704,0.998782217502594,0.9817351698875427,0.9854166507720947,2356.0,2365.0,0.7319490313529968,0.2909134030342102,1089.0,1183.0,0.9793989375943899,0.08460240811109543,0.0058823530562222,0.006386861205101013,6197.0,7.0
