,accuracy,auc,false_negatives,false_positives,loss,pr,precision,recall,true_negatives,true_positives,val_accuracy,val_auc,val_false_negatives,val_false_positives,val_loss,val_pr,val_precision,val_recall,val_true_negatives,val_true_positives
0,0.8893749713897705,0.9568458199501038,285.0,246.0,0.2765079720815023,0.9593315124511719,0.8958068490028381,0.8812500238418579,2154.0,2115.0,0.9894403219223022,0.0,0.0,40.0,0.06305300964410353,0.0,0.0,0.0,3748.0,0.0
1,0.9239583611488342,0.97833651304245,190.0,175.0,0.21504188602169355,0.9791044592857361,0.9266247153282166,0.9208333492279053,2225.0,2210.0,0.9907602667808533,0.0,0.0,35.0,0.05034713909313193,0.0,0.0,0.0,3753.0,0.0
2,0.9422916769981384,0.9869779348373413,138.0,139.0,0.1813068118194739,0.9878860116004944,0.9421074390411377,0.9424999952316284,2261.0,2262.0,0.9862724542617798,0.0,0.0,52.0,0.07811966562031944,0.0,0.0,0.0,3736.0,0.0
3,0.9518749713897705,0.9902069568634033,106.0,125.0,0.16417390326658884,0.9906455278396606,0.9483257532119751,0.9558333158493042,2275.0,2294.0,0.9815205931663513,0.0,0.0,70.0,0.08216411555077735,0.0,0.0,0.0,3718.0,0.0
4,0.9579166769981384,0.9922828674316406,100.0,102.0,0.14895145331819853,0.9926372170448303,0.9575353860855103,0.9583333134651184,2298.0,2300.0,0.9823125600814819,0.0,0.0,67.0,0.08996390279111037,0.0,0.0,0.0,3721.0,0.0
5,0.965833306312561,0.9945973753929138,79.0,85.0,0.13710953064262868,0.994920015335083,0.9646716713905334,0.9670833349227905,2315.0,2321.0,0.9833685159683228,0.0,0.0,63.0,0.08161575864673982,0.0,0.0,0.0,3725.0,0.0
6,0.9697916507720947,0.9964942932128906,68.0,77.0,0.1246402292450269,0.9966240525245667,0.9680365324020386,0.971666693687439,2323.0,2332.0,0.9841604828834534,0.0,0.0,60.0,0.06466100705195506,0.0,0.0,0.0,3728.0,0.0
