,accuracy,auc,false_negatives,false_positives,loss,precision,recall,true_negatives,true_positives,val_accuracy,val_auc,val_false_negatives,val_false_positives,val_loss,val_precision,val_recall,val_true_negatives,val_true_positives
0,0.9160416722297668,0.9703603982925415,195.0,208.0,0.240131905823946,0.9138002395629883,0.918749988079071,2192.0,2205.0,0.6260683536529541,0.9455181956291199,8.0,692.0,0.7785726001120021,0.20642201602458954,0.957446813583374,992.0,180.0
1,0.9358333349227905,0.9810039401054382,152.0,156.0,0.20124294449885685,0.9351081252098083,0.9366666674613953,2244.0,2248.0,0.5010683536529541,0.9457598328590393,6.0,928.0,1.0075152022206886,0.16396395862102509,0.9680851101875305,756.0,182.0
2,0.9483333230018616,0.9852930903434753,119.0,129.0,0.18190106143554052,0.9464730024337769,0.9504166841506958,2271.0,2281.0,0.49946582317352295,0.950294017791748,4.0,933.0,0.9865037131513286,0.16472694277763367,0.978723406791687,751.0,184.0
3,0.9554166793823242,0.9887710809707642,103.0,111.0,0.16305795418719451,0.9539036750793457,0.9570833444595337,2289.0,2297.0,0.6340811848640442,0.9446700811386108,7.0,678.0,0.7667435779530778,0.21071012318134308,0.9627659320831299,1006.0,181.0
4,0.9599999785423279,0.9905071258544922,86.0,106.0,0.1528045818458001,0.9561983346939087,0.9641666412353516,2294.0,2314.0,0.5523504018783569,0.944636881351471,4.0,834.0,0.9497695855605297,0.18074655532836914,0.978723406791687,850.0,184.0
5,0.9664583206176758,0.9935030937194824,71.0,90.0,0.1343421254058679,0.9627945423126221,0.9704166650772095,2310.0,2329.0,0.5662392973899841,0.9418588876724243,3.0,809.0,0.9054372942345774,0.18611669540405273,0.9840425252914429,875.0,185.0
6,0.9745833277702332,0.9946434497833252,58.0,64.0,0.12088154805203279,0.973399817943573,0.9758333563804626,2336.0,2342.0,0.5731837749481201,0.9423816800117493,3.0,796.0,0.8818706024406303,0.18858307600021362,0.9840425252914429,888.0,185.0
7,0.9791666865348816,0.9957220554351807,47.0,53.0,0.11258336486915747,0.9779717326164246,0.9804166555404663,2347.0,2353.0,0.5363247990608215,0.9332200884819031,3.0,865.0,1.0212885742513542,0.17619048058986664,0.9840425252914429,819.0,185.0
8,0.9825000166893005,0.9967459440231323,41.0,43.0,0.10390269669393698,0.9820982217788696,0.9829166531562805,2357.0,2359.0,0.5854700803756714,0.9292700290679932,4.0,772.0,0.8633763036157331,0.19246861338615417,0.978723406791687,912.0,184.0
