,accuracy,auc,false_negatives,false_positives,loss,precision,recall,true_negatives,true_positives,val_accuracy,val_auc,val_false_negatives,val_false_positives,val_loss,val_precision,val_recall,val_true_negatives,val_true_positives
0,0.8824999928474426,0.9466884136199951,293.0,271.0,0.29924844230214753,0.8860386610031128,0.877916693687439,2129.0,2107.0,0.8737658858299255,0.875150740146637,350.0,366.0,0.3034032396184036,0.5622009634971619,0.5731707215309143,4486.0,470.0
1,0.9125000238418579,0.9748775362968445,203.0,217.0,0.22278787553310395,0.9101077318191528,0.9154166579246521,2183.0,2197.0,0.8577221632003784,0.8853678703308105,228.0,579.0,0.33163563715890365,0.5055508017539978,0.7219512462615967,4273.0,592.0
2,0.9366666674613953,0.9841874837875366,150.0,154.0,0.18855405857165655,0.9359400868415833,0.9375,2246.0,2250.0,0.8598377704620361,0.8973724842071533,177.0,618.0,0.3352979377532123,0.5099127888679504,0.7841463685035706,4234.0,643.0
3,0.9522916674613953,0.990448534488678,108.0,121.0,0.16317101066311201,0.9498549699783325,0.9549999833106995,2279.0,2292.0,0.8601903915405273,0.8853129744529724,229.0,564.0,0.3265052060314227,0.5116882920265198,0.7207317352294922,4288.0,591.0
4,0.9637500047683716,0.994447648525238,82.0,92.0,0.14178814992308617,0.9618257284164429,0.965833306312561,2308.0,2318.0,0.8422073125839233,0.8860557079315186,184.0,711.0,0.3561506942650159,0.47216036915779114,0.7756097316741943,4141.0,636.0
5,0.9683333039283752,0.9960032105445862,71.0,81.0,0.1270877699305614,0.9663900136947632,0.9704166650772095,2319.0,2329.0,0.8718265295028687,0.8882104158401489,243.0,484.0,0.30861539336917093,0.5438265800476074,0.7036585211753845,4368.0,577.0
