,accuracy,auc,false_negatives,false_positives,loss,precision,recall,true_negatives,true_positives,val_accuracy,val_auc,val_false_negatives,val_false_positives,val_loss,val_precision,val_recall,val_true_negatives,val_true_positives
0,0.7749999761581421,0.8472905158996582,459.0,531.0,0.5226096963882446,0.766285240650177,0.7913636565208435,1669.0,1741.0,0.8023524880409241,0.7147181034088135,1018.0,1032.0,0.5523412991738945,0.366871178150177,0.37004950642585754,7724.0,598.0
1,0.8924999833106995,0.9544165730476379,190.0,283.0,0.27693438188596203,0.8765808939933777,0.9136363863945007,1917.0,2010.0,0.7967604994773865,0.7260862588882446,942.0,1166.0,0.5222586875618355,0.36630433797836304,0.41707921028137207,7590.0,674.0
2,0.9240909218788147,0.9768148064613342,135.0,199.0,0.2106058647957715,0.912102460861206,0.9386363625526428,2001.0,2065.0,0.7698611617088318,0.8012366890907288,844.0,1543.0,0.5427844578862144,0.33347731828689575,0.47772276401519775,7213.0,772.0
3,0.9429545402526855,0.9855676293373108,101.0,150.0,0.1730483982779763,0.933303713798523,0.9540908932685852,2050.0,2099.0,0.7627265453338623,0.7364845871925354,842.0,1619.0,0.5711174039274305,0.32344338297843933,0.47896039485931396,7137.0,774.0
4,0.9597727060317993,0.9927249550819397,72.0,105.0,0.13901714278893038,0.9529780745506287,0.9672726988792419,2095.0,2128.0,0.7444080114364624,0.7340555787086487,892.0,1759.0,0.624171014072074,0.29158276319503784,0.448019802570343,6997.0,724.0
5,0.9654545187950134,0.9949836134910583,51.0,101.0,0.12190357395193793,0.9551110863685608,0.9768182039260864,2099.0,2149.0,0.7535672783851624,0.7070568203926086,874.0,1682.0,0.6319291403842533,0.3061056137084961,0.45915842056274414,7074.0,742.0
6,0.9761363863945007,0.9972888231277466,35.0,70.0,0.10041714909401807,0.9686800837516785,0.9840909242630005,2130.0,2165.0,0.7508677244186401,0.717642605304718,939.0,1645.0,0.7318513558446971,0.29155901074409485,0.4189356565475464,7111.0,677.0
