,accuracy,auc,false_negatives,false_positives,loss,precision,recall,true_negatives,true_positives,val_accuracy,val_auc,val_false_negatives,val_false_positives,val_loss,val_precision,val_recall,val_true_negatives,val_true_positives
0,0.9177083373069763,0.9732046127319336,189.0,206.0,0.2359397354722023,0.9147703647613525,0.9212499856948853,2194.0,2211.0,0.8295187950134277,0.6279379725456238,146.0,435.0,0.6658127035753268,0.12474849075078964,0.29807692766189575,2765.0,62.0
1,0.9293749928474426,0.9812807440757751,163.0,176.0,0.2053932373225689,0.9270617365837097,0.9320833086967468,2224.0,2237.0,0.7954812049865723,0.6456828713417053,136.0,561.0,0.7124694664153695,0.11374407261610031,0.3461538553237915,2639.0,72.0
2,0.9464583396911621,0.9880778789520264,122.0,135.0,0.17822639986872674,0.944053053855896,0.9491666555404663,2265.0,2278.0,0.8051643371582031,0.6131497621536255,138.0,526.0,0.723775735903234,0.11744966357946396,0.3365384638309479,2674.0,70.0
3,0.9541666507720947,0.9920430779457092,96.0,124.0,0.16005475888649623,0.9489291310310364,0.9599999785423279,2276.0,2304.0,0.8016431927680969,0.6185096502304077,137.0,539.0,0.7406954695361321,0.11639343947172165,0.3413461446762085,2661.0,71.0
4,0.9647916555404663,0.9933810234069824,81.0,88.0,0.1453372955073913,0.96343994140625,0.9662500023841858,2312.0,2319.0,0.7714201807975769,0.6084164977073669,130.0,649.0,0.815564493618101,0.10729023069143295,0.375,2551.0,78.0
5,0.9660416841506958,0.9949794411659241,83.0,80.0,0.13540227557222048,0.9666249752044678,0.965416669845581,2320.0,2317.0,0.7764084339141846,0.6089662313461304,131.0,631.0,0.801836953896312,0.10875706374645233,0.3701923191547394,2569.0,77.0
