,accuracy,auc,false_negatives,false_positives,loss,precision,recall,true_negatives,true_positives,val_accuracy,val_auc,val_false_negatives,val_false_positives,val_loss,val_precision,val_recall,val_true_negatives,val_true_positives
0,0.8729166388511658,0.9460887312889099,343.0,267.0,0.3060888425509135,0.8851118683815002,0.8570833206176758,2133.0,2057.0,0.98653644323349,0.0,0.0,51.0,0.05984995115662452,0.0,0.0,3737.0,0.0
1,0.918749988079071,0.9737564921379089,199.0,191.0,0.2360755808154742,0.9201505184173584,0.9170833230018616,2209.0,2201.0,0.9831045269966125,0.0,0.0,64.0,0.07870184135285954,0.0,0.0,3724.0,0.0
2,0.9310416579246521,0.9824672341346741,165.0,166.0,0.20593438630302746,0.9308621287345886,0.9312499761581421,2234.0,2235.0,0.9627771973609924,0.0,0.0,141.0,0.13004637585113016,0.0,0.0,3647.0,0.0
3,0.9477083086967468,0.9882737994194031,140.0,111.0,0.17985999484856924,0.9531843066215515,0.9416666626930237,2289.0,2260.0,0.9677930474281311,0.0,0.0,122.0,0.1159743382826589,0.0,0.0,3666.0,0.0
4,0.9512500166893005,0.9908131957054138,123.0,111.0,0.1667668714125951,0.9535176157951355,0.9487500190734863,2289.0,2277.0,0.9590812921524048,0.0,0.0,155.0,0.13604263835434174,0.0,0.0,3633.0,0.0
5,0.9597916603088379,0.9934467077255249,100.0,93.0,0.15130328650275865,0.9611366391181946,0.9583333134651184,2307.0,2300.0,0.975712776184082,0.0,0.0,92.0,0.0996117254418204,0.0,0.0,3696.0,0.0
