,accuracy,auc,false_negatives,false_positives,loss,pr,precision,recall,true_negatives,true_positives,val_accuracy,val_auc,val_false_negatives,val_false_positives,val_loss,val_pr,val_precision,val_recall,val_true_negatives,val_true_positives
0,0.9081249833106995,0.969424307346344,220.0,221.0,0.22360874712467194,0.9688097238540649,0.9079549908638,0.9083333611488342,2179.0,2180.0,0.9963040947914124,0.0,0.0,14.0,0.022826040365242467,0.0,0.0,0.0,3774.0,0.0
1,0.9491666555404663,0.9885320663452148,114.0,130.0,0.14689210737744968,0.9887321591377258,0.9461920261383057,0.9524999856948853,2270.0,2286.0,0.9886483550071716,0.0,0.0,43.0,0.03684224629304603,0.0,0.0,0.0,3745.0,0.0
2,0.9624999761581421,0.9936922192573547,89.0,91.0,0.11580474277337392,0.9936431646347046,0.9621149301528931,0.9629166722297668,2309.0,2311.0,0.9941921830177307,0.0,0.0,22.0,0.032526328022874015,0.0,0.0,0.0,3766.0,0.0
3,0.9752083420753479,0.9969518780708313,63.0,56.0,0.09223749579240878,0.9970216155052185,0.9765984416007996,0.9737499952316284,2344.0,2337.0,0.987856388092041,0.0,0.0,46.0,0.04774062219838029,0.0,0.0,0.0,3742.0,0.0
4,0.9775000214576721,0.9977837204933167,55.0,53.0,0.08324191357940436,0.9977760314941406,0.9778982400894165,0.9770833253860474,2347.0,2345.0,0.9820485711097717,0.0,0.0,68.0,0.05071864095187049,0.0,0.0,0.0,3720.0,0.0
5,0.9820833206176758,0.9986136555671692,38.0,48.0,0.07589157504340013,0.9986333847045898,0.9800829887390137,0.98416668176651,2352.0,2362.0,0.9897043108940125,0.0,0.0,39.0,0.03456591797054381,0.0,0.0,0.0,3749.0,0.0
