,accuracy,auc,false_negatives,false_positives,loss,pr,precision,recall,true_negatives,true_positives,val_accuracy,val_auc,val_false_negatives,val_false_positives,val_loss,val_pr,val_precision,val_recall,val_true_negatives,val_true_positives
0,0.9104166626930237,0.9696440100669861,210.0,220.0,0.22210838533937932,0.9676508903503418,0.908713698387146,0.9125000238418579,2180.0,2190.0,0.7292354702949524,0.3155559301376343,1061.0,1234.0,1.182471769550264,0.08714000135660172,0.02758077159523964,0.031934306025505066,6146.0,35.0
1,0.9512500166893005,0.9907853007316589,103.0,131.0,0.13171579596896965,0.9906279444694519,0.9460461139678955,0.9570833444595337,2269.0,2297.0,0.7239263653755188,0.2915458679199219,1085.0,1255.0,1.3052296088854622,0.0847008153796196,0.008688783273100853,0.010036496445536613,6125.0,11.0
2,0.9668750166893005,0.9950441122055054,80.0,79.0,0.10331462097664675,0.9950116276741028,0.9670696258544922,0.9666666388511658,2321.0,2320.0,0.7269938588142395,0.3051849603652954,1060.0,1254.0,1.1963616873138971,0.08606133610010147,0.027906976640224457,0.03284671530127525,6126.0,36.0
3,0.9800000190734863,0.9980358481407166,44.0,52.0,0.07891121437152226,0.9979658722877502,0.9784052968025208,0.9816666841506958,2348.0,2356.0,0.7281736731529236,0.30553993582725525,1066.0,1238.0,1.2172361580534552,0.08591815084218979,0.02365930564701557,0.027372263371944427,6142.0,30.0
4,0.9839583039283752,0.99849933385849,34.0,43.0,0.0697488471493125,0.9984418749809265,0.9821502566337585,0.9858333468437195,2357.0,2366.0,0.719443142414093,0.3206298053264618,1071.0,1307.0,1.2262786837218222,0.0875977948307991,0.01876876875758171,0.02281021885573864,6073.0,25.0
5,0.9914583563804626,0.9994009733200073,15.0,26.0,0.05625180756052335,0.9993975162506104,0.9892160892486572,0.9937499761581421,2374.0,2385.0,0.6945493221282959,0.2932535707950592,1075.0,1514.0,1.3396474540430512,0.08469866216182709,0.013680782169103622,0.01916058361530304,5866.0,21.0
