,accuracy,auc,false_negatives,false_positives,loss,pr,precision,recall,true_negatives,true_positives,val_accuracy,val_auc,val_false_negatives,val_false_positives,val_loss,val_pr,val_precision,val_recall,val_true_negatives,val_true_positives
0,0.8586363792419434,0.9331353306770325,297.0,325.0,0.3299861671707847,0.9307694435119629,0.8541292548179626,0.8650000095367432,1875.0,1903.0,0.7266679406166077,0.7229822874069214,737.0,2098.0,0.6212354567788348,0.4369097650051117,0.2952636778354645,0.5439356565475464,6658.0,879.0
1,0.9252272844314575,0.9789403676986694,139.0,190.0,0.2013500970060175,0.9783681631088257,0.9155930876731873,0.9368181824684143,2010.0,2061.0,0.7834554314613342,0.7702693939208984,851.0,1395.0,0.5131327207992195,0.4620651602745056,0.3541666567325592,0.4733910858631134,7361.0,765.0
2,0.9474999904632568,0.9877564311027527,89.0,142.0,0.16039996423504568,0.9872915744781494,0.9369729161262512,0.9595454335212708,2058.0,2111.0,0.75,0.7604187726974487,763.0,1830.0,0.6216135416948515,0.425706684589386,0.31792768836021423,0.5278465151786804,6926.0,853.0
3,0.9609090685844421,0.9935121536254883,77.0,95.0,0.13004326113245704,0.9932951331138611,0.9571686387062073,0.9649999737739563,2105.0,2123.0,0.7777670621871948,0.7397385835647583,925.0,1380.0,0.5655254114561452,0.42209893465042114,0.3336552381515503,0.4275990128517151,7376.0,691.0
4,0.9763636589050293,0.9968292713165283,34.0,70.0,0.10203828532587399,0.9966037273406982,0.9686940908432007,0.9845454692840576,2130.0,2166.0,0.7563632726669312,0.7481708526611328,827.0,1700.0,0.5889695529950617,0.4370936155319214,0.3169947862625122,0.48824256658554077,7056.0,789.0
5,0.9752272963523865,0.9975046515464783,42.0,67.0,0.09603389035571705,0.9976245164871216,0.9698876142501831,0.9809091091156006,2133.0,2158.0,0.7626301646232605,0.7515960931777954,896.0,1566.0,0.6650596706277838,0.39098262786865234,0.31496062874794006,0.4455445408821106,7190.0,720.0
6,0.9818181991577148,0.9984437823295593,31.0,49.0,0.08205313254486431,0.9983843564987183,0.9779080152511597,0.985909104347229,2151.0,2169.0,0.7759352326393127,0.7394086718559265,901.0,1423.0,0.577612904729045,0.4268319606781006,0.3344247043132782,0.44245049357414246,7333.0,715.0
