,accuracy,auc,false_negatives,false_positives,loss,precision,recall,true_negatives,true_positives,val_accuracy,val_auc,val_false_negatives,val_false_positives,val_loss,val_precision,val_recall,val_true_negatives,val_true_positives
0,0.715624988079071,0.7758906483650208,466.0,444.0,0.6329245153069496,0.7186312079429626,0.7087500095367432,1156.0,1134.0,0.6523575186729431,0.5314861536026001,2454.0,1498.0,0.6032385600024256,0.07530864328145981,0.04736024886369705,7294.0,122.0
1,0.8634374737739563,0.9369421601295471,209.0,228.0,0.32134445041418075,0.8591723442077637,0.8693749904632568,1372.0,1391.0,0.6916784048080444,0.5263075828552246,2571.0,934.0,0.7170483563501678,0.005324813537299633,0.0019409938249737024,7858.0,5.0
2,0.9134374856948853,0.9714709520339966,127.0,150.0,0.21274495929479598,0.9075785875320435,0.9206249713897705,1450.0,1473.0,0.6862244606018066,0.509611189365387,2215.0,1352.0,0.7865992608328758,0.21074138581752777,0.14013975858688354,7440.0,361.0
3,0.9384375214576721,0.9843160510063171,78.0,119.0,0.15828123699873686,0.9274832606315613,0.9512500166893005,1481.0,1522.0,0.7003870606422424,0.6276398301124573,1942.0,1464.0,0.7339918004384266,0.3021925687789917,0.24611800909042358,7328.0,634.0
4,0.9559375047683716,0.9899688959121704,70.0,71.0,0.12595959194004536,0.9556527137756348,0.956250011920929,1529.0,1530.0,0.7465693354606628,0.6009446978569031,2132.0,749.0,0.8432036884899797,0.37217098474502563,0.17236024141311646,8043.0,444.0
5,0.9662500023841858,0.9935066103935242,50.0,58.0,0.09862570081837475,0.9639303684234619,0.96875,1542.0,1550.0,0.7426987886428833,0.6123184561729431,2091.0,834.0,1.0496437339024338,0.36770281195640564,0.18827639520168304,7958.0,485.0
