,accuracy,auc,false_negatives,false_positives,loss,precision,recall,true_negatives,true_positives,val_accuracy,val_auc,val_false_negatives,val_false_positives,val_loss,val_precision,val_recall,val_true_negatives,val_true_positives
0,0.8545454740524292,0.9328879117965698,281.0,359.0,0.33057120252739297,0.8424056172370911,0.8722727298736572,1841.0,1919.0,0.7993636727333069,0.7746363282203674,945.0,1136.0,0.4566798405761292,0.37133368849754333,0.41522276401519775,7620.0,671.0
1,0.9263636469841003,0.9774968028068542,133.0,191.0,0.20930546971884642,0.9154118895530701,0.9395454525947571,2009.0,2067.0,0.7267643809318542,0.7143512964248657,932.0,1902.0,0.614803623185395,0.26450115442276,0.42326733469963074,6854.0,684.0
2,0.9449999928474426,0.987323522567749,88.0,154.0,0.16662933559580284,0.9320388436317444,0.9599999785423279,2046.0,2112.0,0.7681257128715515,0.7088857889175415,976.0,1429.0,0.5634854902724157,0.3093281686306,0.39603960514068604,7327.0,640.0
3,0.9540908932685852,0.9924432635307312,76.0,126.0,0.14409371335398066,0.9440000057220459,0.9654545187950134,2074.0,2124.0,0.7595449090003967,0.738746166229248,971.0,1523.0,0.573123220168988,0.29750922322273254,0.3991336524486542,7233.0,645.0
4,0.9695454835891724,0.9952922463417053,55.0,79.0,0.11940568342804908,0.9644784331321716,0.9750000238418579,2121.0,2145.0,0.7391052842140198,0.7091055512428284,983.0,1723.0,0.6772479146454631,0.26867571473121643,0.3917079269886017,7033.0,633.0
5,0.971818208694458,0.9965720772743225,54.0,70.0,0.10538778840140862,0.9684115648269653,0.975454568862915,2130.0,2146.0,0.7262822985649109,0.7147824168205261,892.0,1947.0,0.65380601854431,0.2710595428943634,0.448019802570343,6809.0,724.0
