,accuracy,auc,false_negatives,false_positives,loss,precision,recall,true_negatives,true_positives,val_accuracy,val_auc,val_false_negatives,val_false_positives,val_loss,val_precision,val_recall,val_true_negatives,val_true_positives
0,0.7678124904632568,0.8340448141098022,347.0,396.0,0.5294187989830971,0.7598544359207153,0.7831249833106995,1204.0,1253.0,0.6920302510261536,0.6953009366989136,1304.0,2197.0,0.877828521639591,0.3666762709617615,0.49378880858421326,6595.0,1272.0
1,0.8837500214576721,0.9542447328567505,140.0,232.0,0.2861183646321297,0.8628841638565063,0.9125000238418579,1368.0,1460.0,0.7028501033782959,0.7308168411254883,1247.0,2131.0,0.7547025794633923,0.38410404324531555,0.5159161686897278,6661.0,1329.0
2,0.9203125238418579,0.9754099249839783,95.0,160.0,0.22189559668302536,0.9039039015769958,0.940625011920929,1440.0,1505.0,0.7198275923728943,0.7416216731071472,1378.0,1807.0,0.6985882302558732,0.39866888523101807,0.46506211161613464,6985.0,1198.0
3,0.9449999928474426,0.9881703853607178,64.0,112.0,0.17275455869734288,0.9320388436317444,0.9599999785423279,1488.0,1536.0,0.7235221862792969,0.7286752462387085,1672.0,1471.0,0.6935783576831106,0.38063156604766846,0.35093167424201965,7321.0,904.0
4,0.9612500071525574,0.9934480786323547,43.0,81.0,0.14104915380477906,0.9505494236946106,0.9731249809265137,1519.0,1557.0,0.6951090693473816,0.6932903528213501,1510.0,1956.0,0.8097514792028906,0.35274651646614075,0.4138198792934418,6836.0,1066.0
5,0.9696875214576721,0.9960358142852783,31.0,66.0,0.12280368771404028,0.9596330523490906,0.9806249737739563,1534.0,1569.0,0.6959887146949768,0.7043569684028625,1507.0,1949.0,0.8082391765233415,0.3542080819606781,0.41498446464538574,6843.0,1069.0
6,0.9778125286102295,0.99794602394104,25.0,46.0,0.10225183963775634,0.9716224670410156,0.984375,1554.0,1575.0,0.6789233088493347,0.6974751949310303,1294.0,2356.0,0.8834887656588356,0.35239142179489136,0.4976707994937897,6436.0,1282.0
7,0.9828125238418579,0.9990202784538269,13.0,42.0,0.08754969872534275,0.9742172956466675,0.9918749928474426,1558.0,1587.0,0.7098873853683472,0.7079738974571228,1598.0,1700.0,0.8248825481791969,0.36519789695739746,0.37965837121009827,7092.0,978.0
8,0.9884374737739563,0.9993570446968079,15.0,22.0,0.07748583316802979,0.9863098859786987,0.9906250238418579,1578.0,1585.0,0.7017945051193237,0.7074014544487,1483.0,1907.0,0.8378730160010524,0.3643333315849304,0.42430123686790466,6885.0,1093.0
