,accuracy,auc,false_negatives,false_positives,loss,precision,recall,true_negatives,true_positives,val_accuracy,val_auc,val_false_negatives,val_false_positives,val_loss,val_precision,val_recall,val_true_negatives,val_true_positives
0,0.6800000071525574,0.7639047503471375,385.0,1023.0,0.5925637277689847,0.6395348906517029,0.824999988079071,1177.0,1815.0,0.4453336000442505,0.47548907995224,790.0,4963.0,0.6981863884037635,0.14268440008163452,0.5111386179924011,3793.0,826.0
1,0.8440909385681152,0.9275931715965271,214.0,472.0,0.402015814781189,0.8079739809036255,0.9027272462844849,1728.0,1986.0,0.7453721761703491,0.44261443614959717,1476.0,1165.0,0.604386692128952,0.1072796955704689,0.08663365989923477,7591.0,140.0
2,0.8984090685844421,0.9618774652481079,146.0,301.0,0.3211195989088579,0.8721868395805359,0.9336363673210144,1899.0,2054.0,0.7457578182220459,0.5204741954803467,1277.0,1360.0,0.5625228232690096,0.19952914118766785,0.20977722108364105,7396.0,339.0
3,0.9213636517524719,0.9764626622200012,120.0,226.0,0.2732048457319086,0.9019948244094849,0.9454545378684998,1974.0,2080.0,0.6971654295921326,0.5619550943374634,1193.0,1948.0,0.5724642229870944,0.1784057319164276,0.26175743341445923,6808.0,423.0
4,0.9422727227210999,0.9857954978942871,84.0,170.0,0.23552103237672287,0.9256343245506287,0.9618181586265564,2030.0,2116.0,0.6515619158744812,0.5786930322647095,1110.0,2504.0,0.6568598774607651,0.1681063175201416,0.3131188154220581,6252.0,506.0
5,0.9486363530158997,0.9901492595672607,90.0,136.0,0.20938426716761155,0.9394478797912598,0.9590908885002136,2064.0,2110.0,0.6395102143287659,0.5498297810554504,1134.0,2605.0,0.7089263941967666,0.15613864362239838,0.29826733469963074,6151.0,482.0
6,0.9581817984580994,0.9931415319442749,69.0,115.0,0.1885021849112077,0.948797881603241,0.9686363339424133,2085.0,2131.0,0.651947557926178,0.6025276780128479,1058.0,2552.0,0.714419593877237,0.17942121624946594,0.34529703855514526,6204.0,558.0
7,0.9670454263687134,0.9957281947135925,48.0,97.0,0.16800252773545005,0.9568697214126587,0.9781818389892578,2103.0,2152.0,0.6426918506622314,0.563788652420044,1123.0,2583.0,0.7358886356168487,0.16027307510375977,0.3050742447376251,6173.0,493.0
