,accuracy,auc,false_negatives,false_positives,loss,pr,precision,recall,true_negatives,true_positives,val_accuracy,val_auc,val_false_negatives,val_false_positives,val_loss,val_pr,val_precision,val_recall,val_true_negatives,val_true_positives
0,0.9014583230018616,0.9615957736968994,233.0,240.0,0.2533657571176688,0.9610636234283447,0.900290846824646,0.902916669845581,2160.0,2167.0,0.7977239489555359,0.9102896451950073,66.0,485.0,0.4791678212769056,0.8305273652076721,0.4676179885864258,0.8658536672592163,1747.0,426.0
1,0.9420833587646484,0.9858853220939636,125.0,153.0,0.17722311064600946,0.9853659868240356,0.936985194683075,0.9479166865348816,2247.0,2275.0,0.772393524646759,0.8752079606056213,102.0,518.0,0.5153412848667251,0.7652415633201599,0.42951542139053345,0.792682945728302,1714.0,390.0
2,0.9539583325386047,0.9905619621276855,94.0,127.0,0.15349996795256932,0.9901036024093628,0.9478010535240173,0.9608333110809326,2273.0,2306.0,0.7753304243087769,0.885446310043335,90.0,522.0,0.5312109396583709,0.7833349108695984,0.4350649416446686,0.8170731663703918,1710.0,402.0
3,0.9668750166893005,0.9949991703033447,62.0,97.0,0.1298608072847128,0.9949843287467957,0.9601642489433289,0.9741666913032532,2303.0,2338.0,0.7749632596969604,0.8845001459121704,94.0,519.0,0.5430347393984837,0.7745301723480225,0.43402400612831116,0.8089430928230286,1713.0,398.0
4,0.9754166603088379,0.9971179366111755,51.0,67.0,0.11158480785787106,0.9970777034759521,0.9722682237625122,0.9787499904632568,2333.0,2349.0,0.7786343693733215,0.8866045475006104,101.0,502.0,0.5331938454058027,0.7699040174484253,0.4378499388694763,0.7947154641151428,1730.0,391.0
5,0.9783333539962769,0.997921347618103,36.0,68.0,0.102466241295139,0.997916579246521,0.9720394611358643,0.9850000143051147,2332.0,2364.0,0.7679882645606995,0.8712359070777893,117.0,515.0,0.5823036085940055,0.7357738018035889,0.42134830355644226,0.7621951103210449,1717.0,375.0
