,accuracy,auc,false_negatives,false_positives,loss,pr,precision,recall,true_negatives,true_positives,val_accuracy,val_auc,val_false_negatives,val_false_positives,val_loss,val_pr,val_precision,val_recall,val_true_negatives,val_true_positives
0,0.9470833539962769,0.9877961277961731,95.0,159.0,0.14670374451826015,0.9863916635513306,0.9354707598686218,0.9604166746139526,2241.0,2305.0,0.9205673933029175,0.9551037549972534,55.0,169.0,0.24267282184504024,0.8056236505508423,0.7882205247879028,0.9195906519889832,1967.0,629.0
1,0.9647916555404663,0.9941283464431763,59.0,110.0,0.12035659099618594,0.9939819574356079,0.9551203846931458,0.9754166603088379,2290.0,2341.0,0.931205689907074,0.9532616138458252,31.0,163.0,0.28188716617036375,0.7804981470108032,0.8002451062202454,0.9546783566474915,1973.0,653.0
2,0.9697916507720947,0.9955431222915649,50.0,95.0,0.10744769737124443,0.9951884746551514,0.9611452221870422,0.9791666865348816,2305.0,2350.0,0.9347517490386963,0.9593541622161865,25.0,159.0,0.27515683540585617,0.8041057586669922,0.805623471736908,0.9634503126144409,1977.0,659.0
3,0.9804166555404663,0.9981295466423035,28.0,66.0,0.08839193484435479,0.9980920553207397,0.9729286432266235,0.9883333444595337,2334.0,2372.0,0.9308510422706604,0.9589186310768127,37.0,158.0,0.25926582514711305,0.81490159034729,0.8037267327308655,0.9459064602851868,1978.0,647.0
4,0.981458306312561,0.9978324770927429,35.0,54.0,0.08739130854606629,0.9977096915245056,0.9776767492294312,0.9854166507720947,2346.0,2365.0,0.9347517490386963,0.9571680426597595,26.0,158.0,0.28279302845583526,0.7942625284194946,0.8063725233078003,0.9619883298873901,1978.0,658.0
5,0.9864583611488342,0.9991556406021118,22.0,43.0,0.07516429999222358,0.999143123626709,0.98223876953125,0.9908333420753479,2357.0,2378.0,0.9304964542388916,0.9563627243041992,31.0,165.0,0.2881559516085272,0.7935574054718018,0.7982885241508484,0.9546783566474915,1971.0,653.0
