,accuracy,auc,false_negatives,false_positives,loss,pr,precision,recall,true_negatives,true_positives,val_accuracy,val_auc,val_false_negatives,val_false_positives,val_loss,val_pr,val_precision,val_recall,val_true_negatives,val_true_positives
0,0.7596428394317627,0.8365662693977356,366.0,307.0,0.524244601385934,0.8242210149765015,0.7710663676261902,0.7385714054107666,1093.0,1034.0,0.7035475373268127,0.60563725233078,2217.0,1861.0,0.826659452398699,0.2370472103357315,0.23226071894168854,0.20251798629760742,9115.0,563.0
1,0.8882142901420593,0.9574568271636963,167.0,146.0,0.27832762616021295,0.9597343802452087,0.8941261768341064,0.8807142972946167,1254.0,1233.0,0.749927282333374,0.6474822163581848,1821.0,1619.0,0.7429685999779342,0.293260395526886,0.3719937801361084,0.34496402740478516,9357.0,959.0
2,0.9239285588264465,0.9758095145225525,118.0,95.0,0.223823087981769,0.9768855571746826,0.9310094118118286,0.9157142639160156,1305.0,1282.0,0.7172142863273621,0.6413103938102722,1433.0,2457.0,0.8174374255720839,0.2901242673397064,0.35410094261169434,0.4845323860645294,8519.0,1347.0
3,0.9521428346633911,0.9888969659805298,74.0,60.0,0.1745713701418468,0.9895235300064087,0.9567099809646606,0.9471428394317627,1340.0,1326.0,0.7326984405517578,0.6520254611968994,1396.0,2281.0,0.8032555457082173,0.32719922065734863,0.3776261806488037,0.4978417158126831,8695.0,1384.0
4,0.9599999785423279,0.9927801489830017,62.0,50.0,0.1497644122157778,0.9932127594947815,0.9639769196510315,0.9557142853736877,1350.0,1338.0,0.71125328540802,0.6563432812690735,1270.0,2702.0,0.846310548993452,0.33900490403175354,0.35849952697753906,0.5431654453277588,8274.0,1510.0
5,0.9632142782211304,0.9948912858963013,50.0,53.0,0.13486653787749153,0.9949203729629517,0.9622238278388977,0.9642857313156128,1347.0,1350.0,0.7132160663604736,0.6450053453445435,1289.0,2656.0,0.9118236009552576,0.31122303009033203,0.3595370054244995,0.5363309383392334,8320.0,1491.0
6,0.9785714149475098,0.9973147511482239,35.0,25.0,0.11363496452569961,0.9976270794868469,0.9820144176483154,0.9750000238418579,1375.0,1365.0,0.7036202549934387,0.6487204432487488,1290.0,2787.0,0.8778993424616361,0.3173213303089142,0.34837502241134644,0.5359712243080139,8189.0,1490.0
