,accuracy,auc,false_negatives,false_positives,loss,pr,precision,recall,true_negatives,true_positives,val_accuracy,val_auc,val_false_negatives,val_false_positives,val_loss,val_pr,val_precision,val_recall,val_true_negatives,val_true_positives
0,0.8475000262260437,0.9187875986099243,329.0,342.0,0.3642519813234156,0.9146906137466431,0.8454586267471313,0.850454568862915,1858.0,1871.0,0.6754242777824402,0.6802432537078857,1877.0,2101.0,0.7897192815576459,0.4337005913257599,0.43582168221473694,0.46371427178382874,6655.0,1623.0
1,0.910909116268158,0.9699242115020752,193.0,199.0,0.2370974143526771,0.9686425924301147,0.9097914695739746,0.9122727513313293,2001.0,2007.0,0.670039176940918,0.6880965828895569,1379.0,2665.0,0.8782645476393538,0.41498228907585144,0.4431675672531128,0.6060000061988831,6091.0,2121.0
2,0.9340909123420715,0.9836726784706116,134.0,156.0,0.1898232431303371,0.9833495020866394,0.9297930002212524,0.9390909075737,2044.0,2066.0,0.6713446378707886,0.6857540607452393,1354.0,2674.0,0.8877244062585556,0.41625896096229553,0.4452282190322876,0.6131428480148315,6082.0,2146.0
3,0.9454545378684998,0.9884682297706604,110.0,130.0,0.16529545049775732,0.988045871257782,0.9414414167404175,0.949999988079071,2070.0,2090.0,0.6825228333473206,0.6997449398040771,1380.0,2511.0,0.8903413373714327,0.4174250364303589,0.457784503698349,0.6057142615318298,6245.0,2120.0
4,0.962045431137085,0.9933815002441406,73.0,94.0,0.13935728186910804,0.9932953119277954,0.9576767086982727,0.9668181538581848,2106.0,2127.0,0.6543733477592468,0.690680980682373,1283.0,2953.0,0.9464726106460661,0.4066706895828247,0.42882010340690613,0.6334285736083984,5803.0,2217.0
5,0.962045431137085,0.9944217205047607,72.0,95.0,0.12992849791591818,0.9943963289260864,0.9572649598121643,0.9672726988792419,2105.0,2128.0,0.6951696872711182,0.7093918323516846,1365.0,2371.0,0.9148025660539731,0.41783055663108826,0.47381269931793213,0.6100000143051147,6385.0,2135.0
