,accuracy,auc,false_negatives,false_positives,loss,precision,recall,true_negatives,true_positives,val_accuracy,val_auc,val_false_negatives,val_false_positives,val_loss,val_precision,val_recall,val_true_negatives,val_true_positives
0,0.7646874785423279,0.8356347680091858,365.0,388.0,0.5215426138043404,0.7609365582466125,0.7718750238418579,1212.0,1235.0,0.7226424813270569,0.7424719333648682,1288.0,1865.0,0.6560060816655102,0.4084998369216919,0.5,6927.0,1288.0
1,0.8728125095367432,0.9494802951812744,168.0,239.0,0.29570681996643544,0.8569718599319458,0.8949999809265137,1361.0,1432.0,0.7276566028594971,0.7559356093406677,1191.0,1905.0,0.6323510248169439,0.42097264528274536,0.5376552939414978,6887.0,1385.0
2,0.9215624928474426,0.9778695106506348,86.0,165.0,0.21569478258490563,0.9017271995544434,0.9462500214576721,1435.0,1514.0,0.7169247269630432,0.7421466112136841,1255.0,1963.0,0.671207898943295,0.4022533595561981,0.5128105878829956,6829.0,1321.0
3,0.9431250095367432,0.9882974028587341,70.0,112.0,0.17551450282335282,0.9317904710769653,0.956250011920929,1488.0,1530.0,0.7141977548599243,0.7033589482307434,1542.0,1707.0,0.7145194149537459,0.3772345781326294,0.4013975262641907,7085.0,1034.0
4,0.9621875286102295,0.9942516684532166,42.0,79.0,0.1389218332991004,0.9517409801483154,0.9737499952316284,1521.0,1558.0,0.7392681241035461,0.7687572240829468,980.0,1984.0,0.6643755706492483,0.4458100497722626,0.6195651888847351,6808.0,1596.0
5,0.9671875238418579,0.9959863424301147,33.0,72.0,0.12672294802963735,0.9560707807540894,0.9793750047683716,1528.0,1567.0,0.7179803252220154,0.7209868431091309,1420.0,1786.0,0.7051411202304553,0.39292997121810913,0.44875776767730713,7006.0,1156.0
6,0.9753124713897705,0.997987687587738,29.0,50.0,0.10417493160814047,0.9691548347473145,0.9818750023841858,1550.0,1571.0,0.7399718761444092,0.7591156959533691,1198.0,1758.0,0.652310044768828,0.43941327929496765,0.534937858581543,7034.0,1378.0
