,accuracy,auc,false_negatives,false_positives,loss,precision,recall,true_negatives,true_positives,val_accuracy,val_auc,val_false_negatives,val_false_positives,val_loss,val_precision,val_recall,val_true_negatives,val_true_positives
0,0.9202083349227905,0.9729182720184326,204.0,179.0,0.209448857208093,0.9246315956115723,0.9150000214576721,2221.0,2196.0,0.9928722381591797,0.0,0.0,27.0,0.02468875521123252,0.0,0.0,3761.0,0.0
1,0.9491666555404663,0.9891266822814941,109.0,135.0,0.14187006848553815,0.9443528652191162,0.9545833468437195,2265.0,2291.0,0.9915522933006287,0.0,0.0,32.0,0.029358129527463077,0.0,0.0,3756.0,0.0
2,0.9631249904632568,0.9941959977149963,84.0,93.0,0.11317414976656437,0.9613947868347168,0.9649999737739563,2307.0,2316.0,0.9828405380249023,0.0,0.0,65.0,0.0552984725963226,0.0,0.0,3723.0,0.0
3,0.971875011920929,0.9966709613800049,63.0,72.0,0.09612664812554916,0.9701120853424072,0.9737499952316284,2328.0,2337.0,0.9904962778091431,0.0,0.0,36.0,0.03723680308047356,0.0,0.0,3752.0,0.0
4,0.9768750071525574,0.9971784353256226,49.0,62.0,0.08801853736241659,0.9743058681488037,0.9795833230018616,2338.0,2351.0,0.9881203770637512,0.0,0.0,45.0,0.04356377207553122,0.0,0.0,3743.0,0.0
5,0.9806249737739563,0.9973651170730591,30.0,63.0,0.0829986559972167,0.9741060137748718,0.987500011920929,2337.0,2370.0,0.9915522933006287,0.0,0.0,32.0,0.030164093817677644,0.0,0.0,3756.0,0.0
