,accuracy,auc,false_negatives,false_positives,loss,pr,precision,recall,true_negatives,true_positives,val_accuracy,val_auc,val_false_negatives,val_false_positives,val_loss,val_pr,val_precision,val_recall,val_true_negatives,val_true_positives
0,0.9308333396911621,0.9810915589332581,142.0,190.0,0.17868787087500096,0.9793575406074524,0.9223856329917908,0.940833330154419,2210.0,2258.0,0.8309859037399292,0.6515610218048096,131.0,445.0,0.8818096554195377,0.11535106599330902,0.14750957489013672,0.3701923191547394,2755.0,77.0
1,0.95291668176651,0.9900503158569336,95.0,131.0,0.13838906308015186,0.9903931617736816,0.9462233185768127,0.9604166746139526,2269.0,2305.0,0.8591549396514893,0.6726007461547852,144.0,336.0,0.8023216542503644,0.11700162291526794,0.1599999964237213,0.3076923191547394,2864.0,64.0
2,0.9610416889190674,0.9922404885292053,85.0,102.0,0.12312235745290916,0.9922770261764526,0.9577988982200623,0.9645833373069763,2298.0,2315.0,0.8119131326675415,0.651788592338562,118.0,523.0,0.9459147829684853,0.11322243511676788,0.14681892096996307,0.4326923191547394,2677.0,90.0
3,0.9674999713897705,0.9961751103401184,66.0,90.0,0.10042472555612525,0.9960317015647888,0.9628713130950928,0.9725000262260437,2310.0,2334.0,0.8306924700737,0.6512876152992249,127.0,450.0,0.9080151190780138,0.11261309683322906,0.1525423675775528,0.38942307233810425,2750.0,81.0
4,0.9787499904632568,0.9975071549415588,46.0,56.0,0.08611024977018436,0.9975707530975342,0.9767634868621826,0.9808333516120911,2344.0,2354.0,0.8497652411460876,0.653298556804657,138.0,374.0,0.8625065416377475,0.11108621209859848,0.157657653093338,0.3365384638309479,2826.0,70.0
5,0.9847916960716248,0.998611330986023,29.0,44.0,0.07183513808995486,0.9986839890480042,0.9817805290222168,0.9879166483879089,2356.0,2371.0,0.8127934336662292,0.6615302562713623,119.0,519.0,0.9393100548937847,0.11316578835248947,0.14638157188892365,0.42788460850715637,2681.0,89.0
6,0.9825000166893005,0.998694896697998,38.0,46.0,0.07023525743434826,0.9987847805023193,0.9808970093727112,0.98416668176651,2354.0,2362.0,0.8356807231903076,0.6515775918960571,129.0,431.0,0.883464623924712,0.11122781783342361,0.15490196645259857,0.3798076808452606,2769.0,79.0
