,accuracy,auc,false_negatives,false_positives,loss,pr,precision,recall,true_negatives,true_positives,val_accuracy,val_auc,val_false_negatives,val_false_positives,val_loss,val_pr,val_precision,val_recall,val_true_negatives,val_true_positives
0,0.9485416412353516,0.9837676286697388,96.0,151.0,0.16466850991050402,0.9790207147598267,0.9384928941726685,0.9599999785423279,2249.0,2304.0,0.5379273295402527,0.9381095767021179,5.0,860.0,1.2829106862728412,0.6306219100952148,0.17545542120933533,0.9734042286872864,824.0,183.0
1,0.9639583230018616,0.9913050532341003,69.0,104.0,0.12663295984268189,0.9871086478233337,0.9572895169258118,0.9712499976158142,2296.0,2331.0,0.6362179517745972,0.9625479578971863,2.0,679.0,0.8745897921741518,0.7776532173156738,0.21502889692783356,0.9893617033958435,1005.0,186.0
2,0.9722916483879089,0.9931948781013489,54.0,79.0,0.10938030475129684,0.989350438117981,0.9674226641654968,0.9775000214576721,2321.0,2346.0,0.5224359035491943,0.9386749863624573,2.0,892.0,1.257219678316361,0.6296941637992859,0.17254173755645752,0.9893617033958435,792.0,186.0
3,0.9770833253860474,0.995497465133667,43.0,67.0,0.0953643976027767,0.992315948009491,0.9723597168922424,0.9820833206176758,2333.0,2357.0,0.5993589758872986,0.9432455897331238,3.0,747.0,1.0386829416976016,0.6754377484321594,0.19849784672260284,0.9840425252914429,937.0,185.0
4,0.9850000143051147,0.9967888593673706,31.0,41.0,0.0799713413665692,0.9941990375518799,0.9829875230789185,0.9870833158493042,2359.0,2369.0,0.49252137541770935,0.9459351301193237,0.0,950.0,1.308516084128975,0.6772704720497131,0.16520211100578308,1.0,734.0,188.0
5,0.9862499833106995,0.9972751140594482,24.0,42.0,0.07588594051698844,0.9947226643562317,0.9826302528381348,0.9900000095367432,2358.0,2376.0,0.6266025900840759,0.9478018879890442,2.0,697.0,0.9115791988169026,0.7479884624481201,0.21064552664756775,0.9893617033958435,987.0,186.0
6,0.9895833134651184,0.9981359839439392,16.0,34.0,0.06509548638015986,0.9962264895439148,0.9859387874603271,0.9933333396911621,2366.0,2384.0,0.5448718070983887,0.9452323913574219,2.0,850.0,1.1484287126451476,0.7107658386230469,0.17953668534755707,0.9893617033958435,834.0,186.0
