,accuracy,auc,false_negatives,false_positives,loss,pr,precision,recall,true_negatives,true_positives,val_accuracy,val_auc,val_false_negatives,val_false_positives,val_loss,val_pr,val_precision,val_recall,val_true_negatives,val_true_positives
0,0.9610416889190674,0.9935438632965088,67.0,120.0,0.11567730943361919,0.9931630492210388,0.951080322265625,0.972083330154419,2280.0,2333.0,0.936170220375061,0.9660632610321045,20.0,160.0,0.21525937563984107,0.8585996031761169,0.8058252334594727,0.9707602262496948,1976.0,664.0
1,0.9729166626930237,0.9964540004730225,43.0,87.0,0.09732156539956728,0.9962729215621948,0.9644026160240173,0.9820833206176758,2313.0,2357.0,0.9358156323432922,0.9687996506690979,28.0,153.0,0.18994989729096703,0.8690533638000488,0.8108776211738586,0.9590643048286438,1983.0,656.0
2,0.9760416746139526,0.9976803660392761,32.0,83.0,0.08938211613645156,0.9976314306259155,0.9661362767219543,0.9866666793823242,2317.0,2368.0,0.9386524558067322,0.9692899584770203,21.0,152.0,0.19747322641894327,0.8738796710968018,0.8134969472885132,0.969298243522644,1984.0,663.0
3,0.98458331823349,0.9992788434028625,23.0,51.0,0.07329663041979075,0.9992842674255371,0.9789950847625732,0.9904166460037231,2349.0,2377.0,0.9365248084068298,0.9630012512207031,22.0,157.0,0.22089313847798828,0.8407093286514282,0.8083028197288513,0.9678362607955933,1979.0,662.0
4,0.987500011920929,0.9994664788246155,17.0,43.0,0.06707361459732056,0.9994699954986572,0.9822753667831421,0.9929166436195374,2357.0,2383.0,0.9347517490386963,0.967282235622406,36.0,148.0,0.19163821696019764,0.861677885055542,0.8140703439712524,0.9473684430122375,1988.0,648.0
5,0.9902083277702332,0.9995067715644836,14.0,33.0,0.06365114317586025,0.9994962215423584,0.9863579869270325,0.9941666722297668,2367.0,2386.0,0.9336879253387451,0.9671723246574402,34.0,153.0,0.20401967789264436,0.8606634140014648,0.8094645142555237,0.9502924084663391,1983.0,650.0
6,0.9916666746139526,0.9997544288635254,12.0,28.0,0.05813325802485148,0.9997550249099731,0.9884105920791626,0.9950000047683716,2372.0,2388.0,0.9340425729751587,0.964853823184967,32.0,154.0,0.20908274568141774,0.8511486053466797,0.8089330196380615,0.9532163739204407,1982.0,652.0
