,accuracy,auc,false_negatives,false_positives,loss,pr,precision,recall,true_negatives,true_positives,val_accuracy,val_auc,val_false_negatives,val_false_positives,val_loss,val_pr,val_precision,val_recall,val_true_negatives,val_true_positives
0,0.9233333468437195,0.9733564853668213,149.0,219.0,0.2112089578807354,0.9707339406013489,0.9113360047340393,0.9379166960716248,2181.0,2251.0,0.8909721970558167,0.8531383275985718,27.0,287.0,0.2329147831019428,0.09906278550624847,0.10312499850988388,0.550000011920929,2533.0,33.0
1,0.9468749761581421,0.9862194657325745,101.0,154.0,0.16710413217544556,0.9856168031692505,0.9372197389602661,0.9579166769981384,2246.0,2299.0,0.8909721970558167,0.8589125275611877,26.0,288.0,0.24972859629326397,0.12957137823104858,0.10559006035327911,0.5666666626930237,2532.0,34.0
2,0.9574999809265137,0.9908480048179626,88.0,116.0,0.1465436088045438,0.9906302094459534,0.95222407579422,0.9633333086967468,2284.0,2312.0,0.8836805820465088,0.86594557762146,24.0,311.0,0.25570488083693715,0.13345979154109955,0.10374639928340912,0.6000000238418579,2509.0,36.0
3,0.9645833373069763,0.9936426281929016,69.0,101.0,0.13237047533194224,0.9937846660614014,0.9584704041481018,0.9712499976158142,2299.0,2331.0,0.8843749761581421,0.8663623332977295,22.0,311.0,0.2568714829782645,0.14512959122657776,0.10888252407312393,0.6333333253860474,2509.0,38.0
4,0.9695833325386047,0.9953262209892273,55.0,91.0,0.11977359528342883,0.9953418374061584,0.9626436829566956,0.9770833253860474,2309.0,2345.0,0.8840277791023254,0.8833421468734741,20.0,314.0,0.25221572178933355,0.1476914882659912,0.11299435049295425,0.6666666865348816,2506.0,40.0
5,0.9766666889190674,0.9967549443244934,38.0,74.0,0.1095489422728618,0.9968886375427246,0.9696223139762878,0.98416668176651,2326.0,2362.0,0.8902778029441833,0.8726328611373901,22.0,294.0,0.24661182024412684,0.1168537437915802,0.11445783078670502,0.6333333253860474,2526.0,38.0
