,accuracy,auc,false_negatives,false_positives,loss,pr,precision,recall,true_negatives,true_positives,val_accuracy,val_auc,val_false_negatives,val_false_positives,val_loss,val_pr,val_precision,val_recall,val_true_negatives,val_true_positives
0,0.9666666388511658,0.9926256537437439,48.0,112.0,0.11269518447419008,0.9911553859710693,0.9545454382896423,0.9800000190734863,2288.0,2352.0,0.9862288236618042,0.0,0.0,26.0,0.07197270131969856,0.0,0.0,0.0,1862.0,0.0
1,0.9750000238418579,0.9962316155433655,40.0,80.0,0.09301275062064329,0.9958391189575195,0.9672130942344666,0.9833333492279053,2320.0,2360.0,0.9443855881690979,0.0,0.0,105.0,0.13558570352398744,0.0,0.0,0.0,1783.0,0.0
2,0.9839583039283752,0.9980053901672363,23.0,54.0,0.07752802255252997,0.9979318380355835,0.9777868986129761,0.9904166460037231,2346.0,2377.0,0.9639830589294434,0.0,0.0,68.0,0.11897258637315136,0.0,0.0,0.0,1820.0,0.0
3,0.984375,0.9987375140190125,20.0,55.0,0.07221909486999115,0.9986409544944763,0.977412760257721,0.9916666746139526,2345.0,2380.0,0.9565678238868713,0.0,0.0,82.0,0.13736825455295837,0.0,0.0,0.0,1806.0,0.0
4,0.9858333468437195,0.9989843964576721,20.0,48.0,0.06880446900924046,0.9989838600158691,0.9802306294441223,0.9916666746139526,2352.0,2380.0,0.9634534120559692,0.0,0.0,69.0,0.10838394024867122,0.0,0.0,0.0,1819.0,0.0
5,0.9904166460037231,0.9993531703948975,11.0,35.0,0.05953877855092287,0.9992548227310181,0.9855610728263855,0.9954166412353516,2365.0,2389.0,0.976165235042572,0.0,0.0,45.0,0.08339426293969154,0.0,0.0,0.0,1843.0,0.0
