,accuracy,auc,false_negatives,false_positives,loss,pr,precision,recall,true_negatives,true_positives,val_accuracy,val_auc,val_false_negatives,val_false_positives,val_loss,val_pr,val_precision,val_recall,val_true_negatives,val_true_positives
0,0.9102083444595337,0.9692314863204956,204.0,227.0,0.2316403315961361,0.9712930917739868,0.906314492225647,0.9150000214576721,2173.0,2196.0,0.7660064101219177,0.808410108089447,1454.0,885.0,0.49863874120395535,0.6114221215248108,0.5554997324943542,0.4320312440395355,6551.0,1106.0
1,0.9420833587646484,0.9857552647590637,126.0,152.0,0.17794684166709582,0.9863297343254089,0.9373454451560974,0.9474999904632568,2248.0,2274.0,0.7530012130737305,0.80313640832901,1504.0,965.0,0.5117569092680522,0.5952033996582031,0.5225136280059814,0.4124999940395355,6471.0,1056.0
2,0.9547916650772095,0.9910458922386169,110.0,107.0,0.15513011381030084,0.9913651943206787,0.9553608894348145,0.9541666507720947,2293.0,2290.0,0.7627050876617432,0.8055968284606934,1409.0,963.0,0.5002122911370817,0.6145551204681396,0.5444654822349548,0.4496093690395355,6473.0,1151.0
3,0.9606249928474426,0.9950171709060669,85.0,104.0,0.1347503837943077,0.9951988458633423,0.9570070505142212,0.9645833373069763,2296.0,2315.0,0.7785114049911499,0.8160103559494019,1517.0,697.0,0.5034415826839463,0.633694052696228,0.5994253158569336,0.40742188692092896,6739.0,1043.0
4,0.9704166650772095,0.9958177804946899,68.0,74.0,0.12561893430848917,0.9962068796157837,0.969243586063385,0.971666693687439,2326.0,2332.0,0.7728091478347778,0.8110105395317078,1500.0,771.0,0.5187204785707618,0.6277044415473938,0.5789186358451843,0.4140625,6665.0,1060.0
5,0.9743750095367432,0.9971657991409302,52.0,71.0,0.11373669738570849,0.99732905626297,0.970649003982544,0.9783333539962769,2329.0,2348.0,0.7718087434768677,0.8096995949745178,1544.0,737.0,0.5309812375525085,0.6231719255447388,0.5795778632164001,0.3968749940395355,6699.0,1016.0
