,accuracy,auc,false_negatives,false_positives,loss,precision,recall,true_negatives,true_positives,val_accuracy,val_auc,val_false_negatives,val_false_positives,val_loss,val_precision,val_recall,val_true_negatives,val_true_positives
0,0.8424999713897705,0.9280163645744324,343.0,350.0,0.3628879504854029,0.841413676738739,0.8440909385681152,1850.0,1857.0,0.7262822985649109,0.6247336268424988,1130.0,1709.0,0.5495880094679727,0.2214123010635376,0.30074256658554077,7047.0,486.0
1,0.912954568862915,0.9733619093894958,159.0,224.0,0.2703383335200223,0.9011037349700928,0.9277272820472717,1976.0,2041.0,0.6819321513175964,0.6381683349609375,965.0,2334.0,0.6087603202621954,0.2180904597043991,0.4028465449810028,6422.0,651.0
2,0.9381818175315857,0.9863747954368591,97.0,175.0,0.22285187824205918,0.9231782555580139,0.9559090733528137,2025.0,2103.0,0.6789433360099792,0.6229342818260193,1018.0,2312.0,0.6306041535658125,0.20549827814102173,0.37004950642585754,6444.0,598.0
3,0.9472727179527283,0.9899515509605408,89.0,143.0,0.1990980798547918,0.9365572333335876,0.9595454335212708,2057.0,2111.0,0.6933088898658752,0.6152954697608948,1058.0,2123.0,0.631154470125589,0.20813129842281342,0.34529703855514526,6633.0,558.0
4,0.9547727108001709,0.9934282898902893,67.0,132.0,0.17649088594046505,0.9417218565940857,0.9695454835891724,2068.0,2133.0,0.6754724383354187,0.6163954138755798,1030.0,2336.0,0.649210870426868,0.20054757595062256,0.36262375116348267,6420.0,586.0
5,0.9652272462844849,0.9955917000770569,56.0,97.0,0.15857543175870722,0.9567157626152039,0.9745454788208008,2103.0,2144.0,0.7038179636001587,0.6270577907562256,1096.0,1976.0,0.6372963112383517,0.2083333283662796,0.3217821717262268,6780.0,520.0
