,accuracy,auc,false_negatives,false_positives,loss,precision,recall,true_negatives,true_positives,val_accuracy,val_auc,val_false_negatives,val_false_positives,val_loss,val_precision,val_recall,val_true_negatives,val_true_positives
0,0.9085416793823242,0.9679428339004517,230.0,209.0,0.23762076949079833,0.9121479392051697,0.9041666388511658,2191.0,2170.0,0.975712776184082,0.0,0.0,92.0,0.09149778449422077,0.0,0.0,3696.0,0.0
1,0.9414583444595337,0.9854102730751038,132.0,149.0,0.18090573062499365,0.9383533596992493,0.9449999928474426,2251.0,2268.0,0.9920802712440491,0.0,0.0,30.0,0.048023075014824855,0.0,0.0,3758.0,0.0
2,0.9566666483879089,0.9906180500984192,93.0,115.0,0.15604776499172052,0.9525185823440552,0.9612500071525574,2285.0,2307.0,0.9875923991203308,0.0,0.0,47.0,0.07179666213777777,0.0,0.0,3741.0,0.0
3,0.965624988079071,0.9940639734268188,74.0,91.0,0.1360785561054945,0.9623500108718872,0.9691666960716248,2309.0,2326.0,0.9873284101486206,0.0,0.0,48.0,0.06290136002704359,0.0,0.0,3740.0,0.0
4,0.972083330154419,0.9957063794136047,74.0,60.0,0.12608666541675725,0.9748533368110657,0.9691666960716248,2340.0,2326.0,0.9910243153572083,0.0,0.0,34.0,0.050922970319955504,0.0,0.0,3754.0,0.0
5,0.9760416746139526,0.9965049028396606,56.0,59.0,0.11648253629604975,0.9754473567008972,0.9766666889190674,2341.0,2344.0,0.9912883043289185,0.0,0.0,33.0,0.06460006580685108,0.0,0.0,3755.0,0.0
6,0.9820833206176758,0.9983888864517212,37.0,49.0,0.10118914417922496,0.9796848893165588,0.98458331823349,2351.0,2363.0,0.9870644211769104,0.0,0.0,49.0,0.06941223244055901,0.0,0.0,3739.0,0.0
