,accuracy,auc,false_negatives,false_positives,loss,precision,recall,true_negatives,true_positives,val_accuracy,val_auc,val_false_negatives,val_false_positives,val_loss,val_precision,val_recall,val_true_negatives,val_true_positives
0,0.9329545497894287,0.9788489937782288,161.0,134.0,0.1934807287292047,0.9383341073989868,0.9268181920051575,2066.0,2039.0,0.7184293866157532,0.795540988445282,833.0,2021.0,0.5948905002299311,0.5007411241531372,0.7087412476539612,5255.0,2027.0
1,0.9518181681632996,0.9894986748695374,114.0,98.0,0.1496102791211822,0.9551281929016113,0.9481818079948425,2102.0,2086.0,0.7458563446998596,0.814017653465271,1032.0,1544.0,0.5273274109649583,0.5421115159988403,0.6391608119010925,5732.0,1828.0
2,0.962045431137085,0.9936166405677795,85.0,82.0,0.1302049770951271,0.9626764059066772,0.9613636136054993,2118.0,2115.0,0.7385556697845459,0.8030819892883301,981.0,1669.0,0.5520775352487812,0.5295941233634949,0.65699303150177,5607.0,1879.0
3,0.9743182063102722,0.9959946274757385,54.0,59.0,0.11368130185387351,0.9732426404953003,0.975454568862915,2141.0,2146.0,0.7611483931541443,0.7974147200584412,1314.0,1107.0,0.5298599981847671,0.5827365517616272,0.5405594110488892,6169.0,1546.0
4,0.9788636565208435,0.9976940751075745,38.0,55.0,0.1007323000647805,0.9751917123794556,0.9827272891998291,2145.0,2162.0,0.760951042175293,0.7971518039703369,1418.0,1005.0,0.5397514184347362,0.5892930030822754,0.5041958093643188,6271.0,1442.0
5,0.9800000190734863,0.9982048273086548,36.0,52.0,0.09143262692473152,0.9765343070030212,0.9836363792419434,2148.0,2164.0,0.7465469837188721,0.7572917342185974,1409.0,1160.0,0.5965244661849036,0.5557257533073425,0.5073426365852356,6116.0,1451.0
6,0.9856818318367004,0.9987950325012207,23.0,40.0,0.08561408381570469,0.9819576144218445,0.989545464515686,2160.0,2177.0,0.760161817073822,0.7702721357345581,1428.0,1003.0,0.5860196312252893,0.5880903601646423,0.5006992816925049,6273.0,1432.0
