,accuracy,auc,false_negatives,false_positives,loss,precision,recall,true_negatives,true_positives,val_accuracy,val_auc,val_false_negatives,val_false_positives,val_loss,val_precision,val_recall,val_true_negatives,val_true_positives
0,0.8827083110809326,0.952648401260376,304.0,259.0,0.28460331171751024,0.8900212049484253,0.8733333349227905,2141.0,2096.0,0.6890042424201965,0.3499722480773926,1032.0,1604.0,0.8908791261891702,0.038369305431842804,0.058394160121679306,5776.0,64.0
1,0.934166669845581,0.9839783310890198,160.0,156.0,0.19294343228141467,0.9348914623260498,0.9333333373069763,2244.0,2240.0,0.6962010264396667,0.40888381004333496,1032.0,1543.0,0.8108215985460178,0.039825763553380966,0.058394160121679306,5837.0,64.0
2,0.9543750286102295,0.9917351007461548,93.0,126.0,0.15703288719058037,0.9482120871543884,0.9612500071525574,2274.0,2307.0,0.6958470940589905,0.3842151463031769,1063.0,1515.0,0.8335943530054799,0.021317830309271812,0.03010948933660984,5865.0,33.0
3,0.9652083516120911,0.9945459365844727,78.0,89.0,0.13761236630380153,0.9630858302116394,0.9674999713897705,2311.0,2322.0,0.6976168155670166,0.3805391490459442,1059.0,1504.0,0.8297031376371973,0.02401038259267807,0.03375912457704544,5876.0,37.0
4,0.9691666960716248,0.9966096878051758,69.0,79.0,0.12320547451575597,0.967219889163971,0.9712499976158142,2321.0,2331.0,0.6898301243782043,0.38750985264778137,1049.0,1580.0,0.8470999186980719,0.028887523338198662,0.04288320988416672,5800.0,47.0
5,0.9779166579246521,0.9978286623954773,43.0,63.0,0.10933533211549123,0.9739669561386108,0.9820833206176758,2337.0,2357.0,0.6887682676315308,0.3948276937007904,1057.0,1581.0,0.8662132261889675,0.024074073880910873,0.035583943128585815,5799.0,39.0
6,0.9806249737739563,0.9987825751304626,37.0,56.0,0.09803079143166542,0.9768499135971069,0.98458331823349,2344.0,2363.0,0.7052854895591736,0.399861216545105,1055.0,1443.0,0.828880664254765,0.027628032490611076,0.03740875795483589,5937.0,41.0
