,accuracy,auc,false_negatives,false_positives,loss,precision,recall,true_negatives,true_positives,val_accuracy,val_auc,val_false_negatives,val_false_positives,val_loss,val_precision,val_recall,val_true_negatives,val_true_positives
0,0.9489583373069763,0.9885066747665405,104.0,141.0,0.1614739833275477,0.9421419501304626,0.9566666483879089,2259.0,2296.0,0.7878521084785461,0.695990800857544,113.0,610.0,0.8569898861394801,0.13475176692008972,0.45673078298568726,2590.0,95.0
1,0.9577083587646484,0.9912093281745911,88.0,115.0,0.14504674563805262,0.9526163935661316,0.9633333086967468,2285.0,2312.0,0.8418427109718323,0.6927606463432312,135.0,404.0,0.7361800550994738,0.1530398279428482,0.3509615361690521,2796.0,73.0
2,0.965416669845581,0.994067907333374,75.0,91.0,0.1308778922756513,0.9623344540596008,0.96875,2309.0,2325.0,0.8198356628417969,0.6722212433815002,135.0,479.0,0.791685378467533,0.13224637508392334,0.3509615361690521,2721.0,73.0
3,0.9735416769981384,0.9963423013687134,54.0,73.0,0.11222017275790373,0.9698222279548645,0.9775000214576721,2327.0,2346.0,0.8418427109718323,0.689761221408844,139.0,400.0,0.7357342689529831,0.14712153375148773,0.33173078298568726,2800.0,69.0
4,0.9747916460037231,0.9972702860832214,60.0,61.0,0.10697519694765409,0.9745939373970032,0.9750000238418579,2339.0,2340.0,0.8438966870307922,0.683366060256958,137.0,395.0,0.7485753796609914,0.15236051380634308,0.3413461446762085,2805.0,71.0
5,0.9781249761581421,0.9976337552070618,45.0,60.0,0.10242234751582145,0.9751552939414978,0.981249988079071,2340.0,2355.0,0.78022301197052,0.6718051433563232,117.0,632.0,0.9046429563576067,0.12586446106433868,0.4375,2568.0,91.0
6,0.9847916960716248,0.9988058805465698,30.0,43.0,0.08891988282402356,0.9821798801422119,0.987500011920929,2357.0,2370.0,0.8348004817962646,0.6748858094215393,138.0,425.0,0.7774592289622401,0.14141413569450378,0.3365384638309479,2775.0,70.0
7,0.9887499809265137,0.9989902377128601,27.0,27.0,0.0822380984822909,0.9887499809265137,0.9887499809265137,2373.0,2373.0,0.8409624695777893,0.6675525903701782,142.0,400.0,0.7566162676598545,0.14163090288639069,0.3173076808452606,2800.0,66.0
8,0.9887499809265137,0.9991784691810608,19.0,35.0,0.07627438264588515,0.9855132699012756,0.9920833110809326,2365.0,2381.0,0.8215962648391724,0.6637755632400513,136.0,472.0,0.8134897386244205,0.13235294818878174,0.3461538553237915,2728.0,72.0
