,accuracy,auc,false_negatives,false_positives,loss,pr,precision,recall,true_negatives,true_positives,val_accuracy,val_auc,val_false_negatives,val_false_positives,val_loss,val_pr,val_precision,val_recall,val_true_negatives,val_true_positives
0,0.8968750238418579,0.9601954817771912,259.0,236.0,0.2562279725074768,0.9622449278831482,0.900715172290802,0.8920833468437195,2164.0,2141.0,0.9939281940460205,0.0,0.0,23.0,0.021543936716410337,0.0,0.0,0.0,3765.0,0.0
1,0.9320833086967468,0.98308926820755,157.0,169.0,0.17757700329025586,0.984197735786438,0.9299336671829224,0.934583306312561,2231.0,2243.0,0.987856388092041,0.0,0.0,46.0,0.04518596306364539,0.0,0.0,0.0,3742.0,0.0
2,0.949999988079071,0.9893591403961182,114.0,126.0,0.14736247765521207,0.9898659586906433,0.9477611780166626,0.9524999856948853,2274.0,2286.0,0.9841604828834534,0.0,0.0,60.0,0.050533261059644737,0.0,0.0,0.0,3728.0,0.0
3,0.9643750190734863,0.9942536354064941,90.0,81.0,0.11946762782831986,0.9946209192276001,0.9661229848861694,0.9624999761581421,2319.0,2310.0,0.9857444763183594,0.0,0.0,54.0,0.05208723706516822,0.0,0.0,0.0,3734.0,0.0
4,0.971875011920929,0.9964912533760071,68.0,67.0,0.09874199053893487,0.996491014957428,0.9720717072486877,0.971666693687439,2333.0,2332.0,0.9802006483078003,0.0,0.0,75.0,0.07364536372211063,0.0,0.0,0.0,3713.0,0.0
5,0.9762499928474426,0.9976945519447327,55.0,59.0,0.0914306062584122,0.9977883696556091,0.9754575490951538,0.9770833253860474,2341.0,2345.0,0.9902322888374329,0.0,0.0,37.0,0.0376445454178494,0.0,0.0,0.0,3751.0,0.0
