,accuracy,auc,false_negatives,false_positives,loss,pr,precision,recall,true_negatives,true_positives,val_accuracy,val_auc,val_false_negatives,val_false_positives,val_loss,val_pr,val_precision,val_recall,val_true_negatives,val_true_positives
0,0.8659090995788574,0.9375656843185425,286.0,304.0,0.3199376847527244,0.9376173615455627,0.8629395961761475,0.8700000047683716,1896.0,1914.0,0.7590628862380981,0.7490826845169067,935.0,1564.0,0.5735008132489915,0.39864709973335266,0.30334076285362244,0.4214108884334564,7192.0,681.0
1,0.9293181896209717,0.9807384610176086,137.0,174.0,0.1942100889845328,0.9803146123886108,0.9222172498703003,0.9377272725105286,2026.0,2063.0,0.7188584804534912,0.7481324076652527,722.0,2194.0,0.7026712254948291,0.3876762390136719,0.28950777649879456,0.5532178282737732,6562.0,894.0
2,0.9520454406738281,0.9903513789176941,89.0,122.0,0.15031545460224152,0.9898558855056763,0.9453649520874023,0.9595454335212708,2078.0,2111.0,0.738430380821228,0.7138460278511047,937.0,1776.0,0.6568129124716815,0.3746802806854248,0.2765783965587616,0.4201732575893402,6980.0,679.0
3,0.9631817936897278,0.9941770434379578,69.0,93.0,0.12619643067771738,0.9940130114555359,0.9581834673881531,0.9686363339424133,2107.0,2131.0,0.7178943157196045,0.7381162047386169,763.0,2163.0,0.7472083944636241,0.36992347240448,0.28282493352890015,0.5278465151786804,6593.0,853.0
4,0.971818208694458,0.9966195225715637,54.0,70.0,0.10488234999504957,0.9967312812805176,0.9684115648269653,0.975454568862915,2130.0,2146.0,0.7583879828453064,0.7497636675834656,941.0,1565.0,0.6271345991220338,0.39683711528778076,0.3013392984867096,0.4176980257034302,7191.0,675.0
5,0.9781818389892578,0.9979813694953918,36.0,60.0,0.09162376899610866,0.9979310035705566,0.9730215668678284,0.9836363792419434,2140.0,2164.0,0.7566525340080261,0.74098140001297,962.0,1562.0,0.6513296920867946,0.38777637481689453,0.295126348733902,0.40470296144485474,7194.0,654.0
