,accuracy,auc,false_negatives,false_positives,loss,pr,precision,recall,true_negatives,true_positives,val_accuracy,val_auc,val_false_negatives,val_false_positives,val_loss,val_pr,val_precision,val_recall,val_true_negatives,val_true_positives
0,0.9391666650772095,0.980853796005249,127.0,165.0,0.1746851581831773,0.9801737070083618,0.9323215484619141,0.9470833539962769,2235.0,2273.0,0.6992521286010742,0.9548693895339966,9.0,554.0,0.6855955755608714,0.8424878716468811,0.2442019134759903,0.9521276354789734,1130.0,179.0
1,0.9491666555404663,0.989019513130188,115.0,129.0,0.13913787736246983,0.9885960817337036,0.9465616941452026,0.9520833492279053,2271.0,2285.0,0.6928418874740601,0.9578132629394531,9.0,566.0,0.7325229252505506,0.8362149000167847,0.24026845395565033,0.9521276354789734,1118.0,179.0
2,0.9643750190734863,0.9941599369049072,68.0,103.0,0.10873984658469757,0.9938826560974121,0.9577001929283142,0.971666693687439,2297.0,2332.0,0.5224359035491943,0.9518938660621643,2.0,892.0,1.3222305519968016,0.7131068110466003,0.17254173755645752,0.9893617033958435,792.0,186.0
3,0.9704166650772095,0.995554506778717,64.0,78.0,0.09828636775414148,0.9951511025428772,0.9676885008811951,0.9733333587646484,2322.0,2336.0,0.6367521286010742,0.9618782997131348,2.0,678.0,0.9340383293282273,0.7987585067749023,0.2152777761220932,0.9893617033958435,1006.0,186.0
4,0.9789583086967468,0.9976462125778198,48.0,53.0,0.07987760317201416,0.9971734285354614,0.9779625535011292,0.9800000190734863,2347.0,2352.0,0.5892093777656555,0.9591745734214783,1.0,768.0,1.1353580401493952,0.7651355266571045,0.19581152498722076,0.9946808218955994,916.0,187.0
5,0.9825000166893005,0.9981213212013245,37.0,47.0,0.07273872344444196,0.997596025466919,0.9804978966712952,0.98458331823349,2353.0,2363.0,0.6191239356994629,0.9603084921836853,2.0,711.0,1.015814190236931,0.7825366258621216,0.20735785365104675,0.9893617033958435,973.0,186.0
