,accuracy,auc,false_negatives,false_positives,loss,pr,precision,recall,true_negatives,true_positives,val_accuracy,val_auc,val_false_negatives,val_false_positives,val_loss,val_pr,val_precision,val_recall,val_true_negatives,val_true_positives
0,0.9439583420753479,0.986498236656189,126.0,143.0,0.14991400765875976,0.9861984252929688,0.9408357739448547,0.9474999904632568,2257.0,2274.0,0.8353873491287231,0.6682902574539185,133.0,428.0,0.9381623326192999,0.1094246357679367,0.14910537004470825,0.36057692766189575,2772.0,75.0
1,0.9647916555404663,0.9942521452903748,63.0,106.0,0.1095549205938975,0.9940705299377441,0.9566107392311096,0.9737499952316284,2294.0,2337.0,0.8171948194503784,0.652402400970459,122.0,501.0,0.98971450230885,0.10872951149940491,0.14650766551494598,0.4134615361690521,2699.0,86.0
2,0.9683333039283752,0.9963169097900391,65.0,87.0,0.09469885331888994,0.9964725971221924,0.9640792608261108,0.9729166626930237,2313.0,2335.0,0.7643779516220093,0.6738303899765015,103.0,700.0,1.1825510091345075,0.11596650630235672,0.1304347813129425,0.504807710647583,2500.0,105.0
3,0.9806249737739563,0.9981117844581604,40.0,53.0,0.07595611025889715,0.9981174468994141,0.9780356287956238,0.9833333492279053,2347.0,2360.0,0.8227699398994446,0.6642652750015259,122.0,482.0,0.9893591483713875,0.10947256535291672,0.15140844881534576,0.4134615361690521,2718.0,86.0
4,0.9837499856948853,0.9989015460014343,25.0,53.0,0.06973357267677784,0.9989142417907715,0.9781713485717773,0.9895833134651184,2347.0,2375.0,0.795187771320343,0.6595748066902161,114.0,584.0,1.0975071908862377,0.1105743795633316,0.1386430710554123,0.45192307233810425,2616.0,94.0
5,0.9897916913032532,0.9995180368423462,16.0,33.0,0.05719426064441602,0.9995173215866089,0.9863467216491699,0.9933333396911621,2367.0,2384.0,0.7925469279289246,0.6284345984458923,119.0,588.0,1.1321250460517238,0.10429564118385315,0.13146233558654785,0.42788460850715637,2612.0,89.0
