,accuracy,auc,false_negatives,false_positives,loss,pr,precision,recall,true_negatives,true_positives,val_accuracy,val_auc,val_false_negatives,val_false_positives,val_loss,val_pr,val_precision,val_recall,val_true_negatives,val_true_positives
0,0.9340909123420715,0.9801403284072876,152.0,138.0,0.17762728065252303,0.9807804822921753,0.9368709921836853,0.9309090971946716,2062.0,2048.0,0.7706195712089539,0.8644704222679138,591.0,1734.0,0.5855628142181869,0.6961838603019714,0.5668248534202576,0.7933566570281982,5542.0,2269.0
1,0.9661363363265991,0.9937505125999451,72.0,77.0,0.10924647911028429,0.9934919476509094,0.9650793671607971,0.9672726988792419,2123.0,2128.0,0.7869968414306641,0.8466221690177917,1238.0,921.0,0.5420020858932878,0.6656415462493896,0.6378293633460999,0.5671328902244568,6355.0,1622.0
2,0.9745454788208008,0.9970947504043579,47.0,65.0,0.08571269624612549,0.9971414804458618,0.9706943035125732,0.9786363840103149,2135.0,2153.0,0.7867008447647095,0.8450334668159485,1145.0,1017.0,0.5455057883036823,0.6790940761566162,0.6277452707290649,0.5996503233909607,6259.0,1715.0
3,0.9813636541366577,0.9984802007675171,35.0,47.0,0.07188641228459099,0.9984713196754456,0.9787522554397583,0.9840909242630005,2153.0,2165.0,0.7832478284835815,0.8444997668266296,1136.0,1061.0,0.5644155885162745,0.669191837310791,0.6190305352210999,0.6027972102165222,6215.0,1724.0
4,0.9850000143051147,0.9989029765129089,27.0,39.0,0.06382803186774254,0.9989580512046814,0.9823688864707947,0.9877272844314575,2161.0,2173.0,0.7893646359443665,0.8467451333999634,1133.0,1002.0,0.546021350298515,0.6765308976173401,0.6328325271606445,0.6038461327552795,6274.0,1727.0
5,0.9904545545578003,0.9996960163116455,17.0,25.0,0.05140862890265205,0.9996997117996216,0.9886775612831116,0.9922727346420288,2175.0,2183.0,0.7833464741706848,0.850601077079773,994.0,1202.0,0.5605011007968328,0.6803022623062134,0.6082138419151306,0.6524475812911987,6074.0,1866.0
6,0.991136372089386,0.9994563460350037,12.0,27.0,0.052330296344377775,0.9994480609893799,0.9878103733062744,0.9945454597473145,2173.0,2188.0,0.7790055274963379,0.835743248462677,1175.0,1065.0,0.5834077314165698,0.666118860244751,0.6127272844314575,0.5891608595848083,6211.0,1685.0
