,accuracy,auc,false_negatives,false_positives,loss,pr,precision,recall,true_negatives,true_positives,val_accuracy,val_auc,val_false_negatives,val_false_positives,val_loss,val_pr,val_precision,val_recall,val_true_negatives,val_true_positives
0,0.9225000143051147,0.97286456823349,188.0,184.0,0.20852698812882106,0.9742791056632996,0.9232053160667419,0.92166668176651,2216.0,2212.0,0.9965680837631226,0.0,0.0,13.0,0.023303882183493316,0.0,0.0,0.0,3775.0,0.0
1,0.9570833444595337,0.9899044632911682,97.0,109.0,0.13322347082197666,0.9905505776405334,0.954809308052063,0.9595833420753479,2291.0,2303.0,0.9862724542617798,0.0,0.0,52.0,0.03709129360356932,0.0,0.0,0.0,3736.0,0.0
2,0.965416669845581,0.9940235018730164,78.0,88.0,0.10960826460272073,0.9940472841262817,0.9634854793548584,0.9674999713897705,2312.0,2322.0,0.9904962778091431,0.0,0.0,36.0,0.02846112599770451,0.0,0.0,0.0,3752.0,0.0
3,0.9743750095367432,0.9964656829833984,60.0,63.0,0.09263908006250858,0.9964627027511597,0.9737827777862549,0.9750000238418579,2337.0,2340.0,0.9920802712440491,0.0,0.0,30.0,0.025120909872574,0.0,0.0,0.0,3758.0,0.0
4,0.9789583086967468,0.997756838798523,55.0,46.0,0.07969137612730265,0.9976606965065002,0.9807611703872681,0.9770833253860474,2354.0,2345.0,0.9862724542617798,0.0,0.0,52.0,0.04111286790140658,0.0,0.0,0.0,3736.0,0.0
5,0.9850000143051147,0.9989259243011475,34.0,38.0,0.06794738565261166,0.9989303946495056,0.9841930270195007,0.9858333468437195,2362.0,2366.0,0.9904962778091431,0.0,0.0,36.0,0.033288281267841266,0.0,0.0,0.0,3752.0,0.0
