,accuracy,auc,false_negatives,false_positives,loss,pr,precision,recall,true_negatives,true_positives,val_accuracy,val_auc,val_false_negatives,val_false_positives,val_loss,val_pr,val_precision,val_recall,val_true_negatives,val_true_positives
0,0.9043750166893005,0.9652708172798157,224.0,235.0,0.23725800894200802,0.9607251882553101,0.9025300741195679,0.9066666960716248,2165.0,2176.0,0.6936054825782776,0.30026233196258545,1085.0,1512.0,1.1258112358113064,0.08547071367502213,0.007222586777061224,0.010036496445536613,5868.0,11.0
1,0.9554166793823242,0.990882158279419,93.0,121.0,0.1335709383835395,0.9906875491142273,0.9501647353172302,0.9612500071525574,2279.0,2307.0,0.7088249325752258,0.277657687664032,1083.0,1385.0,1.18471657256576,0.08303826302289963,0.009298998862504959,0.011861314065754414,5995.0,13.0
2,0.9693750143051147,0.9958016872406006,61.0,86.0,0.10128221223751704,0.9955798387527466,0.9645360708236694,0.9745833277702332,2314.0,2339.0,0.7064653038978577,0.2748534679412842,1076.0,1412.0,1.1990708249984567,0.08275974541902542,0.013966480270028114,0.018248174339532852,5968.0,20.0
3,0.9772916436195374,0.9973385334014893,46.0,63.0,0.08739125614364941,0.9972343444824219,0.9739346504211426,0.9808333516120911,2337.0,2354.0,0.7294714450836182,0.29918181896209717,1081.0,1212.0,1.1640681115002383,0.08529819548130035,0.012224938720464706,0.013686131685972214,6168.0,15.0
4,0.9858333468437195,0.9987462759017944,30.0,38.0,0.06990176886320114,0.9986994862556458,0.9842192530632019,0.987500011920929,2362.0,2370.0,0.6966729760169983,0.3012869954109192,1087.0,1484.0,1.2222729003783834,0.08565819263458252,0.006028131116181612,0.008211678825318813,5896.0,9.0
5,0.9883333444595337,0.9992961883544922,24.0,32.0,0.05991581985106071,0.9992661476135254,0.9867109656333923,0.9900000095367432,2368.0,2376.0,0.7131901979446411,0.3072538673877716,1069.0,1362.0,1.1494592040031797,0.08608197420835495,0.019438445568084717,0.024635037407279015,6018.0,27.0
