,accuracy,auc,false_negatives,false_positives,loss,pr,precision,recall,true_negatives,true_positives,val_accuracy,val_auc,val_false_negatives,val_false_positives,val_loss,val_pr,val_precision,val_recall,val_true_negatives,val_true_positives
0,0.9262499809265137,0.9786643981933594,155.0,199.0,0.191886209299167,0.9779094457626343,0.9185761213302612,0.9354166388511658,2201.0,2245.0,0.8151408433914185,0.6591037511825562,126.0,504.0,0.8937844755783887,0.11227886378765106,0.13993173837661743,0.39423078298568726,2696.0,82.0
1,0.9487500190734863,0.9881722927093506,106.0,140.0,0.1505366931607326,0.9876434803009033,0.942481517791748,0.9558333158493042,2260.0,2294.0,0.7617371082305908,0.6703687906265259,100.0,712.0,1.0434411722169796,0.11838601529598236,0.1317073106765747,0.5192307829856873,2488.0,108.0
2,0.9587500095367432,0.9924706220626831,83.0,115.0,0.12827503107488156,0.99235600233078,0.9527137875556946,0.965416669845581,2285.0,2317.0,0.79841548204422,0.6606287360191345,112.0,575.0,0.9474301378771732,0.11476670205593109,0.1430700421333313,0.4615384638309479,2625.0,96.0
3,0.9637500047683716,0.9945052266120911,75.0,99.0,0.11499461942662795,0.9943894743919373,0.9591584205627441,0.96875,2301.0,2325.0,0.7769953012466431,0.6589543223381042,110.0,650.0,1.0150734824194034,0.1153835654258728,0.13101604580879211,0.4711538553237915,2550.0,98.0
4,0.9702083468437195,0.9966736435890198,56.0,87.0,0.09913584373891354,0.9966638088226318,0.9642122387886047,0.9766666889190674,2313.0,2344.0,0.8125,0.654984176158905,117.0,522.0,0.9280248955941536,0.11232511699199677,0.14845024049282074,0.4375,2678.0,91.0
5,0.9772916436195374,0.997643768787384,47.0,62.0,0.08948306949188312,0.9976464509963989,0.9743271470069885,0.9804166555404663,2338.0,2353.0,0.7931337952613831,0.6517630815505981,118.0,587.0,0.9866383468880899,0.11231346428394318,0.1329394429922104,0.4326923191547394,2613.0,90.0
