,accuracy,auc,false_negatives,false_positives,loss,pr,precision,recall,true_negatives,true_positives,val_accuracy,val_auc,val_false_negatives,val_false_positives,val_loss,val_pr,val_precision,val_recall,val_true_negatives,val_true_positives
0,0.9235416650772095,0.9702128171920776,172.0,195.0,0.22411054581403733,0.9649319648742676,0.9195212721824646,0.9283333420753479,2205.0,2228.0,0.6720085740089417,0.959430456161499,4.0,610.0,0.8117558895013272,0.75946044921875,0.23173803091049194,0.978723406791687,1074.0,184.0
1,0.9447916746139526,0.9847394227981567,125.0,140.0,0.16876157636443773,0.9805818200111389,0.9420289993286133,0.9479166865348816,2260.0,2275.0,0.6629273295402527,0.960591197013855,3.0,628.0,0.7958997763120211,0.7793810963630676,0.22755227982997894,0.9840425252914429,1056.0,185.0
2,0.950208306312561,0.9883340001106262,111.0,128.0,0.1502022697776556,0.9847157597541809,0.9470418095588684,0.9537500143051147,2272.0,2289.0,0.8338675498962402,0.9720222353935242,5.0,306.0,0.43248037522674626,0.8595580458641052,0.3742331266403198,0.9734042286872864,1378.0,183.0
3,0.9614583253860474,0.9917082190513611,81.0,104.0,0.13018004378924766,0.9884676337242126,0.9570779800415039,0.9662500023841858,2296.0,2319.0,0.6645299196243286,0.9606401920318604,3.0,625.0,0.7844647291379098,0.8051917552947998,0.22839505970478058,0.9840425252914429,1059.0,185.0
4,0.9660416841506958,0.9932389259338379,76.0,87.0,0.11860379407803218,0.990415632724762,0.9639154076576233,0.9683333039283752,2313.0,2324.0,0.6725427508354187,0.9650543928146362,2.0,611.0,0.7523390813770457,0.840091347694397,0.2333751618862152,0.9893617033958435,1073.0,186.0
5,0.9758333563804626,0.9961338043212891,43.0,73.0,0.0984151728451252,0.9936274290084839,0.9699588418006897,0.9820833206176758,2327.0,2357.0,0.6111111044883728,0.9618846774101257,1.0,727.0,0.9261361890368991,0.792560875415802,0.2045951932668686,0.9946808218955994,957.0,187.0
6,0.9787499904632568,0.9969332218170166,45.0,57.0,0.09108629406740268,0.9948702454566956,0.9763681888580322,0.981249988079071,2343.0,2355.0,0.7232906222343445,0.9619368314743042,5.0,513.0,0.5895546700200464,0.8471478819847107,0.26293104887008667,0.9734042286872864,1171.0,183.0
7,0.9816666841506958,0.9975274205207825,35.0,53.0,0.08235717866569757,0.9960243701934814,0.9780810475349426,0.9854166507720947,2347.0,2365.0,0.5571581125259399,0.9596372842788696,0.0,829.0,1.0603450755787711,0.7954730987548828,0.18485742807388306,1.0,855.0,188.0
