,accuracy,auc,false_negatives,false_positives,loss,pr,precision,recall,true_negatives,true_positives,val_accuracy,val_auc,val_false_negatives,val_false_positives,val_loss,val_pr,val_precision,val_recall,val_true_negatives,val_true_positives
0,0.8889583349227905,0.9535964727401733,273.0,260.0,0.2768665406604608,0.9556862115859985,0.8910766839981079,0.8862500190734863,2140.0,2127.0,0.8028913736343384,0.8582252860069275,180.0,938.0,0.49603781713585254,0.578840970993042,0.4055766761302948,0.7804877758026123,3914.0,640.0
1,0.9264583587646484,0.9798035621643066,173.0,180.0,0.1878019062181314,0.9801788330078125,0.9252181053161621,0.9279166460037231,2220.0,2227.0,0.8575458526611328,0.8688955903053284,247.0,561.0,0.3773641514845392,0.6091067790985107,0.5052909851074219,0.6987804770469666,4291.0,573.0
2,0.9516666531562805,0.9889222383499146,110.0,122.0,0.14650568820536136,0.9895291924476624,0.9494195580482483,0.9541666507720947,2278.0,2290.0,0.8321579694747925,0.8739529848098755,186.0,766.0,0.45342488542766596,0.5915431976318359,0.4528571367263794,0.7731707096099854,4086.0,634.0
3,0.9629166722297668,0.9934663772583008,90.0,88.0,0.12181283044318358,0.9941383600234985,0.963302731513977,0.9624999761581421,2312.0,2310.0,0.8515514731407166,0.8619347810745239,234.0,608.0,0.41568197824891095,0.566489040851593,0.4907872676849365,0.714634120464325,4244.0,586.0
4,0.9670833349227905,0.9954555630683899,71.0,87.0,0.10739200450479984,0.995725691318512,0.9639900922775269,0.9704166650772095,2313.0,2329.0,0.8482016921043396,0.8423110842704773,313.0,548.0,0.4133588588876684,0.5535538196563721,0.48056870698928833,0.6182926893234253,4304.0,507.0
5,0.9731249809265137,0.9970920085906982,59.0,70.0,0.09481398984789849,0.9973143935203552,0.9709663987159729,0.9754166603088379,2330.0,2341.0,0.8187587857246399,0.8354403972625732,299.0,729.0,0.48388622640218315,0.5111491680145264,0.41679999232292175,0.6353658437728882,4123.0,521.0
6,0.9777083396911621,0.9980913996696472,49.0,58.0,0.08315482595314583,0.9981759190559387,0.9759235978126526,0.9795833230018616,2342.0,2351.0,0.8374471068382263,0.8561789989471436,277.0,645.0,0.4227160341901066,0.5394718647003174,0.4570707082748413,0.6621951460838318,4207.0,543.0
