,accuracy,auc,false_negatives,false_positives,loss,precision,recall,true_negatives,true_positives,val_accuracy,val_auc,val_false_negatives,val_false_positives,val_loss,val_precision,val_recall,val_true_negatives,val_true_positives
0,0.8822916746139526,0.9474053978919983,291.0,274.0,0.2956184489528338,0.8850188851356506,0.8787500262260437,2126.0,2109.0,0.8335683941841125,0.858130931854248,263.0,681.0,0.3848305595106063,0.4499192237854004,0.6792683005332947,4171.0,557.0
1,0.9102083444595337,0.969424843788147,211.0,220.0,0.22841917316118876,0.9086757898330688,0.9120833277702332,2180.0,2189.0,0.8554301857948303,0.8497610092163086,333.0,487.0,0.3747404092457802,0.5,0.5939024686813354,4365.0,487.0
2,0.9275000095367432,0.9784573912620544,163.0,185.0,0.19695214147369067,0.9236168265342712,0.9320833086967468,2215.0,2237.0,0.8654795289039612,0.8523085713386536,346.0,417.0,0.3506646230711755,0.5319865345954895,0.5780487656593323,4435.0,474.0
3,0.9410416483879089,0.9845137000083923,142.0,141.0,0.17442459985613823,0.941225528717041,0.940833330154419,2259.0,2258.0,0.8820521831512451,0.8719093799591064,354.0,315.0,0.30387573471694806,0.596670925617218,0.5682926774024963,4537.0,466.0
4,0.9449999928474426,0.9876714944839478,135.0,129.0,0.15930052724977334,0.9461153149604797,0.9437500238418579,2271.0,2265.0,0.8393864631652832,0.823198676109314,339.0,572.0,0.41265590940779456,0.45679011940956116,0.5865853428840637,4280.0,481.0
5,0.9539583325386047,0.9904934763908386,101.0,120.0,0.14576957531273366,0.9503927230834961,0.9579166769981384,2280.0,2299.0,0.842383623123169,0.8283360600471497,334.0,560.0,0.40625570214265494,0.46462714672088623,0.5926828980445862,4292.0,486.0
6,0.9558333158493042,0.9916067719459534,89.0,123.0,0.13765609085559846,0.9494658708572388,0.9629166722297668,2277.0,2311.0,0.8734132647514343,0.8630125522613525,358.0,360.0,0.33498938980660753,0.5620437860488892,0.5634146332740784,4492.0,462.0
7,0.9591666460037231,0.9931728839874268,88.0,108.0,0.12917340492208798,0.9553719162940979,0.9633333086967468,2292.0,2312.0,0.8504936695098877,0.8416147232055664,360.0,488.0,0.39141389516370084,0.48523205518722534,0.5609756112098694,4364.0,460.0
8,0.9618750214576721,0.9939268231391907,83.0,100.0,0.1232307497660319,0.958626389503479,0.965416669845581,2300.0,2317.0,0.8712975978851318,0.8601874709129333,331.0,399.0,0.34468567097094566,0.5506756901741028,0.5963414907455444,4453.0,489.0
