,accuracy,auc,false_negatives,false_positives,loss,precision,recall,true_negatives,true_positives,val_accuracy,val_auc,val_false_negatives,val_false_positives,val_loss,val_precision,val_recall,val_true_negatives,val_true_positives
0,0.8581818342208862,0.93900465965271,281.0,343.0,0.31414702101187275,0.8483642935752869,0.8722727298736572,1857.0,1919.0,0.8679136037826538,0.7423296570777893,1109.0,261.0,0.4947660865928048,0.66015625,0.3137376308441162,8495.0,507.0
1,0.9156818389892578,0.97144615650177,158.0,213.0,0.22505617163398048,0.9055432081222534,0.9281818270683289,1987.0,2042.0,0.785576581954956,0.7811868190765381,797.0,1427.0,0.49288205946682506,0.3646482527256012,0.5068069100379944,7329.0,819.0
2,0.9315909147262573,0.9811719655990601,112.0,189.0,0.19227504990317604,0.9169960618019104,0.9490908980369568,2011.0,2088.0,0.8273235559463501,0.7463197112083435,905.0,886.0,0.5064387391811626,0.4452097713947296,0.4399752616882324,7870.0,711.0
3,0.9397727251052856,0.9854066967964172,104.0,161.0,0.17538040635260668,0.928666353225708,0.9527272582054138,2039.0,2096.0,0.7437331080436707,0.8124798536300659,415.0,2243.0,0.6795427322989661,0.3487224280834198,0.7431930899620056,6513.0,1201.0
4,0.9522727131843567,0.9902889132499695,70.0,140.0,0.15282670012929223,0.9383260011672974,0.9681817889213562,2060.0,2130.0,0.7625337243080139,0.7757135629653931,736.0,1727.0,0.5641517032884604,0.3375527560710907,0.5445544719696045,7029.0,880.0
5,0.9572727084159851,0.99162358045578,78.0,110.0,0.14211051014336673,0.9507168531417847,0.9645454287528992,2090.0,2122.0,0.722329318523407,0.7655467391014099,587.0,2293.0,0.7160945554934457,0.3097531497478485,0.6367574334144592,6463.0,1029.0
6,0.9615908861160278,0.9934119582176208,63.0,106.0,0.1308140496232293,0.9527418613433838,0.9713636636734009,2094.0,2137.0,0.7880833148956299,0.7679122090339661,809.0,1389.0,0.5396559821298821,0.3674863278865814,0.4993811845779419,7367.0,807.0
