,accuracy,auc,false_negatives,false_positives,loss,pr,precision,recall,true_negatives,true_positives,val_accuracy,val_auc,val_false_negatives,val_false_positives,val_loss,val_pr,val_precision,val_recall,val_true_negatives,val_true_positives
0,0.893541693687439,0.9614329934120178,259.0,252.0,0.25389795397718745,0.9608455896377563,0.8946928381919861,0.8920833468437195,2148.0,2141.0,0.7202690243721008,0.3167051672935486,1087.0,1284.0,0.9699978892282249,0.08731524646282196,0.0069605568423867226,0.008211678825318813,6096.0,9.0
1,0.9452083110809326,0.9875411987304688,135.0,128.0,0.16524096501370272,0.987689733505249,0.9465106725692749,0.9437500238418579,2272.0,2265.0,0.7248702049255371,0.3047410547733307,1087.0,1245.0,0.9640888078924956,0.08584122359752655,0.007177033461630344,0.008211678825318813,6135.0,9.0
2,0.9610416889190674,0.9933807253837585,87.0,100.0,0.1321171035369237,0.9933503866195679,0.9585577845573425,0.9637500047683716,2300.0,2313.0,0.7295894026756287,0.2815485894680023,1071.0,1221.0,1.0289742470406429,0.08339141309261322,0.020064204931259155,0.02281021885573864,6159.0,25.0
3,0.9681249856948853,0.9953343868255615,70.0,83.0,0.11593755354483923,0.9950829744338989,0.9656029939651489,0.9708333611488342,2317.0,2330.0,0.6864086985588074,0.2907348871231079,1074.0,1584.0,1.06324607489693,0.08430855721235275,0.013698630034923553,0.020072992891073227,5796.0,22.0
4,0.9781249761581421,0.998089075088501,52.0,53.0,0.09390010207891464,0.9981399774551392,0.9779258370399475,0.9783333539962769,2347.0,2348.0,0.7410334944725037,0.3134247362613678,1076.0,1119.0,0.9834262475251814,0.08678454905748367,0.017559261992573738,0.018248174339532852,6261.0,20.0
5,0.9789583086967468,0.998321533203125,41.0,60.0,0.08757347460836172,0.9983049631118774,0.975196361541748,0.9829166531562805,2340.0,2359.0,0.7186172604560852,0.2958207428455353,1066.0,1319.0,1.0500532391500002,0.08487061411142349,0.02223869599401951,0.027372263371944427,6061.0,30.0
6,0.9870833158493042,0.9990947246551514,29.0,33.0,0.07400917900105318,0.9990843534469604,0.9862728714942932,0.9879166483879089,2367.0,2371.0,0.7107126116752625,0.2953084409236908,1064.0,1388.0,1.063663221364766,0.08482449501752853,0.022535210475325584,0.029197080060839653,5992.0,32.0
