,accuracy,auc,false_negatives,false_positives,loss,precision,recall,true_negatives,true_positives,val_accuracy,val_auc,val_false_negatives,val_false_positives,val_loss,val_precision,val_recall,val_true_negatives,val_true_positives
0,0.9066666960716248,0.9692854285240173,246.0,202.0,0.23183519641558328,0.9142614603042603,0.8974999785423279,2198.0,2154.0,0.9883843660354614,0.0,0.0,44.0,0.039401473597463106,0.0,0.0,3744.0,0.0
1,0.9452083110809326,0.9876970052719116,130.0,133.0,0.16521711726983387,0.9446524977684021,0.9458333253860474,2267.0,2270.0,0.9820485711097717,0.0,0.0,68.0,0.07698750844443612,0.0,0.0,3720.0,0.0
2,0.9581249952316284,0.9924443960189819,96.0,105.0,0.13800506338477134,0.9564134478569031,0.9599999785423279,2295.0,2304.0,0.989176332950592,0.0,0.0,41.0,0.06220433167491694,0.0,0.0,3747.0,0.0
3,0.9683333039283752,0.9957113265991211,77.0,75.0,0.11551912412047387,0.9687239527702332,0.9679166674613953,2325.0,2323.0,0.9812566041946411,0.0,0.0,71.0,0.07700000302875935,0.0,0.0,3717.0,0.0
4,0.9768750071525574,0.997322678565979,44.0,67.0,0.1014549279709657,0.9723483324050903,0.9816666841506958,2333.0,2356.0,0.985216498374939,0.0,0.0,56.0,0.0626138657362937,0.0,0.0,3732.0,0.0
5,0.9793750047683716,0.9984532594680786,45.0,54.0,0.08968147921065489,0.9775840640068054,0.981249988079071,2346.0,2355.0,0.9746568202972412,0.0,0.0,96.0,0.08973319010283905,0.0,0.0,3692.0,0.0
