,Loss,Accuracy
0,0.18886888947486877,0.9438999891281128
1,0.07646590583482757,0.9761999845504761
