,Loss,Accuracy
0,0.17091918449699878,0.949400007724762
1,0.09443684310773387,0.9710000157356262
