,Loss,Accuracy
0,0.18618107194155456,0.9460999965667725
1,0.08797333406032995,0.9729999899864197
