,Loss,Accuracy
0,0.14128637148067355,0.9577000141143799
1,0.08043515071477741,0.9746999740600586
