,Loss,Accuracy
0,0.14617623946592212,0.9546999931335449
1,0.08236655440591276,0.9753999710083008
