,FN,FP,TN,TP,accuracy,loss,val_FN,val_FP,val_TN,val_TP,val_accuracy,val_loss,Session
0,4.670000076293945,5.71999979019165,10.279999732971191,11.329999923706055,0.6734374761581421,0.6087839344143867,2.54347825050354,6.543478488922119,13.891304016113281,9.02173900604248,0.6864809989929199,0.579808736624925,1
1,2.25,2.809999942779541,13.1899995803833,13.75,0.8432812690734863,0.3626267011463642,9.32608699798584,0.5,19.934782028198242,2.2391304969787598,0.6942934989929199,0.864493300733359,1
2,1.4600000381469727,1.8200000524520874,14.180000305175781,14.539999961853027,0.9003124833106995,0.24919243194162846,9.6304349899292,0.5869565010070801,19.84782600402832,1.93478262424469,0.681046187877655,1.2241293438102887,1
3,1.090000033378601,1.2300000190734863,14.770000457763672,14.90999984741211,0.9287499785423279,0.18035741664469243,5.217391490936279,3.45652174949646,16.978260040283203,6.34782600402832,0.727921187877655,0.7731234586757162,1
4,0.8100000023841858,0.8799999952316284,15.119999885559082,15.1899995803833,0.9471874833106995,0.135569392926991,4.369565010070801,5.195652008056641,15.239130020141602,7.195652008056641,0.698369562625885,0.8722137478382691,1
5,0.46000000834465027,0.6200000047683716,15.380000114440918,15.539999961853027,0.965624988079071,0.0963224427588284,4.58695650100708,4.369565010070801,16.065217971801758,6.9782609939575195,0.717391312122345,0.9303169350909151,1
