,accuracy,auc,false_negatives,false_positives,loss,precision,recall,true_negatives,true_positives,val_accuracy,val_auc,val_false_negatives,val_false_positives,val_loss,val_precision,val_recall,val_true_negatives,val_true_positives
0,0.9052083492279053,0.9624112248420715,228.0,227.0,0.24869961867729823,0.9053772687911987,0.9049999713897705,2173.0,2172.0,0.8742947578430176,0.8593766689300537,371.0,342.0,0.3123685043562619,0.5676358938217163,0.54756098985672,4510.0,449.0
1,0.9458333253860474,0.9886388182640076,131.0,129.0,0.1599953961620728,0.946205198764801,0.9454166889190674,2271.0,2269.0,0.8788787126541138,0.8542410731315613,414.0,273.0,0.31323766224979516,0.5979381203651428,0.49512195587158203,4579.0,406.0
2,0.9608333110809326,0.9931180477142334,87.0,101.0,0.13360898983975253,0.9581607580184937,0.9637500047683716,2299.0,2313.0,0.8173483610153198,0.8701986074447632,191.0,845.0,0.40031413139173777,0.4267299771308899,0.7670731544494629,4007.0,629.0
3,0.9725000262260437,0.9958090782165527,63.0,69.0,0.11181644342839718,0.971321702003479,0.9737499952316284,2331.0,2337.0,0.8362129926681519,0.8586467504501343,264.0,665.0,0.36541056170618247,0.455364465713501,0.6780487895011902,4187.0,556.0
4,0.9785416722297668,0.9977534413337708,54.0,49.0,0.0948313414802154,0.9795407056808472,0.9775000214576721,2351.0,2346.0,0.8596615195274353,0.8497216701507568,377.0,419.0,0.3363101047336299,0.5139211416244507,0.540243923664093,4433.0,443.0
5,0.9856250286102295,0.9988488554954529,33.0,36.0,0.0789801225438714,0.9850187301635742,0.9862499833106995,2364.0,2367.0,0.83991539478302,0.8365733623504639,355.0,553.0,0.3737214508614856,0.45677798986434937,0.5670731663703918,4299.0,465.0
