,accuracy,auc,false_negatives,false_positives,loss,pr,precision,recall,true_negatives,true_positives,val_accuracy,val_auc,val_false_negatives,val_false_positives,val_loss,val_pr,val_precision,val_recall,val_true_negatives,val_true_positives
0,0.8759090900421143,0.9399254322052002,247.0,299.0,0.3130029433965683,0.9341099858283997,0.8672291040420532,0.8877272605895996,1901.0,1953.0,0.7986887693405151,0.7528330087661743,915.0,1173.0,0.541162585894941,0.44843897223472595,0.37406617403030396,0.43378713726997375,7583.0,701.0
1,0.9340909123420715,0.9807522892951965,101.0,189.0,0.1869460317492485,0.9778944849967957,0.9173951148986816,0.9540908932685852,2011.0,2099.0,0.7814307808876038,0.7063755393028259,973.0,1294.0,0.6234882754039176,0.39206379652023315,0.3319566249847412,0.39789605140686035,7462.0,643.0
2,0.949999988079071,0.9900705218315125,97.0,123.0,0.1469098850678314,0.9898016452789307,0.9447439312934875,0.9559090733528137,2077.0,2103.0,0.7402622699737549,0.7078886032104492,853.0,1841.0,0.7524818715413496,0.3806324303150177,0.29301074147224426,0.4721534550189972,6915.0,763.0
3,0.9634090662002563,0.9942116737365723,61.0,100.0,0.11998948303135959,0.9939791560173035,0.9553372263908386,0.9722727537155151,2100.0,2139.0,0.7734284400939941,0.6734216213226318,959.0,1391.0,0.6809983153716506,0.40333205461502075,0.32080078125,0.40655940771102905,7365.0,657.0
4,0.9765909314155579,0.9973808526992798,38.0,65.0,0.09480240645733747,0.9973440170288086,0.9708127379417419,0.9827272891998291,2135.0,2162.0,0.7766100764274597,0.6718981266021729,961.0,1356.0,0.6979208218312337,0.3950774073600769,0.3257085978984833,0.40532177686691284,7400.0,655.0
5,0.9827272891998291,0.9988160729408264,24.0,52.0,0.07821930595419624,0.9987873435020447,0.9766606688499451,0.9890909194946289,2148.0,2176.0,0.7659082412719727,0.6985202431678772,946.0,1482.0,0.7017795146775898,0.3938795328140259,0.31133827567100525,0.41460394859313965,7274.0,670.0
