,accuracy,auc,false_negatives,false_positives,loss,precision,recall,true_negatives,true_positives,val_accuracy,val_auc,val_false_negatives,val_false_positives,val_loss,val_precision,val_recall,val_true_negatives,val_true_positives
0,0.7827083468437195,0.8534082770347595,535.0,508.0,0.5135542266567548,0.7859249711036682,0.7770833373069763,1892.0,1865.0,0.7788461446762085,0.9261700510978699,19.0,395.0,0.5138988538175566,0.29964539408683777,0.8989361524581909,1289.0,169.0
1,0.8712499737739563,0.9456671476364136,322.0,296.0,0.30538467059532803,0.8753159046173096,0.8658333420753479,2104.0,2078.0,0.692307710647583,0.9322124123573303,17.0,559.0,0.6347261702912486,0.23424658179283142,0.9095744490623474,1125.0,171.0
2,0.9102083444595337,0.9684470295906067,206.0,225.0,0.24167632018526394,0.9069863557815552,0.9141666889190674,2175.0,2194.0,0.5272436141967773,0.9393936395645142,4.0,881.0,1.0093644108527746,0.1727699488401413,0.978723406791687,803.0,184.0
3,0.9335416555404663,0.9810246229171753,148.0,171.0,0.19901389732956887,0.9294263124465942,0.9383333325386047,2229.0,2252.0,0.6036324501037598,0.9406870603561401,4.0,738.0,0.8513619324080964,0.19956615567207336,0.978723406791687,946.0,184.0
4,0.9452083110809326,0.9872406125068665,122.0,141.0,0.16927478117247421,0.94171142578125,0.9491666555404663,2259.0,2278.0,0.5614316463470459,0.9397221207618713,3.0,818.0,0.9765398573671651,0.18444666266441345,0.9840425252914429,866.0,185.0
5,0.9524999856948853,0.9908413290977478,112.0,116.0,0.1497754012296597,0.9517470598220825,0.95333331823349,2284.0,2288.0,0.50267094373703,0.9349952340126038,5.0,926.0,1.1229577523011427,0.16501352190971375,0.9734042286872864,758.0,183.0
