,accuracy,auc,false_negatives,false_positives,loss,precision,recall,true_negatives,true_positives,val_accuracy,val_auc,val_false_negatives,val_false_positives,val_loss,val_precision,val_recall,val_true_negatives,val_true_positives
0,0.8227083086967468,0.9036132097244263,437.0,414.0,0.40277164041996,0.82583087682724,0.8179166913032532,1986.0,1963.0,0.7227465510368347,0.33874884247779846,1024.0,1326.0,1.0200591381567163,0.05150214582681656,0.0656934306025505,6054.0,72.0
1,0.9158333539962769,0.974717915058136,190.0,214.0,0.2159471568465233,0.9117161631584167,0.9208333492279053,2186.0,2210.0,0.6336715221405029,0.3591078817844391,1007.0,2098.0,1.061774763170983,0.04069501534104347,0.0812043771147728,5282.0,89.0
2,0.9485416412353516,0.9891553521156311,117.0,130.0,0.15505861130853493,0.9461251497268677,0.9512500166893005,2270.0,2283.0,0.6894761919975281,0.3964557647705078,1025.0,1607.0,0.8957119045419589,0.04231227561831474,0.06478102505207062,5773.0,71.0
3,0.9585416913032532,0.99298095703125,87.0,112.0,0.132912390306592,0.9538144469261169,0.9637500047683716,2288.0,2313.0,0.6589192748069763,0.3424699902534485,1007.0,1884.0,1.0143718392064742,0.04510897025465965,0.0812043771147728,5496.0,89.0
4,0.9745833277702332,0.997044026851654,63.0,59.0,0.10168185099959373,0.9753756523132324,0.9737499952316284,2341.0,2337.0,0.6690655946731567,0.3554171919822693,1023.0,1782.0,1.014261235769991,0.03935309872031212,0.0666058361530304,5598.0,73.0
5,0.9777083396911621,0.9980300664901733,45.0,62.0,0.09233233711371819,0.9743483662605286,0.981249988079071,2338.0,2355.0,0.65431809425354,0.3595896065235138,998.0,1932.0,1.032656602782987,0.04827586188912392,0.08941605687141418,5448.0,98.0
6,0.98416668176651,0.998934268951416,32.0,44.0,0.07664887178689242,0.9817578792572021,0.9866666793823242,2356.0,2368.0,0.6782680749893188,0.3420301079750061,1037.0,1690.0,1.0653749638539882,0.033733561635017395,0.05383211746811867,5690.0,59.0
7,0.987708330154419,0.9992555379867554,20.0,39.0,0.06909183687220018,0.9838776588439941,0.9916666746139526,2361.0,2380.0,0.6486549973487854,0.36525118350982666,1010.0,1968.0,1.0910064610404302,0.041869521141052246,0.07846715301275253,5412.0,86.0
