,accuracy,auc,false_negatives,false_positives,loss,precision,recall,true_negatives,true_positives,val_accuracy,val_auc,val_false_negatives,val_false_positives,val_loss,val_precision,val_recall,val_true_negatives,val_true_positives
0,0.8156818151473999,0.886451780796051,411.0,400.0,0.4410851496999914,0.8172681331634521,0.8131818175315857,1800.0,1789.0,0.7265193462371826,0.8421765565872192,494.0,2278.0,0.7918529043351936,0.5094745755195618,0.8272727131843567,4998.0,2366.0
1,0.9131818413734436,0.9701229929924011,185.0,197.0,0.23058399195020848,0.9109403491020203,0.9159091114997864,2003.0,2015.0,0.7613456845283508,0.866255521774292,429.0,1990.0,0.6559373968778488,0.5498756170272827,0.8500000238418579,5286.0,2431.0
2,0.9440909028053284,0.9846360087394714,116.0,130.0,0.17612681678750297,0.9412827491760254,0.9472727179527283,2070.0,2084.0,0.8002170324325562,0.8668748736381531,788.0,1237.0,0.46348868556255984,0.6261710524559021,0.7244755029678345,6039.0,2072.0
3,0.9529545307159424,0.9903441071510315,92.0,115.0,0.14308746299960395,0.9482681155204773,0.9581817984580994,2085.0,2108.0,0.7809786796569824,0.8571755886077881,688.0,1532.0,0.5203216946680149,0.5863931179046631,0.759440541267395,5744.0,2172.0
4,0.9602272510528564,0.9937468767166138,75.0,100.0,0.12437236693772402,0.9550561904907227,0.9659090638160706,2100.0,2125.0,0.7822612524032593,0.8719123601913452,512.0,1695.0,0.555352152758164,0.5807568430900574,0.8209789991378784,5581.0,2348.0
5,0.9729545712471008,0.9962588548660278,51.0,68.0,0.10439257258718664,0.9693279266357422,0.9768182039260864,2132.0,2149.0,0.7977505922317505,0.8659631609916687,807.0,1243.0,0.4836054779500969,0.6228762269020081,0.7178321480751038,6033.0,2053.0
6,0.980681836605072,0.9979981780052185,32.0,53.0,0.0885770563239401,0.9761368632316589,0.9854545593261719,2147.0,2168.0,0.794889509677887,0.8784053325653076,590.0,1489.0,0.514708613399078,0.6038840413093567,0.7937062978744507,5787.0,2270.0
7,0.9861363768577576,0.9987806081771851,28.0,33.0,0.07653758787296035,0.9850339889526367,0.9872727394104004,2167.0,2172.0,0.7862075567245483,0.8549934029579163,744.0,1423.0,0.5374102192830174,0.5979090332984924,0.7398601174354553,5853.0,2116.0
