,accuracy,auc,false_negatives,false_positives,loss,precision,recall,true_negatives,true_positives,val_accuracy,val_auc,val_false_negatives,val_false_positives,val_loss,val_precision,val_recall,val_true_negatives,val_true_positives
0,0.7945833206176758,0.8682457804679871,520.0,466.0,0.4793885750571887,0.801364004611969,0.7833333611488342,1934.0,1880.0,0.9688490033149719,0.0,0.0,118.0,0.10160263912573284,0.0,0.0,3670.0,0.0
1,0.8897916674613953,0.9582749009132385,261.0,268.0,0.2694204479952653,0.8886581063270569,0.8912500143051147,2132.0,2139.0,0.9630411863327026,0.0,0.0,140.0,0.12299615824880293,0.0,0.0,3648.0,0.0
2,0.9197916388511658,0.9750808477401733,187.0,198.0,0.21781139070789018,0.9178764224052429,0.92208331823349,2202.0,2213.0,0.9551214575767517,0.0,0.0,170.0,0.1494030566156351,0.0,0.0,3618.0,0.0
3,0.9358333349227905,0.9843458533287048,154.0,154.0,0.18194761097431184,0.9358333349227905,0.9358333349227905,2246.0,2246.0,0.9376980066299438,0.0,0.0,236.0,0.16509297379974075,0.0,0.0,3552.0,0.0
4,0.956458330154419,0.9912906885147095,93.0,116.0,0.14690704594055812,0.9521254897117615,0.9612500071525574,2284.0,2307.0,0.9656810760498047,0.0,0.0,130.0,0.10641080757097558,0.0,0.0,3658.0,0.0
5,0.956458330154419,0.9929754137992859,97.0,112.0,0.13539569057524203,0.9536231756210327,0.9595833420753479,2288.0,2303.0,0.9469376802444458,0.0,0.0,201.0,0.1585220977302086,0.0,0.0,3587.0,0.0
