,accuracy,auc,false_negatives,false_positives,loss,pr,precision,recall,true_negatives,true_positives,val_accuracy,val_auc,val_false_negatives,val_false_positives,val_loss,val_pr,val_precision,val_recall,val_true_negatives,val_true_positives
0,0.940625011920929,0.9836992025375366,147.0,138.0,0.1651395629843076,0.9837265610694885,0.942283570766449,0.9387500286102295,2262.0,2253.0,0.5705128312110901,0.9448927640914917,5.0,799.0,1.0358333312548125,0.8022510409355164,0.1863543838262558,0.9734042286872864,885.0,183.0
1,0.956250011920929,0.9910473227500916,101.0,109.0,0.13417374153931935,0.9900118708610535,0.954734206199646,0.9579166769981384,2291.0,2299.0,0.6319444179534912,0.9521719217300415,6.0,683.0,0.8193982727507241,0.8384960293769836,0.21040461957454681,0.9680851101875305,1001.0,182.0
2,0.96854168176651,0.9940374493598938,74.0,77.0,0.11919521190226078,0.9925755262374878,0.9679567217826843,0.9691666960716248,2323.0,2326.0,0.6340811848640442,0.9484872817993164,5.0,680.0,0.8687310285038419,0.8187963962554932,0.21205098927021027,0.9734042286872864,1004.0,183.0
3,0.9700000286102295,0.9951876401901245,69.0,75.0,0.11133024379611016,0.9935817122459412,0.9688279032707214,0.9712499976158142,2325.0,2331.0,0.5379273295402527,0.9505877494812012,3.0,862.0,1.1339887584376538,0.7914837002754211,0.176695317029953,0.9840425252914429,822.0,185.0
4,0.9783333539962769,0.9969468712806702,50.0,54.0,0.09773171602437894,0.9953271150588989,0.9775374531745911,0.9791666865348816,2346.0,2350.0,0.6431623697280884,0.9492628574371338,4.0,664.0,0.8636762647547274,0.8080812096595764,0.21698112785816193,0.978723406791687,1020.0,184.0
5,0.981458306312561,0.9976247549057007,33.0,56.0,0.08955787477393945,0.9960490465164185,0.9768881797790527,0.9862499833106995,2344.0,2367.0,0.5811966061592102,0.9487873911857605,3.0,781.0,1.0621507432725694,0.7760189175605774,0.1915113925933838,0.9840425252914429,903.0,185.0
6,0.9833333492279053,0.9980300664901733,42.0,38.0,0.08733713610718648,0.9964255094528198,0.9841402173042297,0.9825000166893005,2362.0,2358.0,0.6420940160751343,0.9490558505058289,5.0,665.0,0.8542336281548198,0.8109666109085083,0.2158018797636032,0.9734042286872864,1019.0,183.0
