,accuracy,auc,false_negatives,false_positives,loss,precision,recall,true_negatives,true_positives,val_accuracy,val_auc,val_false_negatives,val_false_positives,val_loss,val_precision,val_recall,val_true_negatives,val_true_positives
0,0.8011363744735718,0.8749351501464844,445.0,430.0,0.4644863550229506,0.8032036423683167,0.7977272868156433,1770.0,1755.0,0.7213578224182129,0.79811030626297,217.0,2147.0,0.6220070683467169,0.21008093655109406,0.7246192693710327,5549.0,571.0
1,0.9100000262260437,0.9643776416778564,183.0,213.0,0.24500695781274276,0.9044843316078186,0.9168182015419006,1987.0,2017.0,0.8494814038276672,0.7893140316009521,342.0,935.0,0.39005373303814916,0.322954386472702,0.5659898519515991,6761.0,446.0
2,0.9368181824684143,0.9825990796089172,124.0,154.0,0.1836440031636845,0.9309417009353638,0.9436363577842712,2046.0,2076.0,0.8481848239898682,0.8119170665740967,298.0,990.0,0.3840412890739679,0.3310810923576355,0.6218274235725403,6706.0,490.0
3,0.9574999809265137,0.9914078712463379,77.0,110.0,0.13972293544899334,0.9507389068603516,0.9649999737739563,2090.0,2123.0,0.9004007577896118,0.8352658152580261,346.0,499.0,0.28940449345229874,0.4697130620479584,0.5609136819839478,7197.0,442.0
4,0.9695454835891724,0.9951566457748413,54.0,80.0,0.11475558337840167,0.9640610814094543,0.975454568862915,2120.0,2146.0,0.8712871074676514,0.8168532848358154,345.0,747.0,0.341414575403111,0.3722689151763916,0.5621827244758606,6949.0,443.0
5,0.9747727513313293,0.9970372319221497,45.0,66.0,0.09918202763253993,0.9702836275100708,0.9795454740524292,2134.0,2155.0,0.8663366436958313,0.8261094689369202,321.0,813.0,0.34873244004786885,0.3648437559604645,0.5926395654678345,6883.0,467.0
6,0.9813636541366577,0.9986868500709534,35.0,47.0,0.08259460273114118,0.9787522554397583,0.9840909242630005,2153.0,2165.0,0.8703441619873047,0.8321858644485474,339.0,761.0,0.34592779750028124,0.371074378490448,0.5697969794273376,6935.0,449.0
7,0.9825000166893005,0.9987444877624512,32.0,45.0,0.07858996250412681,0.9796656370162964,0.9854545593261719,2155.0,2168.0,0.8724657893180847,0.8049048185348511,374.0,708.0,0.3515866134651198,0.3689839541912079,0.5253807306289673,6988.0,414.0
8,0.991136372089386,0.9994195699691772,11.0,28.0,0.06345450107346881,0.9873703122138977,0.9950000047683716,2172.0,2189.0,0.9013437032699585,0.8187358379364014,380.0,457.0,0.3055889310033352,0.4716762900352478,0.5177664756774902,7239.0,408.0
