,accuracy,auc,false_negatives,false_positives,loss,precision,recall,true_negatives,true_positives,val_accuracy,val_auc,val_false_negatives,val_false_positives,val_loss,val_precision,val_recall,val_true_negatives,val_true_positives
0,0.7884091138839722,0.8517076373100281,455.0,476.0,0.5130963617021387,0.7856821417808533,0.793181836605072,1724.0,1745.0,0.7236791253089905,0.8138689994812012,437.0,2429.0,0.629043947165416,0.32677382230758667,0.7295792102813721,6327.0,1179.0
1,0.8956817984580994,0.9580507874488831,192.0,267.0,0.2678601818464019,0.8826373815536499,0.9127272963523865,1933.0,2008.0,0.7071924209594727,0.6880929470062256,742.0,2295.0,0.7386084402844201,0.2757967710494995,0.5408415794372559,6461.0,874.0
2,0.9261363744735718,0.9773191809654236,137.0,188.0,0.20612725745547902,0.9164815545082092,0.9377272725105286,2012.0,2063.0,0.7638835310935974,0.7018221616744995,980.0,1469.0,0.5992364239506496,0.3021377623081207,0.3935643434524536,7287.0,636.0
3,0.9440909028053284,0.9879350662231445,104.0,142.0,0.16463428689674897,0.936550498008728,0.9527272582054138,2058.0,2096.0,0.7460470199584961,0.6940699219703674,978.0,1656.0,0.6305572814029752,0.2781168222427368,0.3948019742965698,7100.0,638.0
4,0.9631817936897278,0.993415117263794,68.0,94.0,0.13127805731513284,0.9577717781066895,0.9690909385681152,2106.0,2132.0,0.7241612076759338,0.694126546382904,882.0,1979.0,0.6980671671496088,0.2705492079257965,0.4542079269886017,6777.0,734.0
5,0.9720454812049866,0.99662846326828,50.0,73.0,0.10962868907234885,0.9671614766120911,0.9772727489471436,2127.0,2150.0,0.7546278238296509,0.7048840522766113,1007.0,1538.0,0.6761151277738513,0.2836516201496124,0.3768564462661743,7218.0,609.0
6,0.9804545640945435,0.9982829093933105,41.0,45.0,0.09323991073803468,0.9795825481414795,0.9813636541366577,2155.0,2159.0,0.7382375597953796,0.731563925743103,794.0,1921.0,0.678642572621742,0.29967188835144043,0.5086633563041687,6835.0,822.0
7,0.980681836605072,0.9983533620834351,32.0,53.0,0.08615748408165845,0.9761368632316589,0.9854545593261719,2147.0,2168.0,0.7327420115470886,0.6913188099861145,941.0,1831.0,0.709324189122354,0.2693535387516022,0.4176980257034302,6925.0,675.0
