,accuracy,auc,false_negatives,false_positives,loss,pr,precision,recall,true_negatives,true_positives,val_accuracy,val_auc,val_false_negatives,val_false_positives,val_loss,val_pr,val_precision,val_recall,val_true_negatives,val_true_positives
0,0.8559091091156006,0.929107666015625,290.0,344.0,0.34117092067545113,0.9243643879890442,0.8473824262619019,0.8681818246841431,1856.0,1910.0,0.7538565397262573,0.7570105195045471,834.0,1719.0,0.5411736211558819,0.43049418926239014,0.31267493963241577,0.4839108884334564,7037.0,782.0
1,0.9220454692840576,0.9743349552154541,135.0,208.0,0.2252287311445583,0.9719018340110779,0.9084909558296204,0.9386363625526428,1992.0,2065.0,0.7930004000663757,0.7988462448120117,840.0,1307.0,0.44132851098110626,0.4988546073436737,0.37253960967063904,0.4801980257034302,7449.0,776.0
2,0.9409090876579285,0.9852855205535889,97.0,163.0,0.18128581144592978,0.9835788607597351,0.9280670881271362,0.9559090733528137,2037.0,2103.0,0.781045138835907,0.7639663815498352,848.0,1423.0,0.4911112625696371,0.4714236855506897,0.3505248725414276,0.4752475321292877,7333.0,768.0
3,0.9506818056106567,0.9901837110519409,82.0,135.0,0.1554157866673036,0.9896406531333923,0.9400798678398132,0.9627272486686707,2065.0,2118.0,0.76918625831604,0.758512020111084,897.0,1497.0,0.5369540913381772,0.44952285289764404,0.3244584798812866,0.4449257552623749,7259.0,719.0
4,0.9622727036476135,0.9940631985664368,65.0,101.0,0.13295662167397412,0.9934095144271851,0.9548300504684448,0.9704545736312866,2099.0,2135.0,0.766101062297821,0.7022249102592468,962.0,1464.0,0.6066131083329948,0.4137662947177887,0.30878186225891113,0.40470296144485474,7292.0,654.0
5,0.9704545736312866,0.9959423542022705,47.0,83.0,0.11681077119978991,0.9958398938179016,0.9628801345825195,0.9786363840103149,2117.0,2153.0,0.772849977016449,0.740480363368988,941.0,1415.0,0.5703734740962566,0.4279875159263611,0.3229665160179138,0.4176980257034302,7341.0,675.0
6,0.9788636565208435,0.9982168674468994,38.0,55.0,0.09832513679157603,0.9982413053512573,0.9751917123794556,0.9827272891998291,2145.0,2162.0,0.7750675082206726,0.7276221513748169,977.0,1356.0,0.5918520819144363,0.428178071975708,0.32030075788497925,0.39542078971862793,7400.0,639.0
