,accuracy,auc,false_negatives,false_positives,loss,pr,precision,recall,true_negatives,true_positives,val_accuracy,val_auc,val_false_negatives,val_false_positives,val_loss,val_pr,val_precision,val_recall,val_true_negatives,val_true_positives
0,0.8920833468437195,0.9601777791976929,286.0,232.0,0.26677355895439786,0.9622927308082581,0.9011082649230957,0.8808333277702332,2168.0,2114.0,0.9923442602157593,0.0,0.0,29.0,0.06407337313972279,0.0,0.0,0.0,3759.0,0.0
1,0.9308333396911621,0.9815167188644409,171.0,161.0,0.20561888804038367,0.9822911024093628,0.9326359629631042,0.9287499785423279,2239.0,2229.0,0.9936642050743103,0.0,0.0,24.0,0.06461148322368121,0.0,0.0,0.0,3764.0,0.0
2,0.9474999904632568,0.9888027310371399,124.0,128.0,0.17844270765781403,0.989141047000885,0.9467554092407227,0.9483333230018616,2272.0,2276.0,0.9868004322052002,0.0,0.0,50.0,0.08143125498842413,0.0,0.0,0.0,3738.0,0.0
3,0.9577083587646484,0.9919178485870361,98.0,105.0,0.1606903427342574,0.9921865463256836,0.9563772082328796,0.9591666460037231,2295.0,2302.0,0.9904962778091431,0.0,0.0,36.0,0.07480223734942762,0.0,0.0,0.0,3752.0,0.0
4,0.9674999713897705,0.9945311546325684,83.0,73.0,0.14527862856785456,0.9948629140853882,0.9694560766220093,0.965416669845581,2327.0,2317.0,0.989176332950592,0.0,0.0,41.0,0.08064808280314412,0.0,0.0,0.0,3747.0,0.0
5,0.9729166626930237,0.9966066479682922,60.0,70.0,0.1299108197291692,0.9967889189720154,0.9709543585777283,0.9750000238418579,2330.0,2340.0,0.9897043108940125,0.0,0.0,39.0,0.06459508220829392,0.0,0.0,0.0,3749.0,0.0
