,accuracy,auc,false_negatives,false_positives,loss,pr,precision,recall,true_negatives,true_positives,val_accuracy,val_auc,val_false_negatives,val_false_positives,val_loss,val_pr,val_precision,val_recall,val_true_negatives,val_true_positives
0,0.9304166436195374,0.9797424674034119,147.0,187.0,0.20916537513335545,0.9791682958602905,0.9233606457710266,0.9387500286102295,2213.0,2253.0,0.8107394576072693,0.6837207674980164,134.0,511.0,0.7338327832624946,0.11039644479751587,0.12649573385715485,0.35576921701431274,2689.0,74.0
1,0.9416666626930237,0.9867411255836487,120.0,160.0,0.18142831216255823,0.9864681959152222,0.9344262480735779,0.949999988079071,2240.0,2280.0,0.8169013857841492,0.6756384968757629,130.0,494.0,0.741050906374421,0.10911518335342407,0.13636364042758942,0.375,2706.0,78.0
2,0.949791669845581,0.9902893900871277,110.0,131.0,0.16401291434963544,0.9901293516159058,0.9458901286125183,0.9541666507720947,2269.0,2290.0,0.8195422291755676,0.6565197110176086,130.0,485.0,0.7488754345497615,0.1049354076385498,0.1385435163974762,0.375,2715.0,78.0
3,0.9608333110809326,0.9934296607971191,76.0,112.0,0.14651734933257102,0.993361234664917,0.954023003578186,0.9683333039283752,2288.0,2324.0,0.748826265335083,0.6614152789115906,110.0,746.0,0.9096099233403452,0.10511773824691772,0.11611374467611313,0.4711538553237915,2454.0,98.0
4,0.96875,0.9957847595214844,62.0,88.0,0.13385880922277768,0.9958388209342957,0.963726282119751,0.9741666913032532,2312.0,2338.0,0.8036971688270569,0.6611177921295166,130.0,539.0,0.7941406227893113,0.10529293864965439,0.12641815841197968,0.375,2661.0,78.0
5,0.9704166650772095,0.996814489364624,54.0,88.0,0.12433399461209774,0.9968224763870239,0.9638455510139465,0.9775000214576721,2312.0,2346.0,0.8142605423927307,0.6568012833595276,131.0,502.0,0.7733624384436809,0.10493268072605133,0.13298791646957397,0.3701923191547394,2698.0,77.0
