,accuracy,auc,false_negatives,false_positives,loss,pr,precision,recall,true_negatives,true_positives,val_accuracy,val_auc,val_false_negatives,val_false_positives,val_loss,val_pr,val_precision,val_recall,val_true_negatives,val_true_positives
0,0.8966666460037231,0.9677935242652893,382.0,114.0,0.8604108491539955,0.9674758911132812,0.9465290904045105,0.840833306312561,2286.0,2018.0,0.733954668045044,0.19569620490074158,1080.0,1175.0,6.219380556721347,0.07570081204175949,0.013434088788926601,0.014598540030419827,6205.0,16.0
1,0.9504166841506958,0.9927799105644226,203.0,35.0,0.3980191669861476,0.9932554364204407,0.9843189716339111,0.9154166579246521,2365.0,2197.0,0.7463425993919373,0.26200923323631287,1087.0,1063.0,5.322524802085081,0.0813746377825737,0.008395522832870483,0.008211678825318813,6317.0,9.0
2,0.96854168176651,0.9966375231742859,129.0,22.0,0.28125445713599523,0.996882438659668,0.9904055595397949,0.9462500214576721,2378.0,2271.0,0.7816187143325806,0.28901320695877075,1091.0,760.0,4.744109988606387,0.08430126309394836,0.006535947788506746,0.004562043584883213,6620.0,5.0
3,0.984375,0.9990923404693604,66.0,9.0,0.17274234041571618,0.9991677403450012,0.99615877866745,0.9725000262260437,2391.0,2334.0,0.7280557155609131,0.2539142668247223,1076.0,1229.0,6.542871510886876,0.08061297982931137,0.016012810170650482,0.018248174339532852,6151.0,20.0
4,0.9789583086967468,0.9986392259597778,85.0,16.0,0.19253189685444036,0.9986082315444946,0.9931359887123108,0.9645833373069763,2384.0,2315.0,0.7581406235694885,0.25565633177757263,1088.0,962.0,5.938571122526391,0.08078642934560776,0.008247422985732555,0.007299270015209913,6418.0,8.0
5,0.9945833086967468,0.9999663233757019,23.0,3.0,0.09032605364297827,0.9999663829803467,0.99873948097229,0.9904166460037231,2397.0,2377.0,0.6978527903556824,0.25694188475608826,1081.0,1480.0,7.439245390070671,0.08100061863660812,0.010033444501459599,0.013686131685972214,5900.0,15.0
6,0.9958333373069763,0.99992436170578,17.0,3.0,0.07685636370753249,0.9999263882637024,0.9987426400184631,0.9929166436195374,2397.0,2383.0,0.7261679768562317,0.24663886427879333,1082.0,1239.0,7.083285531889667,0.07999904453754425,0.011173184029757977,0.012773722410202026,6141.0,14.0
7,0.9941666722297668,0.9998557567596436,20.0,8.0,0.0848395408441623,0.9998596906661987,0.9966499209403992,0.9916666746139526,2392.0,2380.0,0.7563709020614624,0.23301470279693604,1084.0,981.0,6.881362316911093,0.0787838026881218,0.012084592133760452,0.010948904789984226,6399.0,12.0
