,accuracy,auc,false_negatives,false_positives,loss,pr,precision,recall,true_negatives,true_positives,val_accuracy,val_auc,val_false_negatives,val_false_positives,val_loss,val_pr,val_precision,val_recall,val_true_negatives,val_true_positives
0,0.8399999737739563,0.9355155229568481,570.0,134.0,1.146909734769301,0.9367895126342773,0.9240362644195557,0.7409090995788574,2066.0,1630.0,0.8073660135269165,0.7799046039581299,1027.0,971.0,2.023354741824073,0.46611425280570984,0.37756410241127014,0.364480197429657,7785.0,589.0
1,0.9125000238418579,0.9793349504470825,318.0,67.0,0.6775327251174234,0.9790260195732117,0.9656233787536621,0.8554545640945435,2133.0,1882.0,0.8263594508171082,0.711611807346344,1029.0,772.0,2.2489437866500572,0.4339337944984436,0.43193525075912476,0.36324256658554077,7984.0,587.0
2,0.9420454502105713,0.9897491335868835,209.0,46.0,0.4884621121666648,0.9898929595947266,0.9774177670478821,0.9049999713897705,2154.0,1991.0,0.801195502281189,0.7578476071357727,978.0,1084.0,2.56587255060259,0.45020052790641785,0.3704994320869446,0.3948019742965698,7672.0,638.0
3,0.9581817984580994,0.9950188994407654,153.0,31.0,0.3544266522743485,0.9953679442405701,0.9850817918777466,0.9304545521736145,2169.0,2047.0,0.7611839771270752,0.7522733807563782,896.0,1581.0,3.6194211153694775,0.445735365152359,0.3129074275493622,0.4455445408821106,7175.0,720.0
4,0.9729545712471008,0.9980036616325378,100.0,19.0,0.24791792306033048,0.9980924129486084,0.9910334944725037,0.9545454382896423,2181.0,2100.0,0.7858657836914062,0.7478198409080505,991.0,1230.0,3.1450474061793083,0.44507092237472534,0.33692723512649536,0.38675743341445923,7526.0,625.0
5,0.9756818413734436,0.998280942440033,87.0,20.0,0.22068527349016884,0.9983842372894287,0.9906235337257385,0.960454523563385,2180.0,2113.0,0.7736212611198425,0.7300119400024414,988.0,1360.0,3.916595327339253,0.42049795389175415,0.3158953785896301,0.38861384987831116,7396.0,628.0
