,accuracy,auc,false_negatives,false_positives,loss,pr,precision,recall,true_negatives,true_positives,val_accuracy,val_auc,val_false_negatives,val_false_positives,val_loss,val_pr,val_precision,val_recall,val_true_negatives,val_true_positives
0,0.9070833325386047,0.9641391038894653,233.0,213.0,0.24164824560284615,0.9616208672523499,0.9105042219161987,0.902916669845581,2187.0,2167.0,0.7491741180419922,0.349850058555603,1040.0,1086.0,1.0388420446968798,0.09254813939332962,0.04903677850961685,0.051094889640808105,6294.0,56.0
1,0.9552083611488342,0.9910768270492554,98.0,117.0,0.13080523448685805,0.9907280802726746,0.9516329169273376,0.9591666460037231,2283.0,2302.0,0.7752477526664734,0.35049328207969666,1080.0,825.0,1.0381434221152934,0.0913848727941513,0.01902497000992298,0.014598540030419827,6555.0,16.0
2,0.9700000286102295,0.9957327246665955,71.0,73.0,0.10127607422570388,0.9958966970443726,0.9696086645126343,0.9704166650772095,2327.0,2329.0,0.7518876791000366,0.30604976415634155,1058.0,1045.0,1.1506076930209452,0.08623341470956802,0.035087719559669495,0.03467153385281563,6335.0,38.0
3,0.9764583110809326,0.9979183077812195,54.0,59.0,0.08293215236316125,0.9979679584503174,0.9754678010940552,0.9775000214576721,2341.0,2346.0,0.7563709020614624,0.3220755159854889,1068.0,997.0,1.1220984951175008,0.088007852435112,0.027317073196172714,0.025547444820404053,6383.0,28.0
4,0.9839583039283752,0.9989760518074036,44.0,33.0,0.0686753264690439,0.9990283250808716,0.986186683177948,0.9816666841506958,2367.0,2356.0,0.7497640252113342,0.31692731380462646,1053.0,1068.0,1.1264111512446526,0.08751603215932846,0.03870387002825737,0.039233576506376266,6312.0,43.0
5,0.98416668176651,0.9990341067314148,42.0,34.0,0.0641879830757777,0.9990544319152832,0.985785961151123,0.9825000166893005,2366.0,2358.0,0.7363142967224121,0.3345348536968231,1074.0,1161.0,1.1566183823017986,0.08936049789190292,0.018596787005662918,0.020072992891073227,6219.0,22.0
6,0.9893749952316284,0.9995030164718628,24.0,27.0,0.055506183331211406,0.9995090961456299,0.9887640476226807,0.9900000095367432,2373.0,2376.0,0.7497640252113342,0.34360548853874207,1073.0,1048.0,1.1541668476783875,0.09045755863189697,0.021475257351994514,0.020985402166843414,6332.0,23.0
