,accuracy,auc,false_negatives,false_positives,loss,pr,precision,recall,true_negatives,true_positives,val_accuracy,val_auc,val_false_negatives,val_false_positives,val_loss,val_pr,val_precision,val_recall,val_true_negatives,val_true_positives
0,0.9393749833106995,0.9845518469810486,124.0,167.0,0.16306783825159074,0.9840729236602783,0.9316413998603821,0.9483333230018616,2233.0,2276.0,0.7664319276809692,0.659823477268219,111.0,685.0,1.0737444151175415,0.11058156192302704,0.12404092401266098,0.4663461446762085,2515.0,97.0
1,0.9572916626930237,0.9928093552589417,93.0,112.0,0.1198361619313558,0.9925374388694763,0.9536998867988586,0.9612500071525574,2288.0,2307.0,0.7948943376541138,0.6686801314353943,116.0,583.0,0.9619337409874643,0.10909996181726456,0.13629630208015442,0.4423076808452606,2617.0,92.0
2,0.9691666960716248,0.9954378604888916,59.0,89.0,0.10052364982664586,0.9951924085617065,0.9633744955062866,0.9754166603088379,2311.0,2341.0,0.7808098793029785,0.6397964358329773,116.0,631.0,1.0700498740997673,0.10692469775676727,0.12724758684635162,0.4423076808452606,2569.0,92.0
3,0.9787499904632568,0.9977061748504639,45.0,57.0,0.08359856359660625,0.9976919889450073,0.9763681888580322,0.981249988079071,2343.0,2355.0,0.7646713852882385,0.6266136169433594,111.0,691.0,1.1384877468778494,0.10594990849494934,0.12309644371271133,0.4663461446762085,2509.0,97.0
4,0.9858333468437195,0.9987074136734009,34.0,34.0,0.0705750825876991,0.9987396597862244,0.9858333468437195,0.9858333468437195,2366.0,2366.0,0.7585093975067139,0.6263513565063477,116.0,707.0,1.1437245251986903,0.10362803936004639,0.11514393240213394,0.4423076808452606,2493.0,92.0
5,0.9847916960716248,0.9991797208786011,29.0,44.0,0.0648785871018966,0.999191403388977,0.9817805290222168,0.9879166483879089,2356.0,2371.0,0.7825704216957092,0.6358053684234619,114.0,627.0,1.0868878999786198,0.1065417230129242,0.130374476313591,0.45192307233810425,2573.0,94.0
6,0.9908333420753479,0.9995787739753723,19.0,25.0,0.05328124592080712,0.9995834827423096,0.9896093010902405,0.9920833110809326,2375.0,2381.0,0.7670187950134277,0.6332880854606628,112.0,682.0,1.1390781122753877,0.10719464719295502,0.12339331954717636,0.4615384638309479,2518.0,96.0
