,accuracy,auc,false_negatives,false_positives,loss,pr,precision,recall,true_negatives,true_positives,val_accuracy,val_auc,val_false_negatives,val_false_positives,val_loss,val_pr,val_precision,val_recall,val_true_negatives,val_true_positives
0,0.9085416793823242,0.9674561023712158,225.0,214.0,0.2312818302710851,0.966069221496582,0.9104227423667908,0.90625,2186.0,2175.0,0.9875923991203308,0.0,0.0,47.0,0.04057212237469309,0.0,0.0,0.0,3741.0,0.0
1,0.9412500262260437,0.9844911098480225,134.0,148.0,0.1623759045700232,0.9840468168258667,0.9386909604072571,0.9441666603088379,2252.0,2266.0,0.9762407541275024,0.0,0.0,90.0,0.06254315838894346,0.0,0.0,0.0,3698.0,0.0
2,0.9591666460037231,0.9936164021492004,89.0,107.0,0.11763845975200335,0.993764340877533,0.9557485580444336,0.9629166722297668,2293.0,2311.0,0.9680570363998413,0.0,0.0,121.0,0.08551595258549123,0.0,0.0,0.0,3667.0,0.0
3,0.9683333039283752,0.995065450668335,72.0,80.0,0.10491937555372716,0.9952056407928467,0.9667773842811584,0.9700000286102295,2320.0,2328.0,0.9564414024353027,0.0,0.0,165.0,0.11338530073321985,0.0,0.0,0.0,3623.0,0.0
4,0.9760416746139526,0.9978774785995483,56.0,59.0,0.08321510282655557,0.9979148507118225,0.9754473567008972,0.9766666889190674,2341.0,2344.0,0.9627771973609924,0.0,0.0,141.0,0.09366330442460374,0.0,0.0,0.0,3647.0,0.0
5,0.9820833206176758,0.9985924959182739,40.0,46.0,0.0740318142871062,0.9986896514892578,0.9808811545372009,0.9833333492279053,2354.0,2360.0,0.9627771973609924,0.0,0.0,141.0,0.09898924247343034,0.0,0.0,0.0,3647.0,0.0
