,accuracy,auc,false_negatives,false_positives,loss,pr,precision,recall,true_negatives,true_positives,val_accuracy,val_auc,val_false_negatives,val_false_positives,val_loss,val_pr,val_precision,val_recall,val_true_negatives,val_true_positives
0,0.7496874928474426,0.8197696208953857,376.0,425.0,0.5687575161457061,0.7737724781036377,0.7422680258750916,0.7649999856948853,1175.0,1224.0,0.6526213884353638,0.6676706075668335,1137.0,2812.0,0.9617881562657796,0.3570604920387268,0.33850857615470886,0.5586180090904236,5980.0,1439.0
1,0.8725000023841858,0.9439846873283386,159.0,249.0,0.30417741075158117,0.9398860335350037,0.8526627421379089,0.9006249904632568,1351.0,1441.0,0.7253694534301758,0.7011048793792725,1513.0,1609.0,0.7763222830342542,0.35852620005607605,0.3978293538093567,0.4126552939414978,7183.0,1063.0
2,0.9121875166893005,0.9728045463562012,98.0,183.0,0.22967546075582504,0.971403956413269,0.8913946747779846,0.9387500286102295,1417.0,1502.0,0.6862244606018066,0.6706388592720032,1586.0,1981.0,0.8702195535068525,0.32342293858528137,0.3332211375236511,0.3843167722225189,6811.0,990.0
3,0.9481250047683716,0.9895726442337036,58.0,108.0,0.1646025053411722,0.9889801740646362,0.9345454573631287,0.9637500047683716,1492.0,1542.0,0.6766361594200134,0.6529655456542969,1562.0,2114.0,0.9052410569935933,0.3194379210472107,0.3241688013076782,0.39363354444503784,6678.0,1014.0
4,0.9615625143051147,0.9938187003135681,34.0,89.0,0.13985608145594597,0.9934695363044739,0.9462235569953918,0.9787499904632568,1511.0,1566.0,0.6858726143836975,0.6959540843963623,1555.0,2016.0,0.8324410768565286,0.3439277112483978,0.3361870348453522,0.3963509202003479,6776.0,1021.0
5,0.9703124761581421,0.9961867332458496,27.0,68.0,0.1176640946045518,0.996019721031189,0.9585618376731873,0.9831249713897705,1532.0,1573.0,0.6845531463623047,0.6685699820518494,1650.0,1936.0,0.8902875977783955,0.3267155885696411,0.32354995608329773,0.35947203636169434,6856.0,926.0
6,0.9800000190734863,0.9975245594978333,23.0,41.0,0.10152332119643688,0.9973162412643433,0.9746600985527039,0.9856250286102295,1559.0,1577.0,0.6657283306121826,0.6667646765708923,1404.0,2396.0,0.9685186857828197,0.33182087540626526,0.32847532629966736,0.4549689292907715,6396.0,1172.0
