,accuracy,auc,false_negatives,false_positives,loss,pr,precision,recall,true_negatives,true_positives,val_accuracy,val_auc,val_false_negatives,val_false_positives,val_loss,val_pr,val_precision,val_recall,val_true_negatives,val_true_positives
0,0.8431817889213562,0.9221054911613464,327.0,363.0,0.35478289875117214,0.9187487363815308,0.837656557559967,0.8513636589050293,1837.0,1873.0,0.7280177474021912,0.7653461694717407,641.0,2180.0,0.6302237551137834,0.45087355375289917,0.30903327465057373,0.6033415794372559,6576.0,975.0
1,0.9118182063102722,0.9716349244117737,161.0,227.0,0.22816650293090127,0.9696829319000244,0.8998234868049622,0.9268181920051575,1973.0,2039.0,0.7536637187004089,0.7323058843612671,850.0,1705.0,0.5973227558290457,0.41602617502212524,0.30999594926834106,0.4740099012851715,7051.0,766.0
2,0.941136360168457,0.9867992401123047,100.0,159.0,0.1741443655165759,0.986567497253418,0.9296149015426636,0.9545454382896423,2041.0,2100.0,0.7655225396156311,0.716915488243103,888.0,1544.0,0.6032163168627279,0.4085330367088318,0.32042253017425537,0.45049506425857544,7212.0,728.0
3,0.9554545283317566,0.992193341255188,73.0,123.0,0.1443708702380007,0.9920600056648254,0.9453333616256714,0.9668181538581848,2077.0,2127.0,0.7331276535987854,0.6724648475646973,906.0,1862.0,0.7035395095029302,0.36745917797088623,0.27604976296424866,0.4393564462661743,6894.0,710.0
4,0.9690909385681152,0.9954433441162109,55.0,81.0,0.12021772875027223,0.9954918622970581,0.9636118412017822,0.9750000238418579,2119.0,2145.0,0.7578094601631165,0.7128012180328369,880.0,1632.0,0.641235028644625,0.3969552516937256,0.31081080436706543,0.4554455578327179,7124.0,736.0
5,0.9765909314155579,0.9978622794151306,39.0,64.0,0.0984718121452765,0.9978631138801575,0.9712359309196472,0.982272744178772,2136.0,2161.0,0.7522175312042236,0.7208901643753052,862.0,1708.0,0.683206511472488,0.3900322914123535,0.3062550723552704,0.46658414602279663,7048.0,754.0
6,0.982272744178772,0.9986101388931274,32.0,46.0,0.0875993177023801,0.9986720085144043,0.9792231321334839,0.9854545593261719,2154.0,2168.0,0.7538565397262573,0.7308146953582764,850.0,1703.0,0.6880962708903885,0.3906533122062683,0.3102470636367798,0.4740099012851715,7053.0,766.0
