,accuracy,auc,false_negatives,false_positives,loss,pr,precision,recall,true_negatives,true_positives,val_accuracy,val_auc,val_false_negatives,val_false_positives,val_loss,val_pr,val_precision,val_recall,val_true_negatives,val_true_positives
0,0.9522916674613953,0.9883350729942322,97.0,132.0,0.14028525573511919,0.9868866801261902,0.9457905292510986,0.9595833420753479,2268.0,2303.0,0.7872652411460876,0.6751434803009033,107.0,618.0,1.0875900594841146,0.11631198227405548,0.140472874045372,0.48557692766189575,2582.0,101.0
1,0.9647916555404663,0.9931472539901733,59.0,110.0,0.11243487428873777,0.9929226636886597,0.9551203846931458,0.9754166603088379,2290.0,2341.0,0.7769953012466431,0.6655941605567932,111.0,649.0,1.072354922691981,0.11321064084768295,0.13002680242061615,0.4663461446762085,2551.0,97.0
2,0.9743750095367432,0.9965751767158508,48.0,75.0,0.09265980571508407,0.9964843392372131,0.9690976738929749,0.9800000190734863,2325.0,2352.0,0.8133803009986877,0.6567577719688416,118.0,518.0,0.9998193963872435,0.11285141110420227,0.14802631735801697,0.4326923191547394,2682.0,90.0
3,0.9818750023841858,0.9982516169548035,36.0,51.0,0.07739226457973321,0.998216986656189,0.9788820147514343,0.9850000143051147,2349.0,2364.0,0.7634976506233215,0.6389003396034241,109.0,697.0,1.185146969668742,0.10925102233886719,0.12437185645103455,0.4759615361690521,2503.0,99.0
4,0.9860416650772095,0.9989075660705566,23.0,44.0,0.06760624236116806,0.9988946914672852,0.9818257093429565,0.9904166460037231,2356.0,2377.0,0.7925469279289246,0.6496912240982056,114.0,593.0,1.0940742628395277,0.1111888512969017,0.1368267834186554,0.45192307233810425,2607.0,94.0
5,0.9862499833106995,0.9992172718048096,23.0,43.0,0.06275591284036636,0.9992093443870544,0.9822313785552979,0.9904166460037231,2357.0,2377.0,0.8016431927680969,0.6451404094696045,114.0,562.0,1.0660944716751295,0.11167674511671066,0.14329268038272858,0.45192307233810425,2638.0,94.0
6,0.987500011920929,0.9993425607681274,25.0,35.0,0.058519373051822185,0.9993340373039246,0.9854771494865417,0.9895833134651184,2365.0,2375.0,0.7890258431434631,0.6377350687980652,113.0,606.0,1.1492191365627056,0.10925090312957764,0.13552068173885345,0.45673078298568726,2594.0,95.0
7,0.9935416579246521,0.9998198747634888,8.0,23.0,0.04821299836660425,0.9998219013214111,0.9904761910438538,0.996666669845581,2377.0,2392.0,0.7855046987533569,0.6635404825210571,107.0,624.0,1.161446235129531,0.11636091768741608,0.1393103450536728,0.48557692766189575,2576.0,101.0
