,accuracy,auc,false_negatives,false_positives,loss,pr,precision,recall,true_negatives,true_positives,val_accuracy,val_auc,val_false_negatives,val_false_positives,val_loss,val_pr,val_precision,val_recall,val_true_negatives,val_true_positives
0,0.9170833230018616,0.9694782495498657,209.0,189.0,0.22377072768906753,0.9710094928741455,0.9205882549285889,0.9129166603088379,2211.0,2191.0,0.9923442602157593,0.0,0.0,29.0,0.024049738626101044,0.0,0.0,0.0,3759.0,0.0
1,0.9516666531562805,0.9883642792701721,126.0,106.0,0.14554003653426964,0.9889815449714661,0.9554621577262878,0.9474999904632568,2294.0,2274.0,0.9841604828834534,0.0,0.0,60.0,0.0611920831085762,0.0,0.0,0.0,3728.0,0.0
2,0.9574999809265137,0.9929227828979492,93.0,111.0,0.12429831641415755,0.9931861162185669,0.9540942907333374,0.9612500071525574,2289.0,2307.0,0.9931362271308899,0.0,0.0,26.0,0.021308805769921103,0.0,0.0,0.0,3762.0,0.0
3,0.971875011920929,0.9958333969116211,61.0,74.0,0.10078591870764891,0.99600750207901,0.969332754611969,0.9745833277702332,2326.0,2339.0,0.9841604828834534,0.0,0.0,60.0,0.04556185159234304,0.0,0.0,0.0,3728.0,0.0
4,0.9762499928474426,0.9967818260192871,58.0,56.0,0.09051445613304775,0.996752142906189,0.9766471982002258,0.9758333563804626,2344.0,2342.0,0.9875923991203308,0.0,0.0,47.0,0.04163298559195137,0.0,0.0,0.0,3741.0,0.0
5,0.9847916960716248,0.9988299608230591,36.0,37.0,0.0728188734749953,0.9988625049591064,0.9845897555351257,0.9850000143051147,2363.0,2364.0,0.9868004322052002,0.0,0.0,50.0,0.036458788921519596,0.0,0.0,0.0,3738.0,0.0
6,0.987500011920929,0.9992535710334778,32.0,28.0,0.06453186949094136,0.9992697834968567,0.9883138537406921,0.9866666793823242,2372.0,2368.0,0.9833685159683228,0.0,0.0,63.0,0.057065012153737646,0.0,0.0,0.0,3725.0,0.0
7,0.987500011920929,0.999381959438324,33.0,27.0,0.061741767736772694,0.9993820190429688,0.9887217879295349,0.9862499833106995,2373.0,2367.0,0.9857444763183594,0.0,0.0,54.0,0.04194441959143881,0.0,0.0,0.0,3734.0,0.0
