,accuracy,auc,false_negatives,false_positives,loss,pr,precision,recall,true_negatives,true_positives,val_accuracy,val_auc,val_false_negatives,val_false_positives,val_loss,val_pr,val_precision,val_recall,val_true_negatives,val_true_positives
0,0.7615625262260437,0.8338397741317749,375.0,388.0,0.5481942278146744,0.8071582913398743,0.7594544291496277,0.765625,1212.0,1225.0,0.6891273856163025,0.7663633227348328,648.0,2886.0,0.8999482425772581,0.4666193723678589,0.40049853920936584,0.7484471797943115,5906.0,1928.0
1,0.885937511920929,0.9589049816131592,140.0,225.0,0.26926885940134526,0.956190824508667,0.8664688467979431,0.9125000238418579,1375.0,1460.0,0.7575650811195374,0.8090687990188599,804.0,1952.0,0.6043138786531685,0.5082787275314331,0.47583243250846863,0.6878882050514221,6840.0,1772.0
2,0.9350000023841858,0.9818012118339539,80.0,128.0,0.19579789467155934,0.9809054136276245,0.9223300814628601,0.949999988079071,1472.0,1520.0,0.6884236335754395,0.7277733683586121,1060.0,2482.0,0.7807198880446117,0.4064943194389343,0.3791895806789398,0.5885093212127686,6310.0,1516.0
3,0.9515625238418579,0.990034818649292,53.0,102.0,0.15713022075593472,0.989651083946228,0.938144326210022,0.9668750166893005,1498.0,1547.0,0.7160450220108032,0.7595859169960022,1033.0,2195.0,0.722599292282778,0.4207819104194641,0.4127875864505768,0.5989906787872314,6597.0,1543.0
4,0.9678124785423279,0.995760440826416,34.0,69.0,0.12549687117338182,0.9957593679428101,0.957798182964325,0.9787499904632568,1531.0,1566.0,0.7386523485183716,0.7697222232818604,1098.0,1873.0,0.6886731563509559,0.42808693647384644,0.4410623610019684,0.5737577676773071,6919.0,1478.0
5,0.9806249737739563,0.9972084164619446,13.0,49.0,0.10310137014836072,0.9969966411590576,0.9700489044189453,0.9918749928474426,1551.0,1587.0,0.7441942095756531,0.7686583995819092,1202.0,1706.0,0.6739204898633897,0.4285304546356201,0.44610390067100525,0.5333850979804993,7086.0,1374.0
6,0.9840624928474426,0.9989868998527527,15.0,36.0,0.08494233690202237,0.9989549517631531,0.9777914881706238,0.9906250238418579,1564.0,1585.0,0.715165376663208,0.7218621969223022,1273.0,1965.0,0.7999736411335768,0.39185020327568054,0.3987148106098175,0.5058229565620422,6827.0,1303.0
