,accuracy,auc,false_negatives,false_positives,loss,precision,recall,true_negatives,true_positives,val_accuracy,val_auc,val_false_negatives,val_false_positives,val_loss,val_precision,val_recall,val_true_negatives,val_true_positives
0,0.6459375023841858,0.7073195576667786,380.0,753.0,0.6320958098769188,0.618347704410553,0.762499988079071,847.0,1220.0,0.2266009896993637,0.42655494809150696,0.0,8792.0,0.817041416431631,0.2266009896993637,1.0,0.0,2576.0
1,0.8265625238418579,0.90861976146698,177.0,378.0,0.45190771877765656,0.7901166081428528,0.8893749713897705,1222.0,1423.0,0.4096587002277374,0.5478762984275818,722.0,5989.0,0.7058826901390887,0.2363891303539276,0.7197204828262329,2803.0,1854.0
2,0.8831250071525574,0.9554468393325806,117.0,257.0,0.364084647744894,0.8522988557815552,0.9268749952316284,1343.0,1483.0,0.7191238403320312,0.5153088569641113,2264.0,929.0,0.6298592582208685,0.2514101564884186,0.12111800909042358,7863.0,312.0
3,0.9081249833106995,0.971713662147522,80.0,214.0,0.3133880446851254,0.8765859007835388,0.949999988079071,1386.0,1520.0,0.6279028654098511,0.48189422488212585,2071.0,2159.0,0.6507056361768214,0.1895645707845688,0.19604037702083588,6633.0,505.0
4,0.9284374713897705,0.9844664335250854,62.0,167.0,0.265612308382988,0.9020527601242065,0.9612500071525574,1433.0,1538.0,0.6490147709846497,0.5312656760215759,2029.0,1961.0,0.637644690665286,0.21810206770896912,0.2123447209596634,6831.0,547.0
5,0.9424999952316284,0.9887937307357788,57.0,127.0,0.23749249309301376,0.9239521026611328,0.9643750190734863,1473.0,1543.0,0.6173469424247742,0.5257094502449036,1909.0,2441.0,0.691037262266241,0.21460746228694916,0.2589285671710968,6351.0,667.0
6,0.9537500143051147,0.9924023151397705,36.0,112.0,0.21184548303484918,0.9331742525100708,0.9775000214576721,1488.0,1564.0,0.6340605020523071,0.5408138036727905,2017.0,2143.0,0.6866360293736683,0.20688378810882568,0.21700310707092285,6649.0,559.0
7,0.9609375,0.9945204854011536,32.0,93.0,0.19098297603428363,0.9440096616744995,0.9800000190734863,1507.0,1568.0,0.6191062927246094,0.5395928621292114,1912.0,2418.0,0.7381137374167204,0.21544452011585236,0.25776398181915283,6374.0,664.0
