,accuracy,auc,false_negatives,false_positives,loss,precision,recall,true_negatives,true_positives,val_accuracy,val_auc,val_false_negatives,val_false_positives,val_loss,val_precision,val_recall,val_true_negatives,val_true_positives
0,0.9131249785423279,0.9654783606529236,199.0,218.0,0.2536991516252359,0.9098801016807556,0.9170833230018616,2182.0,2201.0,0.6485042572021484,0.9444600939750671,8.0,650.0,0.684442901203775,0.21686747670173645,0.957446813583374,1034.0,180.0
1,0.9295833110809326,0.9769357442855835,157.0,181.0,0.21798828805486362,0.9253300428390503,0.934583306312561,2219.0,2243.0,0.5769230723381042,0.9474055171012878,5.0,787.0,0.792820185677618,0.18865978717803955,0.9734042286872864,897.0,183.0
2,0.9387500286102295,0.9835219979286194,135.0,159.0,0.19334510480364164,0.9344059228897095,0.9437500238418579,2241.0,2265.0,0.569978654384613,0.9485868811607361,5.0,800.0,0.8051946901867533,0.18616479635238647,0.9734042286872864,884.0,183.0
3,0.9431250095367432,0.9870080351829529,128.0,145.0,0.18031711240609488,0.940008282661438,0.9466666579246521,2255.0,2272.0,0.5293803215026855,0.9504377245903015,4.0,877.0,0.9052003357145522,0.17342129349708557,0.978723406791687,807.0,184.0
4,0.9527083039283752,0.9903813004493713,108.0,119.0,0.16243147800366084,0.9506428837776184,0.9549999833106995,2281.0,2292.0,0.5170940160751343,0.9465669393539429,4.0,900.0,0.9331750925789531,0.169741690158844,0.978723406791687,784.0,184.0
5,0.9583333134651184,0.9915227293968201,90.0,110.0,0.1548445756236712,0.9545454382896423,0.9624999761581421,2290.0,2310.0,0.5758547186851501,0.9445673823356628,4.0,790.0,0.827957442173591,0.18891170620918274,0.978723406791687,894.0,184.0
