,accuracy,auc,false_negatives,false_positives,loss,precision,recall,true_negatives,true_positives,val_accuracy,val_auc,val_false_negatives,val_false_positives,val_loss,val_precision,val_recall,val_true_negatives,val_true_positives
0,0.8739583492279053,0.9501209259033203,332.0,273.0,0.29269225815931954,0.8833831548690796,0.8616666793823242,2127.0,2068.0,0.761444091796875,0.3409103453159332,1091.0,931.0,0.7979982379699102,0.005341880489140749,0.004562043584883213,6449.0,5.0
1,0.9302083253860474,0.9836224913597107,160.0,175.0,0.19942797765135764,0.9275362491607666,0.9333333373069763,2225.0,2240.0,0.676852285861969,0.31139513850212097,1088.0,1651.0,0.9123228764466488,0.00482218200340867,0.007299270015209913,5729.0,8.0
2,0.9558333158493042,0.9912590980529785,101.0,111.0,0.16364552780985833,0.9539418816566467,0.9579166769981384,2289.0,2299.0,0.6880604028701782,0.3350641429424286,1088.0,1556.0,0.891716556286913,0.005115089472383261,0.007299270015209913,5824.0,8.0
3,0.9662500023841858,0.994166910648346,84.0,78.0,0.1419889122992754,0.9674185514450073,0.9649999737739563,2322.0,2316.0,0.6962010264396667,0.3115026652812958,1084.0,1491.0,0.9263748650901888,0.007984031923115253,0.010948904789984226,5889.0,12.0
4,0.9739583134651184,0.9968675971031189,57.0,68.0,0.12390490598976613,0.971795916557312,0.9762499928474426,2332.0,2343.0,0.6911278963088989,0.3303185999393463,1086.0,1532.0,0.9019699496950615,0.0064850845374166965,0.009124087169766426,5848.0,10.0
5,0.9770833253860474,0.9978329539299011,48.0,62.0,0.1104367259144783,0.9743164777755737,0.9800000190734863,2338.0,2352.0,0.6885323524475098,0.32677149772644043,1088.0,1552.0,0.9297802922522026,0.0051282052882015705,0.007299270015209913,5828.0,8.0
