,accuracy,auc,false_negatives,false_positives,loss,precision,recall,true_negatives,true_positives,val_accuracy,val_auc,val_false_negatives,val_false_positives,val_loss,val_precision,val_recall,val_true_negatives,val_true_positives
0,0.8731250166893005,0.9405578374862671,321.0,288.0,0.3158736460407575,0.8783270120620728,0.8662499785423279,2112.0,2079.0,0.8827574253082275,0.8842865824699402,291.0,374.0,0.2923486712999505,0.5858250260353088,0.6451219320297241,4478.0,529.0
1,0.9110416769981384,0.9725955724716187,223.0,204.0,0.23507779409488042,0.9143217206001282,0.9070833325386047,2196.0,2177.0,0.8674188852310181,0.8812577724456787,232.0,520.0,0.3231312863749409,0.5306859016418457,0.7170731425285339,4332.0,588.0
2,0.9360416531562805,0.9831117987632751,153.0,154.0,0.19914662117759388,0.9358600378036499,0.9362499713897705,2246.0,2247.0,0.8413258194923401,0.8734095096588135,202.0,698.0,0.36545198117560157,0.46960484981536865,0.7536585330963135,4154.0,618.0
3,0.9481250047683716,0.9880833029747009,130.0,119.0,0.1788212226331234,0.9501883387565613,0.9458333253860474,2281.0,2270.0,0.8411495089530945,0.8749521970748901,194.0,707.0,0.3718245005910252,0.46961739659309387,0.7634146213531494,4145.0,626.0
4,0.9554166793823242,0.9912814497947693,111.0,103.0,0.16169139216343562,0.9569398164749146,0.9537500143051147,2297.0,2289.0,0.8519040942192078,0.8890488743782043,173.0,667.0,0.3425955277235787,0.49238964915275574,0.7890244126319885,4185.0,647.0
5,0.9647916555404663,0.9942315220832825,78.0,91.0,0.1443218056857586,0.9622876048088074,0.9674999713897705,2309.0,2322.0,0.8517277836799622,0.8837156295776367,197.0,644.0,0.3380727260590272,0.4917127192020416,0.7597560882568359,4208.0,623.0
