,accuracy,auc,false_negatives,false_positives,loss,pr,precision,recall,true_negatives,true_positives,val_accuracy,val_auc,val_false_negatives,val_false_positives,val_loss,val_pr,val_precision,val_recall,val_true_negatives,val_true_positives
0,0.8879166841506958,0.9577487111091614,268.0,270.0,0.27246132070819534,0.959708571434021,0.887593686580658,0.8883333206176758,2130.0,2132.0,0.9883843660354614,0.0,0.0,44.0,0.07022577855016135,0.0,0.0,0.0,3744.0,0.0
1,0.9304166436195374,0.9804326891899109,162.0,172.0,0.20758586183190345,0.9808310270309448,0.9286307096481323,0.9325000047683716,2228.0,2238.0,0.9907602667808533,0.0,0.0,35.0,0.05685984557878065,0.0,0.0,0.0,3753.0,0.0
2,0.9429166913032532,0.9868883490562439,122.0,152.0,0.18213121886054676,0.9872499704360962,0.9374485611915588,0.9491666555404663,2248.0,2278.0,0.9889123439788818,0.0,0.0,42.0,0.05501896857334165,0.0,0.0,0.0,3746.0,0.0
3,0.9541666507720947,0.9912669658660889,108.0,112.0,0.16082207078735034,0.9914323687553406,0.9534109830856323,0.9549999833106995,2288.0,2292.0,0.9833685159683228,0.0,0.0,63.0,0.07721211313178572,0.0,0.0,0.0,3725.0,0.0
4,0.9581249952316284,0.9931009411811829,96.0,105.0,0.14774954239527385,0.9932800531387329,0.9564134478569031,0.9599999785423279,2295.0,2304.0,0.9849525094032288,0.0,0.0,57.0,0.06861182842738021,0.0,0.0,0.0,3731.0,0.0
5,0.9670833349227905,0.9959623217582703,83.0,75.0,0.12977063931524754,0.9960758090019226,0.9686455130577087,0.965416669845581,2325.0,2317.0,0.987856388092041,0.0,0.0,46.0,0.06796849702721916,0.0,0.0,0.0,3742.0,0.0
6,0.9735416769981384,0.9970769286155701,64.0,63.0,0.11962589266399543,0.9969954490661621,0.9737390875816345,0.9733333587646484,2337.0,2336.0,0.9815205931663513,0.0,0.0,70.0,0.07913701113514059,0.0,0.0,0.0,3718.0,0.0
7,0.9795833230018616,0.9982844591140747,55.0,43.0,0.10660682631035646,0.9983834028244019,0.9819933176040649,0.9770833253860474,2357.0,2345.0,0.9844244718551636,0.0,0.0,59.0,0.06781311820968278,0.0,0.0,0.0,3729.0,0.0
