,accuracy,auc,false_negatives,false_positives,loss,pr,precision,recall,true_negatives,true_positives,val_accuracy,val_auc,val_false_negatives,val_false_positives,val_loss,val_pr,val_precision,val_recall,val_true_negatives,val_true_positives
0,0.87520831823349,0.9400065541267395,309.0,290.0,0.3152961292862892,0.9435123205184937,0.8782024383544922,0.8712499737739563,2110.0,2091.0,0.8545486330986023,0.868220865726471,271.0,554.0,0.3379118294154303,0.5673387050628662,0.4977334439754486,0.6695122122764587,4298.0,549.0
1,0.9133333563804626,0.9721060991287231,213.0,203.0,0.23203038146098454,0.9720602631568909,0.9150627851486206,0.9112499952316284,2197.0,2187.0,0.8490832448005676,0.8649489879608154,289.0,567.0,0.33943907502507964,0.5512152910232544,0.4836065471172333,0.6475609540939331,4285.0,531.0
2,0.9327083230018616,0.9832186698913574,159.0,164.0,0.19578975627819697,0.984053373336792,0.9318087100982666,0.9337499737739563,2236.0,2241.0,0.8649506568908691,0.8652353286743164,327.0,439.0,0.31572785843242546,0.583559513092041,0.528969943523407,0.6012195348739624,4413.0,493.0
3,0.9452083110809326,0.9877792596817017,126.0,137.0,0.1735604277253151,0.988265872001648,0.9431771039962769,0.9474999904632568,2263.0,2274.0,0.8462623357772827,0.8801396489143372,229.0,643.0,0.3410366201938796,0.6082368493080139,0.4789302945137024,0.7207317352294922,4209.0,591.0
4,0.9572916626930237,0.991871178150177,95.0,110.0,0.1563426648080349,0.992282509803772,0.954451322555542,0.9604166746139526,2290.0,2305.0,0.8358603715896606,0.8853445649147034,171.0,760.0,0.36544335928807303,0.6241014003753662,0.46061035990715027,0.7914634346961975,4092.0,649.0
5,0.9647916555404663,0.9945014119148254,75.0,94.0,0.1374439513683319,0.9947992563247681,0.9611409902572632,0.96875,2306.0,2325.0,0.8452045321464539,0.8788087964057922,226.0,652.0,0.3437222853534144,0.6120460033416748,0.4767255187034607,0.7243902683258057,4200.0,594.0
6,0.9679166674613953,0.9961096048355103,74.0,80.0,0.12620007907350858,0.9961757659912109,0.9667497873306274,0.9691666960716248,2320.0,2326.0,0.8608956336975098,0.875237226486206,273.0,516.0,0.32099221737159495,0.5938936471939087,0.5145813822746277,0.6670731902122498,4336.0,547.0
7,0.9727083444595337,0.996850311756134,60.0,71.0,0.11904965010782083,0.9969476461410522,0.970551609992981,0.9750000238418579,2329.0,2340.0,0.8411495089530945,0.8802797198295593,202.0,699.0,0.36159421892361177,0.6085524559020996,0.46924829483032227,0.7536585330963135,4153.0,618.0
