,accuracy,auc,false_negatives,false_positives,loss,pr,precision,recall,true_negatives,true_positives,val_accuracy,val_auc,val_false_negatives,val_false_positives,val_loss,val_pr,val_precision,val_recall,val_true_negatives,val_true_positives
0,0.878125011920929,0.9507480263710022,317.0,268.0,0.28698661978046097,0.9492847919464111,0.8860059380531311,0.8679166436195374,2132.0,2083.0,0.7501179575920105,0.30763086676597595,1091.0,1027.0,0.8929042922488469,0.086301289498806,0.00484496122226119,0.004562043584883213,6353.0,5.0
1,0.9356250166893005,0.9836108684539795,161.0,148.0,0.19108931615948677,0.9834363460540771,0.9379974603652954,0.9329166412353516,2252.0,2239.0,0.6971448659896851,0.30222105979919434,1074.0,1493.0,0.9657264401351241,0.085602767765522,0.014521452598273754,0.020072992891073227,5887.0,22.0
2,0.9591666460037231,0.992506742477417,105.0,91.0,0.14853219993412495,0.9918538928031921,0.9618608355522156,0.956250011920929,2309.0,2295.0,0.6869986057281494,0.3022368848323822,1076.0,1577.0,0.976560314782333,0.08563446998596191,0.012523481622338295,0.018248174339532852,5803.0,20.0
3,0.9660416841506958,0.9950270056724548,80.0,83.0,0.13184443699816864,0.9949171543121338,0.9654598236083984,0.9666666388511658,2317.0,2320.0,0.6807456612586975,0.2986104488372803,1063.0,1643.0,1.0033809329159364,0.08515771478414536,0.019689736887812614,0.03010948933660984,5737.0,33.0
4,0.9770833253860474,0.9971526265144348,55.0,55.0,0.11171123777826628,0.9970612525939941,0.9770833253860474,0.9770833253860474,2345.0,2345.0,0.6788579225540161,0.3033674359321594,1064.0,1658.0,1.0119751647937518,0.08571289479732513,0.018934911116957664,0.029197080060839653,5722.0,32.0
5,0.981458306312561,0.9976953864097595,48.0,41.0,0.10217655174434186,0.997494101524353,0.9828667044639587,0.9800000190734863,2359.0,2352.0,0.6755545139312744,0.287975937128067,1069.0,1681.0,1.0291977676370898,0.08405676484107971,0.01580796204507351,0.024635037407279015,5699.0,27.0
