,accuracy,auc,false_negatives,false_positives,loss,pr,precision,recall,true_negatives,true_positives,val_accuracy,val_auc,val_false_negatives,val_false_positives,val_loss,val_pr,val_precision,val_recall,val_true_negatives,val_true_positives
0,0.9312499761581421,0.9783017635345459,149.0,181.0,0.2010933228333791,0.9764675498008728,0.9255756735801697,0.9379166960716248,2219.0,2251.0,0.6971153616905212,0.9440352320671082,10.0,557.0,0.679504161207085,0.8133944869041443,0.2421768754720688,0.9468085169792175,1127.0,178.0
1,0.9458333253860474,0.9853375554084778,118.0,142.0,0.17404996551573276,0.9834750890731812,0.9414191246032715,0.9508333206176758,2258.0,2282.0,0.5769230723381042,0.9471607208251953,4.0,788.0,0.9416494731210235,0.8014874458312988,0.18930041790008545,0.978723406791687,896.0,184.0
2,0.9566666483879089,0.9904893040657043,91.0,117.0,0.15098039644459885,0.9887308478355408,0.9517724514007568,0.9620833396911621,2283.0,2309.0,0.6137820482254028,0.9627344012260437,4.0,719.0,0.8105528502382784,0.868292510509491,0.20376522839069366,0.978723406791687,965.0,184.0
3,0.9579166769981384,0.9931153655052185,95.0,107.0,0.138104346866409,0.9915328621864319,0.9556384682655334,0.9604166746139526,2293.0,2305.0,0.6420940160751343,0.9517343640327454,6.0,664.0,0.7935650093942626,0.8314537405967712,0.215130016207695,0.9680851101875305,1020.0,182.0
4,0.9652083516120911,0.9933345317840576,76.0,91.0,0.13407200324038665,0.9916413426399231,0.9623188376426697,0.9683333039283752,2309.0,2324.0,0.6030982732772827,0.9548550844192505,4.0,739.0,0.893046973607479,0.8457925319671631,0.19934993982315063,0.978723406791687,945.0,184.0
5,0.9743750095367432,0.9961073398590088,51.0,72.0,0.11502818619211515,0.9943424463272095,0.9702602028846741,0.9787499904632568,2328.0,2349.0,0.6752136945724487,0.9539123177528381,6.0,602.0,0.6983323020812793,0.8481835126876831,0.2321428507566452,0.9680851101875305,1082.0,182.0
