,accuracy,auc,false_negatives,false_positives,loss,pr,precision,recall,true_negatives,true_positives,val_accuracy,val_auc,val_false_negatives,val_false_positives,val_loss,val_pr,val_precision,val_recall,val_true_negatives,val_true_positives
0,0.8679166436195374,0.9384992122650146,333.0,301.0,0.31869033848245937,0.9340841174125671,0.8728885054588318,0.8612499833106995,2099.0,2067.0,0.7312411665916443,0.2704322934150696,1074.0,1204.0,1.013368679814431,0.08224602043628693,0.017944535240530968,0.020072992891073227,6176.0,22.0
1,0.9275000095367432,0.9806936979293823,161.0,187.0,0.19275649547576904,0.980174720287323,0.9229183793067932,0.9329166412353516,2213.0,2239.0,0.6505427360534668,0.2556246817111969,1051.0,1911.0,1.1367570533399145,0.08095166087150574,0.02300613559782505,0.04105839505791664,5469.0,45.0
2,0.9493749737739563,0.9904767274856567,118.0,125.0,0.14674858207503955,0.9901996850967407,0.9480681419372559,0.9508333206176758,2275.0,2282.0,0.7601463198661804,0.2737317681312561,1089.0,944.0,1.031979509432848,0.08272576332092285,0.007360673043876886,0.006386861205101013,6436.0,7.0
3,0.9629166722297668,0.9940170049667358,73.0,105.0,0.12436222309867541,0.9940308928489685,0.9568256735801697,0.9695833325386047,2295.0,2327.0,0.6241151690483093,0.2810031771659851,1053.0,2133.0,1.2320946578205392,0.0833473727107048,0.01976102963089943,0.039233576506376266,5247.0,43.0
4,0.9683333039283752,0.9959694147109985,72.0,80.0,0.10794765842457613,0.9957749247550964,0.9667773842811584,0.9700000286102295,2320.0,2328.0,0.7192071676254272,0.30229049921035767,1085.0,1295.0,1.052469937685471,0.08561820536851883,0.008422664366662502,0.010036496445536613,6085.0,11.0
5,0.9783333539962769,0.9981856346130371,41.0,63.0,0.08776934736718735,0.9981740713119507,0.97398841381073,0.9829166531562805,2337.0,2359.0,0.7129542231559753,0.30043825507164,1079.0,1354.0,1.0708591511025638,0.08538339287042618,0.012399707920849323,0.015510949306190014,6026.0,17.0
