,accuracy,auc,false_negatives,false_positives,loss,pr,precision,recall,true_negatives,true_positives,val_accuracy,val_auc,val_false_negatives,val_false_positives,val_loss,val_pr,val_precision,val_recall,val_true_negatives,val_true_positives
0,0.9018181562423706,0.9601568579673767,212.0,220.0,0.25911985885013233,0.9561774730682373,0.9003623127937317,0.9036363363265991,1980.0,1988.0,0.7623322606086731,0.8106455206871033,1355.0,1054.0,0.540096213286941,0.6200270652770996,0.5881203413009644,0.5262237787246704,6222.0,1505.0
1,0.9368181824684143,0.9834114909172058,133.0,145.0,0.18083632417700507,0.98148512840271,0.9344484806060791,0.9395454525947571,2055.0,2067.0,0.752663791179657,0.7842862606048584,1421.0,1086.0,0.5921552921244735,0.6074345111846924,0.5699009895324707,0.5031468272209167,6190.0,1439.0
2,0.9570454359054565,0.9911428689956665,72.0,117.0,0.14383654274723748,0.9901372194290161,0.947884202003479,0.9672726988792419,2083.0,2128.0,0.749112069606781,0.8128713369369507,1072.0,1471.0,0.5596191111566894,0.6365909576416016,0.5486345291137695,0.6251748204231262,5805.0,1788.0
3,0.9629545211791992,0.9943535923957825,64.0,99.0,0.12049500048160552,0.993232011795044,0.9557046890258789,0.9709091186523438,2101.0,2136.0,0.7674624919891357,0.823037326335907,1017.0,1340.0,0.5467560698455398,0.6487308740615845,0.5790135264396667,0.6444056034088135,5936.0,1843.0
4,0.9786363840103149,0.9970904588699341,39.0,55.0,0.0967692294716835,0.9961503148078918,0.9751805067062378,0.982272744178772,2145.0,2161.0,0.759273886680603,0.8217021226882935,1232.0,1208.0,0.5551153352953077,0.6377230882644653,0.5740479826927185,0.5692307949066162,6068.0,1628.0
5,0.9797727465629578,0.9975697994232178,47.0,42.0,0.09087206211957065,0.9975491762161255,0.9808655977249146,0.9786363840103149,2158.0,2153.0,0.7699289917945862,0.816606879234314,1442.0,890.0,0.5741633138698015,0.6376854777336121,0.6143847703933716,0.49580419063568115,6386.0,1418.0
