,accuracy,auc,false_negatives,false_positives,loss,pr,precision,recall,true_negatives,true_positives,val_accuracy,val_auc,val_false_negatives,val_false_positives,val_loss,val_pr,val_precision,val_recall,val_true_negatives,val_true_positives
0,0.8268181681632996,0.9080647826194763,327.0,435.0,0.3852581717751243,0.8999032974243164,0.8115251064300537,0.8513636589050293,1765.0,1873.0,0.8529695272445679,0.7847527265548706,1049.0,476.0,0.43199853444485603,0.49232396483421326,0.5436241626739502,0.3508663475513458,8280.0,567.0
1,0.9131818413734436,0.9694814682006836,154.0,228.0,0.23683561701666225,0.9672326445579529,0.8997361660003662,0.9300000071525574,1972.0,2046.0,0.7839375138282776,0.6960209608078003,965.0,1276.0,0.5516004782404235,0.4203483462333679,0.3378308117389679,0.4028465449810028,7480.0,651.0
2,0.9370454549789429,0.9822955131530762,108.0,169.0,0.1879811033335599,0.980286717414856,0.9252542853355408,0.9509090781211853,2031.0,2092.0,0.792325496673584,0.6897002458572388,995.0,1159.0,0.5836801620123414,0.4013315737247467,0.348876416683197,0.3842821717262268,7597.0,621.0
3,0.9529545307159424,0.9902141690254211,71.0,136.0,0.1534859830953858,0.989899218082428,0.9399558305740356,0.9677272439002991,2064.0,2129.0,0.7714037895202637,0.6839878559112549,968.0,1403.0,0.6025998263206438,0.4032745957374573,0.3159434497356415,0.4009900987148285,7353.0,648.0
4,0.9622727036476135,0.9945900440216064,56.0,110.0,0.12589974064718593,0.994554340839386,0.9511978626251221,0.9745454788208008,2090.0,2144.0,0.8096799254417419,0.7115687727928162,1023.0,951.0,0.5467004523918929,0.42585325241088867,0.3840673565864563,0.3669554591178894,7805.0,593.0
5,0.9711363911628723,0.9961325526237488,45.0,82.0,0.10881548445333133,0.996028482913971,0.9633437395095825,0.9795454740524292,2118.0,2155.0,0.7710181474685669,0.6896156072616577,963.0,1412.0,0.6390520671689276,0.40211138129234314,0.31622275710105896,0.40408414602279663,7344.0,653.0
