,accuracy,auc,false_negatives,false_positives,loss,pr,precision,recall,true_negatives,true_positives,val_accuracy,val_auc,val_false_negatives,val_false_positives,val_loss,val_pr,val_precision,val_recall,val_true_negatives,val_true_positives
0,0.9195833206176758,0.9741964340209961,191.0,195.0,0.21215538809696832,0.9734413623809814,0.9188851714134216,0.9204166531562805,2205.0,2209.0,0.8585680723190308,0.63116055727005,147.0,335.0,0.7323016157032738,0.10231707990169525,0.1540404111146927,0.29326921701431274,2865.0,61.0
1,0.9302083253860474,0.982680082321167,142.0,193.0,0.18075501672923566,0.9825207591056824,0.9212566018104553,0.940833330154419,2207.0,2258.0,0.8535798192024231,0.635187029838562,142.0,357.0,0.72683947816701,0.10093127191066742,0.1560283750295639,0.3173076808452606,2843.0,66.0
2,0.9516666531562805,0.9913526773452759,108.0,124.0,0.14493040268619856,0.9915878772735596,0.9486755132675171,0.9549999833106995,2276.0,2292.0,0.8110328912734985,0.6596567034721375,126.0,518.0,0.8511050107053748,0.10538262873888016,0.1366666704416275,0.39423078298568726,2682.0,82.0
3,0.9627083539962769,0.9952511191368103,85.0,94.0,0.12134976794322332,0.9953428506851196,0.9609796404838562,0.9645833373069763,2306.0,2315.0,0.8532863855361938,0.6180108189582825,143.0,357.0,0.7462805091215411,0.09823640435934067,0.15402843058109283,0.3125,2843.0,65.0
4,0.9639583230018616,0.9955291152000427,72.0,101.0,0.11545435649653275,0.9956488013267517,0.9584190845489502,0.9700000286102295,2299.0,2328.0,0.8394953012466431,0.6164956092834473,142.0,405.0,0.7949211561064206,0.0931309312582016,0.14012739062309265,0.3173076808452606,2795.0,66.0
5,0.9747916460037231,0.9969090819358826,52.0,69.0,0.10066001509626707,0.9969765543937683,0.9714522361755371,0.9783333539962769,2331.0,2348.0,0.8597418069839478,0.6155266761779785,151.0,327.0,0.7595863421338265,0.09713791310787201,0.1484375,0.2740384638309479,2873.0,57.0
6,0.9797916412353516,0.9985299706459045,40.0,57.0,0.08521305116514365,0.998589277267456,0.976417064666748,0.9833333492279053,2343.0,2360.0,0.8515258431434631,0.6589174866676331,143.0,363.0,0.7581497720429595,0.10579553991556168,0.15186916291713715,0.3125,2837.0,65.0
