,accuracy,auc,false_negatives,false_positives,loss,pr,precision,recall,true_negatives,true_positives,val_accuracy,val_auc,val_false_negatives,val_false_positives,val_loss,val_pr,val_precision,val_recall,val_true_negatives,val_true_positives
0,0.7562500238418579,0.8281142115592957,364.0,416.0,0.5434164275228978,0.7898494601249695,0.7481840252876282,0.7724999785423279,1184.0,1236.0,0.7421709895133972,0.781389594078064,745.0,2186.0,0.718727247216683,0.5158383250236511,0.4558127820491791,0.7107919454574585,6606.0,1831.0
1,0.8903124928474426,0.9583737850189209,130.0,221.0,0.27063421964645384,0.9556052684783936,0.8693081140518188,0.918749988079071,1379.0,1470.0,0.6965165138244629,0.761361300945282,809.0,2641.0,0.779845876982311,0.4284176230430603,0.40086206793785095,0.6859471797943115,6151.0,1767.0
2,0.9240624904632568,0.9810300469398499,94.0,149.0,0.2013706598430872,0.9811464548110962,0.9099698066711426,0.9412500262260437,1451.0,1506.0,0.6686312556266785,0.71795254945755,1071.0,2696.0,0.8774347817662902,0.3839016556739807,0.3582480251789093,0.58423912525177,6096.0,1505.0
3,0.9493749737739563,0.9897755980491638,50.0,112.0,0.16015006408095359,0.989478349685669,0.9326112866401672,0.96875,1488.0,1550.0,0.692294180393219,0.7185000777244568,1326.0,2172.0,0.8058383885107772,0.3777845501899719,0.36528345942497253,0.4852484464645386,6620.0,1250.0
4,0.9671875238418579,0.9957728981971741,37.0,68.0,0.12398243747651577,0.9957716464996338,0.9583078026771545,0.9768750071525574,1532.0,1563.0,0.6974841952323914,0.7270725965499878,1378.0,2061.0,0.8025782756995014,0.39144402742385864,0.36759743094444275,0.46506211161613464,6731.0,1198.0
5,0.9756249785423279,0.9977293610572815,23.0,55.0,0.10287599544972181,0.9977339506149292,0.9662989974021912,0.9856250286102295,1545.0,1577.0,0.6960766911506653,0.7216296792030334,1348.0,2107.0,0.8574465088111091,0.3825101852416992,0.3682158887386322,0.4767080843448639,6685.0,1228.0
