,accuracy,auc,false_negatives,false_positives,loss,pr,precision,recall,true_negatives,true_positives,val_accuracy,val_auc,val_false_negatives,val_false_positives,val_loss,val_pr,val_precision,val_recall,val_true_negatives,val_true_positives
0,0.8899999856948853,0.9588981866836548,260.0,268.0,0.26205738191803296,0.9588554501533508,0.8887042999267578,0.8916666507720947,2132.0,2140.0,0.9936642050743103,0.0,0.0,24.0,0.0339652154232752,0.0,0.0,0.0,3764.0,0.0
1,0.9256250262260437,0.9805904030799866,169.0,188.0,0.19390115420023601,0.9814854264259338,0.9222819209098816,0.9295833110809326,2212.0,2231.0,0.9886483550071716,0.0,0.0,43.0,0.038613359108488565,0.0,0.0,0.0,3745.0,0.0
2,0.9435416460037231,0.9871410727500916,121.0,150.0,0.16481738368670146,0.9875999689102173,0.9382461905479431,0.9495833516120911,2250.0,2279.0,0.9825765490531921,0.0,0.0,66.0,0.07336520914031623,0.0,0.0,0.0,3722.0,0.0
3,0.9583333134651184,0.9927619099617004,94.0,106.0,0.13577591453989346,0.993057131767273,0.9560530781745911,0.9608333110809326,2294.0,2306.0,0.989176332950592,0.0,0.0,41.0,0.04590441396316354,0.0,0.0,0.0,3747.0,0.0
4,0.9662500023841858,0.9947792291641235,73.0,89.0,0.11989675305783748,0.9949572682380676,0.9631622433662415,0.9695833325386047,2311.0,2327.0,0.9802006483078003,0.0,0.0,75.0,0.06504379495301744,0.0,0.0,0.0,3713.0,0.0
5,0.9743750095367432,0.996890664100647,61.0,62.0,0.10310508494575818,0.9970337152481079,0.9741774201393127,0.9745833277702332,2338.0,2339.0,0.9788807034492493,0.0,0.0,80.0,0.07180096636257806,0.0,0.0,0.0,3708.0,0.0
