,accuracy,auc,false_negatives,false_positives,loss,pr,precision,recall,true_negatives,true_positives,val_accuracy,val_auc,val_false_negatives,val_false_positives,val_loss,val_pr,val_precision,val_recall,val_true_negatives,val_true_positives
0,0.8627272844314575,0.9334939122200012,299.0,305.0,0.3301254569400441,0.9285974502563477,0.8617407083511353,0.8640909194946289,1895.0,1901.0,0.8655115365982056,0.7074746489524841,529.0,612.0,0.38165738070028,0.2469017654657364,0.2973593473434448,0.32868021726608276,7084.0,259.0
1,0.9254545569419861,0.976783812046051,145.0,183.0,0.2083033862439069,0.9759290814399719,0.9182305335998535,0.9340909123420715,2017.0,2055.0,0.8056341409683228,0.6898606419563293,457.0,1192.0,0.48120915211775794,0.27260613441467285,0.21733421087265015,0.4200507700443268,6504.0,331.0
2,0.949999988079071,0.9873443245887756,95.0,125.0,0.16185214925896038,0.9860257506370544,0.9439461827278137,0.956818163394928,2075.0,2105.0,0.800565779209137,0.7403388023376465,405.0,1287.0,0.48498500390408605,0.29262617230415344,0.2293413132429123,0.4860406219959259,6409.0,383.0
3,0.9590908885002136,0.9929925203323364,69.0,111.0,0.13298433777960864,0.9927350878715515,0.9504906535148621,0.9686363339424133,2089.0,2131.0,0.8609146475791931,0.7282529473304749,508.0,672.0,0.39340580841776673,0.27421826124191284,0.29411765933036804,0.3553299605846405,7024.0,280.0
4,0.9738636612892151,0.9960602521896362,46.0,69.0,0.10865373519333926,0.996080219745636,0.9689608812332153,0.9790909290313721,2131.0,2154.0,0.8446487784385681,0.7731955647468567,410.0,908.0,0.40252704378120857,0.33963051438331604,0.2939346730709076,0.4796954393386841,6788.0,378.0
5,0.9784091114997864,0.9977554082870483,36.0,59.0,0.09486903377554634,0.9977469444274902,0.9734593033790588,0.9836363792419434,2141.0,2164.0,0.8599717020988464,0.7437180280685425,461.0,727.0,0.39852141746649594,0.31119245290756226,0.31024667620658875,0.4149746298789978,6969.0,327.0
