,accuracy,auc,false_negatives,false_positives,loss,pr,precision,recall,true_negatives,true_positives,val_accuracy,val_auc,val_false_negatives,val_false_positives,val_loss,val_pr,val_precision,val_recall,val_true_negatives,val_true_positives
0,0.8912500143051147,0.9552024006843567,278.0,244.0,0.271598724698027,0.9583321213722229,0.896872341632843,0.8841666579246521,2156.0,2122.0,0.8571932315826416,0.8702451586723328,230.0,580.0,0.3687133037909466,0.6213656663894653,0.504273533821106,0.7195122241973877,4272.0,590.0
1,0.9322916865348816,0.9797651171684265,168.0,157.0,0.18782078772783278,0.98072749376297,0.934282124042511,0.9300000071525574,2243.0,2232.0,0.8700634837150574,0.8588689565658569,318.0,419.0,0.34941091570262345,0.5853859186172485,0.5450597405433655,0.6121951341629028,4433.0,502.0
2,0.9483333230018616,0.9887442588806152,119.0,129.0,0.14765732077260812,0.9894888401031494,0.9464730024337769,0.9504166841506958,2271.0,2281.0,0.8388575315475464,0.8415231108665466,289.0,625.0,0.4061820030800883,0.5520941019058228,0.4593425691127777,0.6475609540939331,4227.0,531.0
3,0.9581249952316284,0.9928953051567078,95.0,106.0,0.12461063841978709,0.9932500123977661,0.9560348391532898,0.9604166746139526,2294.0,2305.0,0.8199929594993591,0.8137419819831848,315.0,706.0,0.46695117826858595,0.501704752445221,0.41701072454452515,0.6158536672592163,4146.0,505.0
4,0.9695833325386047,0.9956681728363037,73.0,73.0,0.10792050566524267,0.9958623051643372,0.9695833325386047,0.9695833325386047,2327.0,2327.0,0.8503173589706421,0.8633312582969666,276.0,573.0,0.39958331148614334,0.5779348015785217,0.48701879382133484,0.6634146571159363,4279.0,544.0
5,0.9750000238418579,0.9972905516624451,55.0,65.0,0.09068314980715514,0.9973552227020264,0.9730290174484253,0.9770833253860474,2335.0,2345.0,0.8628349900245667,0.8561215400695801,325.0,453.0,0.37639621480227525,0.5727875232696533,0.5221518874168396,0.6036585569381714,4399.0,495.0
6,0.9820833206176758,0.9987134337425232,44.0,42.0,0.07649089435736338,0.9987450838088989,0.9824854135513306,0.9816666841506958,2358.0,2356.0,0.8633639216423035,0.84147709608078,354.0,421.0,0.3937181911952741,0.5389906167984009,0.5253664255142212,0.5682926774024963,4431.0,466.0
