,accuracy,auc,false_negatives,false_positives,loss,pr,precision,recall,true_negatives,true_positives,val_accuracy,val_auc,val_false_negatives,val_false_positives,val_loss,val_pr,val_precision,val_recall,val_true_negatives,val_true_positives
0,0.8486363887786865,0.9244533777236938,289.0,377.0,0.3512675037167289,0.915276050567627,0.8352272510528564,0.8686363697052002,1823.0,1911.0,0.7895295023918152,0.7046263217926025,1090.0,1093.0,0.5656382996356204,0.3873971104621887,0.3248918950557709,0.32549506425857544,7663.0,526.0
1,0.9138636589050293,0.9693903923034668,150.0,229.0,0.23115660152652046,0.9666330814361572,0.8995173573493958,0.9318181872367859,1971.0,2050.0,0.7706324458122253,0.7174818515777588,961.0,1418.0,0.5633742757374332,0.42081451416015625,0.3159672021865845,0.40532177686691284,7338.0,655.0
2,0.9363636374473572,0.9835246801376343,117.0,163.0,0.18204857728698037,0.9821536540985107,0.9274265170097351,0.9468181729316711,2037.0,2083.0,0.8008098602294922,0.7361103892326355,980.0,1086.0,0.5200178691757447,0.43567317724227905,0.3693379759788513,0.3935643434524536,7670.0,636.0
3,0.9488636255264282,0.9890968799591064,92.0,133.0,0.15350112904201854,0.988448441028595,0.9406514763832092,0.9581817984580994,2067.0,2108.0,0.7584843635559082,0.7608252763748169,896.0,1609.0,0.6016328727048518,0.4317478537559509,0.30914556980133057,0.4455445408821106,7147.0,720.0
4,0.9602272510528564,0.9934861660003662,64.0,111.0,0.12741845642978494,0.992756724357605,0.950600802898407,0.9709091186523438,2089.0,2136.0,0.7849980592727661,0.7265297770500183,980.0,1250.0,0.5741336118477309,0.4172413647174835,0.337221622467041,0.3935643434524536,7506.0,636.0
5,0.9695454835891724,0.9960193037986755,49.0,85.0,0.11186404770070857,0.9960606098175049,0.96198570728302,0.9777272939682007,2115.0,2151.0,0.7870227694511414,0.6791788935661316,1004.0,1205.0,0.6158008642273431,0.40548208355903625,0.3368189334869385,0.37871286273002625,7551.0,612.0
6,0.9752272963523865,0.9976192712783813,33.0,76.0,0.09599822740663182,0.997506856918335,0.9661167860031128,0.9850000143051147,2124.0,2167.0,0.7642691731452942,0.6983856558799744,957.0,1488.0,0.6446172261802423,0.4156629145145416,0.3069399297237396,0.40779703855514526,7268.0,659.0
7,0.9777272939682007,0.9982084035873413,32.0,66.0,0.08819855045188557,0.998196005821228,0.970456600189209,0.9854545593261719,2134.0,2168.0,0.7515426278114319,0.7102773189544678,912.0,1665.0,0.6773329489751989,0.3980681002140045,0.29717180132865906,0.4356435537338257,7091.0,704.0
