,accuracy,auc,false_negatives,false_positives,loss,pr,precision,recall,true_negatives,true_positives,val_accuracy,val_auc,val_false_negatives,val_false_positives,val_loss,val_pr,val_precision,val_recall,val_true_negatives,val_true_positives
0,0.7643749713897705,0.8370151519775391,380.0,374.0,0.5330571845173836,0.8103339672088623,0.7653701305389404,0.762499988079071,1226.0,1220.0,0.7302955389022827,0.7633307576179504,848.0,2218.0,0.8660308922956227,0.4150625765323639,0.4379118084907532,0.6708074808120728,6574.0,1728.0
1,0.8853124976158142,0.9505727887153625,151.0,216.0,0.2890549136698246,0.9448235034942627,0.8702702522277832,0.9056249856948853,1384.0,1449.0,0.7136699557304382,0.742672324180603,1049.0,2206.0,0.7972079741963193,0.3976092040538788,0.40905436873435974,0.5927795171737671,6586.0,1527.0
2,0.9262499809265137,0.978362500667572,95.0,141.0,0.2107125846296549,0.9776817560195923,0.9143378138542175,0.940625011920929,1459.0,1505.0,0.7188599705696106,0.7320098876953125,1384.0,1812.0,0.7721553491841396,0.3855331540107727,0.3968042731285095,0.4627329111099243,6980.0,1192.0
3,0.9431250095367432,0.988845944404602,62.0,120.0,0.1661704398691654,0.9879755973815918,0.9276236295700073,0.9612500071525574,1480.0,1538.0,0.7205313444137573,0.7222561836242676,1596.0,1581.0,0.7796812769730774,0.3772522807121277,0.3826630115509033,0.3804347813129425,7211.0,980.0
4,0.9609375,0.9951406121253967,49.0,76.0,0.1300653971731663,0.99524986743927,0.9532882571220398,0.9693750143051147,1524.0,1551.0,0.6920302510261536,0.6896220445632935,1575.0,1926.0,0.866582314033562,0.34995198249816895,0.34198838472366333,0.38858696818351746,6866.0,1001.0
5,0.9771875143051147,0.9970840811729431,27.0,46.0,0.10744542341679335,0.9967477321624756,0.9715874195098877,0.9831249713897705,1554.0,1573.0,0.7009148597717285,0.7024776339530945,1499.0,1901.0,0.8591398443662307,0.3567467927932739,0.36165210604667664,0.4180900752544403,6891.0,1077.0
6,0.9781249761581421,0.9982045292854309,25.0,45.0,0.09479679495096206,0.998220682144165,0.9722222089767456,0.984375,1555.0,1575.0,0.7002111077308655,0.6935745477676392,1528.0,1880.0,0.8875190322454507,0.3479744493961334,0.3579235076904297,0.4068323075771332,6912.0,1048.0
7,0.984375,0.9989275932312012,22.0,28.0,0.07965645434334874,0.9989067316055298,0.9825654029846191,0.9862499833106995,1572.0,1578.0,0.70645672082901,0.7047572731971741,1480.0,1857.0,0.8759890637038712,0.3542264997959137,0.3711479902267456,0.425465852022171,6935.0,1096.0
