,accuracy,auc,false_negatives,false_positives,loss,pr,precision,recall,true_negatives,true_positives,val_accuracy,val_auc,val_false_negatives,val_false_positives,val_loss,val_pr,val_precision,val_recall,val_true_negatives,val_true_positives
0,0.8893749713897705,0.9554844498634338,274.0,257.0,0.2699206202725569,0.956460177898407,0.892152726650238,0.8858333230018616,2143.0,2126.0,0.9910243153572083,0.0,0.0,34.0,0.0406855068738949,0.0,0.0,0.0,3754.0,0.0
1,0.9283333420753479,0.9793530702590942,170.0,174.0,0.19071345215042432,0.9797354936599731,0.9276206493377686,0.9291666746139526,2226.0,2230.0,0.9860084652900696,0.0,0.0,53.0,0.05211526454439133,0.0,0.0,0.0,3735.0,0.0
2,0.9462500214576721,0.9884517192840576,124.0,134.0,0.15057130619883538,0.9888129830360413,0.9443983435630798,0.9483333230018616,2266.0,2276.0,0.975712776184082,0.0,0.0,92.0,0.07133667184376288,0.0,0.0,0.0,3696.0,0.0
3,0.9641666412353516,0.9931313991546631,80.0,92.0,0.12430036125083764,0.993048369884491,0.9618573784828186,0.9666666388511658,2308.0,2320.0,0.974392831325531,0.0,0.0,97.0,0.0750672736745072,0.0,0.0,0.0,3691.0,0.0
4,0.96895831823349,0.9959405660629272,71.0,78.0,0.1067969261482358,0.9962157607078552,0.9675945043563843,0.9704166650772095,2322.0,2329.0,0.9875923991203308,0.0,0.0,47.0,0.041908884092520256,0.0,0.0,0.0,3741.0,0.0
5,0.9758333563804626,0.9971328973770142,64.0,52.0,0.09428176487485568,0.9972379207611084,0.9782244563102722,0.9733333587646484,2348.0,2336.0,0.9831045269966125,0.0,0.0,64.0,0.05714771590159209,0.0,0.0,0.0,3724.0,0.0
