,accuracy,auc,false_negatives,false_positives,loss,pr,precision,recall,true_negatives,true_positives,val_accuracy,val_auc,val_false_negatives,val_false_positives,val_loss,val_pr,val_precision,val_recall,val_true_negatives,val_true_positives
0,0.9270833134651184,0.9793841242790222,169.0,181.0,0.1883359196037054,0.9792788624763489,0.9249585270881653,0.9295833110809326,2219.0,2231.0,0.8362675905227661,0.6499226093292236,132.0,426.0,0.8718427269251694,0.10573406517505646,0.15139442682266235,0.36538460850715637,2774.0,76.0
1,0.9489583373069763,0.9884746074676514,105.0,140.0,0.14805396114786465,0.9885193109512329,0.9425051212310791,0.956250011920929,2260.0,2295.0,0.8327465057373047,0.6226982474327087,134.0,436.0,0.9011907247310513,0.10067547112703323,0.14509804546833038,0.35576921701431274,2764.0,74.0
2,0.9587500095367432,0.9928311705589294,90.0,108.0,0.12471718523651361,0.9929920434951782,0.9553349614143372,0.9624999761581421,2292.0,2310.0,0.795187771320343,0.6385900378227234,106.0,592.0,1.0003929752419252,0.10540294647216797,0.14697405695915222,0.49038460850715637,2608.0,102.0
3,0.9652083516120911,0.9945161938667297,71.0,96.0,0.112642712444067,0.9945528507232666,0.9604123830795288,0.9704166650772095,2304.0,2329.0,0.783450722694397,0.6476502418518066,103.0,635.0,1.06468880232511,0.10717227309942245,0.14189189672470093,0.504807710647583,2565.0,105.0
4,0.9733333587646484,0.9964783787727356,53.0,75.0,0.09889506009717783,0.9966086149215698,0.9690338373184204,0.9779166579246521,2325.0,2347.0,0.7769953012466431,0.6302892565727234,114.0,646.0,1.0511642171183662,0.1027325764298439,0.1270270198583603,0.45192307233810425,2554.0,94.0
5,0.9775000214576721,0.997739851474762,48.0,60.0,0.08723396934568882,0.9978678226470947,0.9751243591308594,0.9800000190734863,2340.0,2352.0,0.7546948194503784,0.6321048736572266,102.0,734.0,1.1554567741116448,0.10535894334316254,0.12619048357009888,0.5096153616905212,2466.0,106.0
