,accuracy,auc,false_negatives,false_positives,loss,pr,precision,recall,true_negatives,true_positives,val_accuracy,val_auc,val_false_negatives,val_false_positives,val_loss,val_pr,val_precision,val_recall,val_true_negatives,val_true_positives
0,0.90625,0.9647768139839172,220.0,230.0,0.2405911172926426,0.9614851474761963,0.9045643210411072,0.9083333611488342,2170.0,2180.0,0.7288815379142761,0.28104183077812195,1074.0,1224.0,1.1914477778977524,0.08344107121229172,0.01765650138258934,0.020072992891073227,6156.0,22.0
1,0.9549999833106995,0.9905399084091187,87.0,129.0,0.13268475217123826,0.9901553988456726,0.9471744298934937,0.9637500047683716,2271.0,2313.0,0.6944313645362854,0.2474820911884308,1059.0,1531.0,1.2645111397900295,0.08021140843629837,0.02359693869948387,0.03375912457704544,5849.0,37.0
2,0.9662500023841858,0.9948747158050537,72.0,90.0,0.10717036711672942,0.9949705600738525,0.96277916431427,0.9700000286102295,2310.0,2328.0,0.7036337852478027,0.25263723731040955,1060.0,1452.0,1.243395026419848,0.08079909533262253,0.024193547666072845,0.03284671530127525,5928.0,36.0
3,0.972083330154419,0.9962887763977051,57.0,77.0,0.09160642260064682,0.996363639831543,0.9681817889213562,0.9762499928474426,2323.0,2343.0,0.7153138518333435,0.2911831736564636,1089.0,1324.0,1.236790245267905,0.08481234312057495,0.005259203724563122,0.006386861205101013,6056.0,7.0
4,0.9808333516120911,0.9979590773582458,43.0,49.0,0.07597307993099094,0.9980592131614685,0.9796342253684998,0.9820833206176758,2351.0,2357.0,0.6799197793006897,0.25876015424728394,1066.0,1647.0,1.2714299763526034,0.08139568567276001,0.01788908801972866,0.027372263371944427,5733.0,30.0
5,0.98416668176651,0.9987339377403259,38.0,38.0,0.06782216450820366,0.9987682104110718,0.98416668176651,0.98416668176651,2362.0,2362.0,0.6996224522590637,0.29909923672676086,1085.0,1461.0,1.2219606581978666,0.08547955751419067,0.0074728261679410934,0.010036496445536613,5919.0,11.0
