,FN,FP,TN,TP,accuracy,loss,subject_107_FN,subject_107_FP,subject_107_TN,subject_107_TP,subject_107_accuracy,subject_107_loss,subject_109_FN,subject_109_FP,subject_109_TN,subject_109_TP,subject_109_accuracy,subject_109_loss,subject_120_FN,subject_120_FP,subject_120_TN,subject_120_TP,subject_120_accuracy,subject_120_loss,subject_43_FN,subject_43_FP,subject_43_TN,subject_43_TP,subject_43_accuracy,subject_43_loss,subject_52_FN,subject_52_FP,subject_52_TN,subject_52_TP,subject_52_accuracy,subject_52_loss,subject_96_FN,subject_96_FP,subject_96_TN,subject_96_TP,subject_96_accuracy,subject_96_loss,val_FN,val_FP,val_TN,val_TP,val_accuracy,val_loss
0,7.573333263397217,2.553333282470703,13.446666717529297,8.426666259765625,0.6838541626930237,0.884987683693568,0.0,0.0,31.578947067260742,0.0,1.0,0.0004973822903896993,0.0,0.0,31.076923370361328,0.0,1.0,0.013428141722584715,0.0,0.05882352963089943,31.705883026123047,0.0,0.9935185313224792,0.13135025843426032,0.0,0.0,30.545454025268555,0.0,1.0,0.0012866770585311489,0.0,1.2999999523162842,30.5,0.0,0.9606918096542358,0.13273728437393717,0.0,0.3571428656578064,30.64285659790039,0.0,0.9809907674789429,0.08310385748812679,0.0,0.1764705926179886,31.65546226501465,0.0,0.9934002161026001,0.038893382772095225
1,7.573333263397217,2.553333282470703,13.446666717529297,8.426666259765625,0.6838541626930237,0.884987683693568,,,,,,,,,,,,,,,,,,,,,,,,,,,,,,,,,,,,,,,,,,
