,accuracy,auc,false_negatives,false_positives,loss,pr,precision,recall,true_negatives,true_positives,val_accuracy,val_auc,val_false_negatives,val_false_positives,val_loss,val_pr,val_precision,val_recall,val_true_negatives,val_true_positives
0,0.9085416793823242,0.9680556058883667,221.0,218.0,0.2350453551610311,0.9682199954986572,0.9090529680252075,0.9079166650772095,2182.0,2179.0,0.9897043108940125,0.0,0.0,39.0,0.039355459096895605,0.0,0.0,0.0,3749.0,0.0
1,0.9452083110809326,0.9859851598739624,134.0,129.0,0.17385137093563874,0.9863947629928589,0.9461377859115601,0.9441666603088379,2271.0,2266.0,0.9838964939117432,0.0,0.0,61.0,0.07140108672341425,0.0,0.0,0.0,3727.0,0.0
2,0.9585416913032532,0.9923833608627319,96.0,103.0,0.14384249861041704,0.9923299551010132,0.9572081565856934,0.9599999785423279,2297.0,2304.0,0.983632504940033,0.0,0.0,62.0,0.07083962981637328,0.0,0.0,0.0,3726.0,0.0
3,0.9639583230018616,0.9947093725204468,76.0,97.0,0.1291004962970813,0.9948782920837402,0.9599339365959167,0.9683333039283752,2303.0,2324.0,0.9791446924209595,0.0,0.0,79.0,0.07629457338779,0.0,0.0,0.0,3709.0,0.0
4,0.9700000286102295,0.9960507750511169,63.0,81.0,0.117950589209795,0.9961085319519043,0.9665012359619141,0.9737499952316284,2319.0,2337.0,0.9788807034492493,0.0,0.0,80.0,0.08361712931689767,0.0,0.0,0.0,3708.0,0.0
5,0.9783333539962769,0.9976915121078491,51.0,53.0,0.10372985526919365,0.9978175163269043,0.9779350757598877,0.9787499904632568,2347.0,2349.0,0.985216498374939,0.0,0.0,56.0,0.05983993321373948,0.0,0.0,0.0,3732.0,0.0
