,accuracy,auc,false_negatives,false_positives,loss,pr,precision,recall,true_negatives,true_positives,val_accuracy,val_auc,val_false_negatives,val_false_positives,val_loss,val_pr,val_precision,val_recall,val_true_negatives,val_true_positives
0,0.8914583325386047,0.9552268385887146,284.0,237.0,0.2726410959661007,0.9547045230865479,0.8992775082588196,0.8816666603088379,2163.0,2116.0,0.7356064319610596,0.3102971017360687,1093.0,1148.0,0.9400758285070152,0.08700966835021973,0.002606429159641266,0.0027372261974960566,6232.0,3.0
1,0.9427083134651184,0.9866430163383484,143.0,132.0,0.17389012098312379,0.9861503839492798,0.944746732711792,0.940416693687439,2268.0,2257.0,0.6911278963088989,0.278398334980011,1083.0,1535.0,1.0123544885843303,0.0831325352191925,0.008397933095693588,0.011861314065754414,5845.0,13.0
2,0.9627083539962769,0.9940005540847778,86.0,93.0,0.13551854980488617,0.993902862071991,0.9613627195358276,0.9641666412353516,2307.0,2314.0,0.6606889963150024,0.29541438817977905,1064.0,1812.0,1.043526801032354,0.08490991592407227,0.01735357940196991,0.029197080060839653,5568.0,32.0
3,0.9729166626930237,0.9965481162071228,55.0,75.0,0.11495869964361191,0.9964761137962341,0.9690082669258118,0.9770833253860474,2325.0,2345.0,0.6596271991729736,0.3063957989215851,1084.0,1801.0,1.046138974617764,0.08637763559818268,0.00661886390298605,0.010948904789984226,5579.0,12.0
4,0.9754166603088379,0.9973934888839722,55.0,63.0,0.10573366058369478,0.9973411560058594,0.9738371968269348,0.9770833253860474,2337.0,2345.0,0.7019820809364319,0.28583911061286926,1086.0,1440.0,1.0411016916457974,0.08397480100393295,0.006896551698446274,0.009124087169766426,5940.0,10.0
5,0.9852083325386047,0.9988962411880493,31.0,40.0,0.08811329081654548,0.9989280700683594,0.9833955764770508,0.9870833158493042,2360.0,2369.0,0.6872345209121704,0.30451613664627075,1085.0,1566.0,1.0540638312999793,0.08618741482496262,0.006975269410759211,0.010036496445536613,5814.0,11.0
