,accuracy,auc,false_negatives,false_positives,loss,pr,precision,recall,true_negatives,true_positives,val_accuracy,val_auc,val_false_negatives,val_false_positives,val_loss,val_pr,val_precision,val_recall,val_true_negatives,val_true_positives
0,0.9264583587646484,0.9758464097976685,174.0,179.0,0.207371233801047,0.9724337458610535,0.9255717396736145,0.9275000095367432,2221.0,2226.0,0.7013888955116272,0.9519001841545105,11.0,548.0,0.6304598634059613,0.860246479511261,0.2441379278898239,0.9414893388748169,1136.0,177.0
1,0.9479166865348816,0.9849640727043152,111.0,139.0,0.17508601918816566,0.9822382926940918,0.9427512288093567,0.9537500143051147,2261.0,2289.0,0.6169871687889099,0.954002320766449,9.0,708.0,0.781182790413881,0.8574061393737793,0.20180383324623108,0.9521276354789734,976.0,179.0
2,0.9541666507720947,0.9892114996910095,102.0,118.0,0.1548990188539028,0.9864053726196289,0.9511589407920837,0.9574999809265137,2282.0,2298.0,0.6506410241127014,0.9525777101516724,6.0,648.0,0.7587505698713481,0.8421435356140137,0.21927711367607117,0.9680851101875305,1036.0,182.0
3,0.9620833396911621,0.9919701218605042,80.0,102.0,0.14048563450574875,0.9894438982009888,0.9578860402107239,0.9666666388511658,2298.0,2320.0,0.6618589758872986,0.953438401222229,7.0,626.0,0.7145180956930177,0.847339928150177,0.2242874801158905,0.9627659320831299,1058.0,181.0
4,0.9695833325386047,0.9939926266670227,65.0,81.0,0.1263573406636715,0.9915579557418823,0.9664735198020935,0.9729166626930237,2319.0,2335.0,0.56517094373703,0.9551489353179932,3.0,811.0,0.9123204533870404,0.8535075783729553,0.18574297428131104,0.9840425252914429,873.0,185.0
5,0.971666693687439,0.9952732920646667,67.0,69.0,0.11901710368692875,0.9931604862213135,0.9712739586830139,0.972083330154419,2331.0,2333.0,0.5277777910232544,0.9527056217193604,3.0,881.0,0.9935707047454312,0.8406188488006592,0.1735459715127945,0.9840425252914429,803.0,185.0
