,accuracy,auc,false_negatives,false_positives,loss,precision,recall,true_negatives,true_positives,val_accuracy,val_auc,val_false_negatives,val_false_positives,val_loss,val_precision,val_recall,val_true_negatives,val_true_positives
0,0.9245833158493042,0.9732284545898438,174.0,188.0,0.20777965106070043,0.922120988368988,0.9275000095367432,2212.0,2226.0,0.9907602667808533,0.0,0.0,35.0,0.025850719596242577,0.0,0.0,3753.0,0.0
1,0.9541666507720947,0.9919148087501526,99.0,121.0,0.12474278529485067,0.9500412940979004,0.9587500095367432,2279.0,2301.0,0.9838964939117432,0.0,0.0,61.0,0.04944867684398684,0.0,0.0,3727.0,0.0
2,0.971666693687439,0.9969865679740906,67.0,69.0,0.08971299268305302,0.9712739586830139,0.972083330154419,2331.0,2333.0,0.975712776184082,0.0,0.0,92.0,0.08299858713917899,0.0,0.0,3696.0,0.0
3,0.981458306312561,0.9983760714530945,40.0,49.0,0.07264660920947791,0.9796596169471741,0.9833333492279053,2351.0,2360.0,0.9783526659011841,0.0,0.0,82.0,0.06473780482802874,0.0,0.0,3706.0,0.0
4,0.9885416626930237,0.9993010759353638,25.0,30.0,0.060149381260077156,0.987525999546051,0.9895833134651184,2370.0,2375.0,0.9889123439788818,0.0,0.0,42.0,0.03885939777086252,0.0,0.0,3746.0,0.0
5,0.9931250214576721,0.9998971819877625,18.0,15.0,0.044466627053916456,0.9937421679496765,0.9925000071525574,2385.0,2382.0,0.987856388092041,0.0,0.0,46.0,0.03645416514293036,0.0,0.0,3742.0,0.0
