,accuracy,auc,false_negatives,false_positives,loss,precision,recall,true_negatives,true_positives,val_accuracy,val_auc,val_false_negatives,val_false_positives,val_loss,val_precision,val_recall,val_true_negatives,val_true_positives
0,0.9395833611488342,0.9838553071022034,128.0,162.0,0.17147479760150114,0.9334428906440735,0.9466666579246521,2238.0,2272.0,0.795187771320343,0.6452561616897583,136.0,562.0,0.9131308477809171,0.11356467008590698,0.3461538553237915,2638.0,72.0
1,0.9439583420753479,0.9880927205085754,122.0,147.0,0.15287097225586574,0.9393814206123352,0.9491666555404663,2253.0,2278.0,0.8116196990013123,0.6150083541870117,141.0,501.0,0.8804617650072339,0.11795774847269058,0.32211539149284363,2699.0,67.0
2,0.9589583277702332,0.9928696751594543,95.0,102.0,0.12891043866674104,0.9576236009597778,0.9604166746139526,2298.0,2305.0,0.7576290965080261,0.630192220211029,132.0,694.0,0.9832664730963013,0.09870129823684692,0.36538460850715637,2506.0,76.0
3,0.9672916531562805,0.995342493057251,70.0,87.0,0.11250160736342271,0.9640049934387207,0.9708333611488342,2313.0,2330.0,0.7567488551139832,0.6090797781944275,128.0,701.0,1.029892621885443,0.10243277996778488,0.38461539149284363,2499.0,80.0
4,0.9670833349227905,0.9953830242156982,76.0,82.0,0.10905685553948084,0.9659185409545898,0.9683333039283752,2318.0,2324.0,0.7579225301742554,0.609085738658905,128.0,697.0,1.0280268455335233,0.10296010226011276,0.38461539149284363,2503.0,80.0
5,0.9745833277702332,0.9970177412033081,63.0,59.0,0.09966348429520924,0.9753756523132324,0.9737499952316284,2341.0,2337.0,0.8066314458847046,0.6223174333572388,142.0,517.0,0.8997873115427617,0.11320754885673523,0.3173076808452606,2683.0,66.0
6,0.9781249761581421,0.9973809719085693,55.0,50.0,0.09045728874703249,0.9791231751441956,0.9770833253860474,2350.0,2345.0,0.8080986142158508,0.611459493637085,144.0,510.0,0.8984893288970554,0.11149825900793076,0.3076923191547394,2690.0,64.0
