,accuracy,auc,false_negatives,false_positives,loss,precision,recall,true_negatives,true_positives,val_accuracy,val_auc,val_false_negatives,val_false_positives,val_loss,val_precision,val_recall,val_true_negatives,val_true_positives
0,0.9027083516120911,0.9637620449066162,241.0,226.0,0.24367946167786916,0.905241072177887,0.8995833396911621,2174.0,2159.0,0.69572913646698,0.3001357614994049,1072.0,1507.0,1.0746185369455572,0.01567602902650833,0.021897809579968452,5873.0,24.0
1,0.9518749713897705,0.9899501204490662,101.0,130.0,0.14296367714802424,0.9464800357818604,0.9579166769981384,2270.0,2299.0,0.6872345209121704,0.31528159976005554,1062.0,1589.0,1.0451809208648506,0.0209488607943058,0.031021898612380028,5791.0,34.0
2,0.9708333611488342,0.9963429570198059,63.0,77.0,0.10567157790064811,0.968102753162384,0.9737499952316284,2323.0,2337.0,0.7195611000061035,0.3188048303127289,1076.0,1301.0,1.0228049325852981,0.015140045434236526,0.018248174339532852,6079.0,20.0
3,0.9743750095367432,0.9972260594367981,48.0,75.0,0.09482369688649972,0.9690976738929749,0.9800000190734863,2325.0,2352.0,0.7324209809303284,0.3265376091003418,1072.0,1196.0,1.0074978077844834,0.019672131165862083,0.021897809579968452,6184.0,24.0
4,0.98458331823349,0.9987165331840515,26.0,48.0,0.07905788732071718,0.9801816940307617,0.9891666769981384,2352.0,2374.0,0.7036337852478027,0.3161122500896454,1055.0,1457.0,1.0564183668603082,0.027369827032089233,0.03740875795483589,5923.0,41.0
5,0.9858333468437195,0.9990942478179932,23.0,45.0,0.06862684686978658,0.9814203381538391,0.9904166460037231,2355.0,2377.0,0.7251061797142029,0.3119222819805145,1062.0,1268.0,1.0870068521643652,0.02611367218196392,0.031021898612380028,6112.0,34.0
6,0.9887499809265137,0.9996015429496765,29.0,25.0,0.05941632221142451,0.9895659685134888,0.9879166483879089,2375.0,2371.0,0.7319490313529968,0.34746113419532776,1078.0,1194.0,1.0495920791103908,0.014851485379040241,0.016423357650637627,6186.0,18.0
7,0.9925000071525574,0.9996566772460938,11.0,25.0,0.0561538702249527,0.9896437525749207,0.9954166412353516,2375.0,2389.0,0.7420953512191772,0.3200259506702423,1071.0,1115.0,1.1190528111280051,0.021929824724793434,0.02281021885573864,6265.0,25.0
8,0.9916666746139526,0.999626636505127,15.0,25.0,0.055233770546813804,0.9896265268325806,0.9937499761581421,2375.0,2385.0,0.7155497670173645,0.3248884975910187,1067.0,1344.0,1.102798800133151,0.021121632307767868,0.02645985409617424,6036.0,29.0
