,accuracy,auc,false_negatives,false_positives,loss,precision,recall,true_negatives,true_positives,val_accuracy,val_auc,val_false_negatives,val_false_positives,val_loss,val_precision,val_recall,val_true_negatives,val_true_positives
0,0.7793750166893005,0.8530135154724121,330.0,376.0,0.5025625015795231,0.7715674638748169,0.793749988079071,1224.0,1270.0,0.7812280058860779,0.8152695298194885,1403.0,1084.0,0.5217482738726412,0.5197164416313171,0.4553571343421936,7708.0,1173.0
1,0.9165624976158142,0.9746255874633789,85.0,182.0,0.22447911895811556,0.892751932144165,0.9468749761581421,1418.0,1515.0,0.7566854357719421,0.7716995477676392,1444.0,1322.0,0.5845342277536755,0.4612877070903778,0.4394409954547882,7470.0,1132.0
2,0.9587500095367432,0.9932366609573364,39.0,93.0,0.14765087466686963,0.9437726736068726,0.9756249785423279,1507.0,1561.0,0.7517593502998352,0.7682414054870605,1486.0,1336.0,0.5950197724705427,0.44929924607276917,0.4231366515159607,7456.0,1090.0
3,0.9775000214576721,0.9974452257156372,28.0,44.0,0.10643055882304907,0.9727723002433777,0.9825000166893005,1556.0,1572.0,0.7536945939064026,0.7373227477073669,1529.0,1271.0,0.6546644499652575,0.4516824781894684,0.40644410252571106,7521.0,1047.0
4,0.9840624928474426,0.9987068176269531,15.0,36.0,0.08940777260810137,0.9777914881706238,0.9906250238418579,1564.0,1585.0,0.7519352436065674,0.7387022972106934,1434.0,1386.0,0.6547278943907451,0.4517405033111572,0.4433229863643646,7406.0,1142.0
5,0.9931250214576721,0.9996089339256287,6.0,16.0,0.06637926200404763,0.9900621175765991,0.9962499737739563,1584.0,1594.0,0.7506157755851746,0.7638365626335144,1442.0,1393.0,0.647203109744231,0.4487534761428833,0.44021740555763245,7399.0,1134.0
