,accuracy,auc,false_negatives,false_positives,loss,precision,recall,true_negatives,true_positives,val_accuracy,val_auc,val_false_negatives,val_false_positives,val_loss,val_precision,val_recall,val_true_negatives,val_true_positives
0,0.8602272868156433,0.9366676807403564,290.0,325.0,0.3361798556284471,0.854586124420166,0.8681818246841431,1875.0,1910.0,0.736309289932251,0.6403694748878479,1307.0,1428.0,0.5048380762602986,0.17789292335510254,0.19121287763118744,7328.0,309.0
1,0.9370454549789429,0.9853416085243225,121.0,156.0,0.20961851802739231,0.9302013516426086,0.9449999928474426,2044.0,2079.0,0.724739670753479,0.6272875070571899,1270.0,1585.0,0.59075404861651,0.179181769490242,0.2141089141368866,7171.0,346.0
2,0.964090883731842,0.9947848916053772,52.0,106.0,0.1587942216613076,0.9529724717140198,0.9763636589050293,2094.0,2148.0,0.6918627023696899,0.6159696578979492,1149.0,2047.0,0.6606791613877072,0.1857597380876541,0.28898516297340393,6709.0,467.0
3,0.9756818413734436,0.9977802038192749,34.0,73.0,0.12894341192462228,0.9673961400985718,0.9845454692840576,2127.0,2166.0,0.7032395005226135,0.6151750683784485,1179.0,1899.0,0.6768522667944592,0.18707191944122314,0.27042078971862793,6857.0,437.0
4,0.9854545593261719,0.9991161227226257,24.0,40.0,0.10622631731358441,0.9819494485855103,0.9890909194946289,2160.0,2176.0,0.728114128112793,0.6574712991714478,1182.0,1638.0,0.636800752429028,0.20945945382118225,0.2685643434524536,7118.0,434.0
5,0.9863636493682861,0.9991232752799988,28.0,32.0,0.09923478616909548,0.9854809641838074,0.9872727394104004,2168.0,2172.0,0.7048785090446472,0.6149032711982727,1172.0,1889.0,0.6983296980142502,0.19031290709972382,0.2747524678707123,6867.0,444.0
