,accuracy,auc,false_negatives,false_positives,loss,precision,recall,true_negatives,true_positives,val_accuracy,val_auc,val_false_negatives,val_false_positives,val_loss,val_precision,val_recall,val_true_negatives,val_true_positives
0,0.9010416865348816,0.9621751308441162,250.0,225.0,0.25129421169559163,0.9052631855010986,0.8958333134651184,2175.0,2150.0,0.883109986782074,0.8845686912536621,318.0,345.0,0.28757379009626144,0.592680037021637,0.6121951341629028,4507.0,502.0
1,0.9285416603088379,0.980633020401001,179.0,164.0,0.19663197162250678,0.9312369227409363,0.9254166483879089,2236.0,2221.0,0.8868123888969421,0.874462366104126,389.0,253.0,0.2859849575880721,0.6301169395446777,0.5256097316741943,4599.0,431.0
2,0.9393749833106995,0.9873875379562378,156.0,135.0,0.16987567578752835,0.9432534575462341,0.9350000023841858,2265.0,2244.0,0.8891043663024902,0.8819001913070679,373.0,256.0,0.27878469804614486,0.6358463764190674,0.545121967792511,4596.0,447.0
3,0.9554166793823242,0.9911475777626038,105.0,109.0,0.15042587839066981,0.9546589255332947,0.956250011920929,2291.0,2295.0,0.8778208494186401,0.8701310157775879,349.0,344.0,0.30258897207519736,0.5779141187667847,0.5743902325630188,4508.0,471.0
4,0.9610416889190674,0.9940723776817322,97.0,90.0,0.13498467698693276,0.9623903036117554,0.9595833420753479,2310.0,2303.0,0.8772919774055481,0.8643308281898499,353.0,343.0,0.3075002268776403,0.5765432119369507,0.5695121884346008,4509.0,467.0
5,0.96895831823349,0.9952623844146729,68.0,81.0,0.12406383126974106,0.9664318561553955,0.971666693687439,2319.0,2332.0,0.8811706900596619,0.8870629668235779,318.0,356.0,0.2887307699711938,0.5850815773010254,0.6121951341629028,4496.0,502.0
6,0.9752083420753479,0.9973021745681763,68.0,51.0,0.1108115212370952,0.978598415851593,0.971666693687439,2349.0,2332.0,0.8829337358474731,0.8907301425933838,275.0,389.0,0.2915506752152705,0.5835117697715759,0.6646341681480408,4463.0,545.0
7,0.9802083373069763,0.9979944825172424,51.0,44.0,0.10164480408032735,0.981613039970398,0.9787499904632568,2356.0,2349.0,0.880641758441925,0.8835901021957397,291.0,386.0,0.2974714780349826,0.5781420469284058,0.6451219320297241,4466.0,529.0
